{"type":"FeatureCollection","dataAsOf":"2026-09-18T10:54:21Z","sourceUrl":"https://www.openstreetmap.org/copyright","license":"ODbL 1.0","licenseUrl":"https://opendatacommons.org/licenses/odbl/1-0/","note":"Selected OSM features in Cologne. Named trees only; per-theme limits apply. Area coordinates are bounding-box centers, not entrances.","features":[{"type":"Feature","id":"osm-way-625326353","geometry":{"type":"Point","coordinates":[6.8640397,50.958672]},"properties":{"theme":"botanical","name":"Schaugarten Mpipz","place":"Köln","isDemo":false,"source":"© OpenStreetMap-Mitwirkende","sourceUrl":"https://www.openstreetmap.org/way/625326353","license":"ODbL 1.0","licenseUrl":"https://opendatacommons.org/licenses/odbl/1-0/","dataAsOf":"2026-09-18T10:54:21Z","positionNote":"Mittelpunkt des OSM-Umgrenzungsrechtecks; kein Eingang"}},{"type":"Feature","id":"osm-node-616732063","geometry":{"type":"Point","coordinates":[6.9167306,50.943176]},"properties":{"theme":"cemeteries","name":"Alter Ehrenfelder Friedhof","place":"Köln","isDemo":false,"source":"© OpenStreetMap-Mitwirkende","sourceUrl":"https://www.openstreetmap.org/node/616732063","license":"ODbL 1.0","licenseUrl":"https://opendatacommons.org/licenses/odbl/1-0/","dataAsOf":"2026-09-18T10:54:21Z","positionNote":"OSM-Punktstandort","wikidataUrl":"https://www.wikidata.org/wiki/Q27676245"}},{"type":"Feature","id":"osm-relation-230053","geometry":{"type":"Point","coordinates":[7.0860341,50.8910757]},"properties":{"theme":"cemeteries","name":"Friedhof Leidenhausen","place":"Köln","isDemo":false,"source":"© OpenStreetMap-Mitwirkende","sourceUrl":"https://www.openstreetmap.org/relation/230053","license":"ODbL 1.0","licenseUrl":"https://opendatacommons.org/licenses/odbl/1-0/","dataAsOf":"2026-09-18T10:54:21Z","positionNote":"Mittelpunkt des OSM-Umgrenzungsrechtecks; kein Eingang"}},{"type":"Feature","id":"osm-relation-368099","geometry":{"type":"Point","coordinates":[6.9360513,50.898135]},"properties":{"theme":"cemeteries","name":"Südfriedhof","place":"Köln","isDemo":false,"source":"© OpenStreetMap-Mitwirkende","sourceUrl":"https://www.openstreetmap.org/relation/368099","license":"ODbL 1.0","licenseUrl":"https://opendatacommons.org/licenses/odbl/1-0/","dataAsOf":"2026-09-18T10:54:21Z","positionNote":"Mittelpunkt des OSM-Umgrenzungsrechtecks; kein Eingang","wikidataUrl":"https://www.wikidata.org/wiki/Q2380756"}},{"type":"Feature","id":"osm-way-1163097915","geometry":{"type":"Point","coordinates":[6.9537246,51.0262667]},"properties":{"theme":"cemeteries","name":"Friedhof Köln-Merkenich","place":"Köln","isDemo":false,"source":"© OpenStreetMap-Mitwirkende","sourceUrl":"https://www.openstreetmap.org/way/1163097915","license":"ODbL 1.0","licenseUrl":"https://opendatacommons.org/licenses/odbl/1-0/","dataAsOf":"2026-09-18T10:54:21Z","positionNote":"Mittelpunkt des OSM-Umgrenzungsrechtecks; kein Eingang"}},{"type":"Feature","id":"osm-way-117656479","geometry":{"type":"Point","coordinates":[6.9073883,51.0352085]},"properties":{"theme":"cemeteries","name":"Friedhof Fühlingen","place":"Köln","isDemo":false,"source":"© OpenStreetMap-Mitwirkende","sourceUrl":"https://www.openstreetmap.org/way/117656479","license":"ODbL 1.0","licenseUrl":"https://opendatacommons.org/licenses/odbl/1-0/","dataAsOf":"2026-09-18T10:54:21Z","positionNote":"Mittelpunkt des OSM-Umgrenzungsrechtecks; kein Eingang"}},{"type":"Feature","id":"osm-way-125913335","geometry":{"type":"Point","coordinates":[6.9881977,50.8953719]},"properties":{"theme":"cemeteries","name":"Alter Friedhof","place":"Köln","isDemo":false,"source":"© OpenStreetMap-Mitwirkende","sourceUrl":"https://www.openstreetmap.org/way/125913335","license":"ODbL 1.0","licenseUrl":"https://opendatacommons.org/licenses/odbl/1-0/","dataAsOf":"2026-09-18T10:54:21Z","positionNote":"Mittelpunkt des OSM-Umgrenzungsrechtecks; kein Eingang"}},{"type":"Feature","id":"osm-way-141253003","geometry":{"type":"Point","coordinates":[7.018774,50.9165709]},"properties":{"theme":"cemeteries","name":"Gedenkstätte für Opfer von Krieg und Gewaltherrschaft","place":"Köln","isDemo":false,"source":"© OpenStreetMap-Mitwirkende","sourceUrl":"https://www.openstreetmap.org/way/141253003","license":"ODbL 1.0","licenseUrl":"https://opendatacommons.org/licenses/odbl/1-0/","dataAsOf":"2026-09-18T10:54:21Z","positionNote":"Mittelpunkt des OSM-Umgrenzungsrechtecks; kein Eingang"}},{"type":"Feature","id":"osm-way-141253007","geometry":{"type":"Point","coordinates":[7.0244595,50.947358]},"properties":{"theme":"cemeteries","name":"Mülheimer Friedhof","place":"Köln","isDemo":false,"source":"© OpenStreetMap-Mitwirkende","sourceUrl":"https://www.openstreetmap.org/way/141253007","license":"ODbL 1.0","licenseUrl":"https://opendatacommons.org/licenses/odbl/1-0/","dataAsOf":"2026-09-18T10:54:21Z","positionNote":"Mittelpunkt des OSM-Umgrenzungsrechtecks; kein Eingang","wikidataUrl":"https://www.wikidata.org/wiki/Q1719124"}},{"type":"Feature","id":"osm-way-143542051","geometry":{"type":"Point","coordinates":[6.981794,50.9280909]},"properties":{"theme":"cemeteries","name":"Jüdischer Friedhof Deutz","place":"Köln","isDemo":false,"source":"© OpenStreetMap-Mitwirkende","sourceUrl":"https://www.openstreetmap.org/way/143542051","license":"ODbL 1.0","licenseUrl":"https://opendatacommons.org/licenses/odbl/1-0/","dataAsOf":"2026-09-18T10:54:21Z","positionNote":"Mittelpunkt des OSM-Umgrenzungsrechtecks; kein Eingang","wikidataUrl":"https://www.wikidata.org/wiki/Q831747"}},{"type":"Feature","id":"osm-way-143547241","geometry":{"type":"Point","coordinates":[6.9880108,50.9250584]},"properties":{"theme":"cemeteries","name":"Deutzer Friedhof","place":"Köln","isDemo":false,"source":"© OpenStreetMap-Mitwirkende","sourceUrl":"https://www.openstreetmap.org/way/143547241","license":"ODbL 1.0","licenseUrl":"https://opendatacommons.org/licenses/odbl/1-0/","dataAsOf":"2026-09-18T10:54:21Z","positionNote":"Mittelpunkt des OSM-Umgrenzungsrechtecks; kein Eingang","wikidataUrl":"https://www.wikidata.org/wiki/Q1206575"}},{"type":"Feature","id":"osm-way-145689994","geometry":{"type":"Point","coordinates":[7.0434428,50.9460851]},"properties":{"theme":"cemeteries","name":"Kalker Friedhof","place":"Köln","isDemo":false,"source":"© OpenStreetMap-Mitwirkende","sourceUrl":"https://www.openstreetmap.org/way/145689994","license":"ODbL 1.0","licenseUrl":"https://opendatacommons.org/licenses/odbl/1-0/","dataAsOf":"2026-09-18T10:54:21Z","positionNote":"Mittelpunkt des OSM-Umgrenzungsrechtecks; kein Eingang","wikidataUrl":"https://www.wikidata.org/wiki/Q1722358"}},{"type":"Feature","id":"osm-way-154645763","geometry":{"type":"Point","coordinates":[6.8741612,50.9733]},"properties":{"theme":"cemeteries","name":"Muslimisches Gräberfeld","place":"Köln","isDemo":false,"source":"© OpenStreetMap-Mitwirkende","sourceUrl":"https://www.openstreetmap.org/way/154645763","license":"ODbL 1.0","licenseUrl":"https://opendatacommons.org/licenses/odbl/1-0/","dataAsOf":"2026-09-18T10:54:21Z","positionNote":"Mittelpunkt des OSM-Umgrenzungsrechtecks; kein Eingang"}},{"type":"Feature","id":"osm-way-163690993","geometry":{"type":"Point","coordinates":[7.0032481,50.8419983]},"properties":{"theme":"cemeteries","name":"Friedhof Langel","place":"Köln","isDemo":false,"source":"© OpenStreetMap-Mitwirkende","sourceUrl":"https://www.openstreetmap.org/way/163690993","license":"ODbL 1.0","licenseUrl":"https://opendatacommons.org/licenses/odbl/1-0/","dataAsOf":"2026-09-18T10:54:21Z","positionNote":"Mittelpunkt des OSM-Umgrenzungsrechtecks; kein Eingang"}},{"type":"Feature","id":"osm-way-164391674","geometry":{"type":"Point","coordinates":[7.1101515,50.8661678]},"properties":{"theme":"cemeteries","name":"Militärfriedhof Köln-Wahn","place":"Köln","isDemo":false,"source":"© OpenStreetMap-Mitwirkende","sourceUrl":"https://www.openstreetmap.org/way/164391674","license":"ODbL 1.0","licenseUrl":"https://opendatacommons.org/licenses/odbl/1-0/","dataAsOf":"2026-09-18T10:54:21Z","positionNote":"Mittelpunkt des OSM-Umgrenzungsrechtecks; kein Eingang"}},{"type":"Feature","id":"osm-way-185734519","geometry":{"type":"Point","coordinates":[7.0707424,50.8363404]},"properties":{"theme":"cemeteries","name":"Friedhof Libur","place":"Köln","isDemo":false,"source":"© OpenStreetMap-Mitwirkende","sourceUrl":"https://www.openstreetmap.org/way/185734519","license":"ODbL 1.0","licenseUrl":"https://opendatacommons.org/licenses/odbl/1-0/","dataAsOf":"2026-09-18T10:54:21Z","positionNote":"Mittelpunkt des OSM-Umgrenzungsrechtecks; kein Eingang"}},{"type":"Feature","id":"osm-way-199765110","geometry":{"type":"Point","coordinates":[7.0148979,50.8987202]},"properties":{"theme":"cemeteries","name":"Friedhof Westhoven","place":"Köln","isDemo":false,"source":"© OpenStreetMap-Mitwirkende","sourceUrl":"https://www.openstreetmap.org/way/199765110","license":"ODbL 1.0","licenseUrl":"https://opendatacommons.org/licenses/odbl/1-0/","dataAsOf":"2026-09-18T10:54:21Z","positionNote":"Mittelpunkt des OSM-Umgrenzungsrechtecks; kein Eingang"}},{"type":"Feature","id":"osm-way-207900007","geometry":{"type":"Point","coordinates":[7.0587325,50.8715916]},"properties":{"theme":"cemeteries","name":"Alter Judenfriedhof","place":"Köln","isDemo":false,"source":"© OpenStreetMap-Mitwirkende","sourceUrl":"https://www.openstreetmap.org/way/207900007","license":"ODbL 1.0","licenseUrl":"https://opendatacommons.org/licenses/odbl/1-0/","dataAsOf":"2026-09-18T10:54:21Z","positionNote":"Mittelpunkt des OSM-Umgrenzungsrechtecks; kein Eingang"}},{"type":"Feature","id":"osm-way-218662264","geometry":{"type":"Point","coordinates":[6.828589,50.9404389]},"properties":{"theme":"cemeteries","name":"Alter Friedhof","place":"Köln","isDemo":false,"source":"© OpenStreetMap-Mitwirkende","sourceUrl":"https://www.openstreetmap.org/way/218662264","license":"ODbL 1.0","licenseUrl":"https://opendatacommons.org/licenses/odbl/1-0/","dataAsOf":"2026-09-18T10:54:21Z","positionNote":"Mittelpunkt des OSM-Umgrenzungsrechtecks; kein Eingang"}},{"type":"Feature","id":"osm-way-223378396","geometry":{"type":"Point","coordinates":[6.9305839,50.8581563]},"properties":{"theme":"cemeteries","name":"Friedhof Meschenich","place":"Köln","isDemo":false,"source":"© OpenStreetMap-Mitwirkende","sourceUrl":"https://www.openstreetmap.org/way/223378396","license":"ODbL 1.0","licenseUrl":"https://opendatacommons.org/licenses/odbl/1-0/","dataAsOf":"2026-09-18T10:54:21Z","positionNote":"Mittelpunkt des OSM-Umgrenzungsrechtecks; kein Eingang"}},{"type":"Feature","id":"osm-way-225547492","geometry":{"type":"Point","coordinates":[6.8856229,51.0228003]},"properties":{"theme":"cemeteries","name":"Friedhof Weiler","place":"Köln","isDemo":false,"source":"© OpenStreetMap-Mitwirkende","sourceUrl":"https://www.openstreetmap.org/way/225547492","license":"ODbL 1.0","licenseUrl":"https://opendatacommons.org/licenses/odbl/1-0/","dataAsOf":"2026-09-18T10:54:21Z","positionNote":"Mittelpunkt des OSM-Umgrenzungsrechtecks; kein Eingang"}},{"type":"Feature","id":"osm-way-22690847","geometry":{"type":"Point","coordinates":[6.86078,50.9759345]},"properties":{"theme":"cemeteries","name":"Friedhof Bocklemünd","place":"Köln","isDemo":false,"source":"© OpenStreetMap-Mitwirkende","sourceUrl":"https://www.openstreetmap.org/way/22690847","license":"ODbL 1.0","licenseUrl":"https://opendatacommons.org/licenses/odbl/1-0/","dataAsOf":"2026-09-18T10:54:21Z","positionNote":"Mittelpunkt des OSM-Umgrenzungsrechtecks; kein Eingang"}},{"type":"Feature","id":"osm-way-22818607","geometry":{"type":"Point","coordinates":[6.9373812,50.9804961]},"properties":{"theme":"cemeteries","name":"Nordfriedhof (neuer Teil)","place":"Köln","isDemo":false,"source":"© OpenStreetMap-Mitwirkende","sourceUrl":"https://www.openstreetmap.org/way/22818607","license":"ODbL 1.0","licenseUrl":"https://opendatacommons.org/licenses/odbl/1-0/","dataAsOf":"2026-09-18T10:54:21Z","positionNote":"Mittelpunkt des OSM-Umgrenzungsrechtecks; kein Eingang"}},{"type":"Feature","id":"osm-way-22818613","geometry":{"type":"Point","coordinates":[6.9418995,50.9772191]},"properties":{"theme":"cemeteries","name":"Nordfriedhof","place":"Köln","isDemo":false,"source":"© OpenStreetMap-Mitwirkende","sourceUrl":"https://www.openstreetmap.org/way/22818613","license":"ODbL 1.0","licenseUrl":"https://opendatacommons.org/licenses/odbl/1-0/","dataAsOf":"2026-09-18T10:54:21Z","positionNote":"Mittelpunkt des OSM-Umgrenzungsrechtecks; kein Eingang","wikidataUrl":"https://www.wikidata.org/wiki/Q1724207"}},{"type":"Feature","id":"osm-way-22977912","geometry":{"type":"Point","coordinates":[6.8719392,50.9721603]},"properties":{"theme":"cemeteries","name":"Jüdischer Friedhof Köln-Bocklemünd","place":"Köln","isDemo":false,"source":"© OpenStreetMap-Mitwirkende","sourceUrl":"https://www.openstreetmap.org/way/22977912","license":"ODbL 1.0","licenseUrl":"https://opendatacommons.org/licenses/odbl/1-0/","dataAsOf":"2026-09-18T10:54:21Z","positionNote":"Mittelpunkt des OSM-Umgrenzungsrechtecks; kein Eingang","wikidataUrl":"https://www.wikidata.org/wiki/Q1716709"}},{"type":"Feature","id":"osm-way-23170244","geometry":{"type":"Point","coordinates":[6.8588637,51.0613802]},"properties":{"theme":"cemeteries","name":"Friedhof Worringen","place":"Köln","isDemo":false,"source":"© OpenStreetMap-Mitwirkende","sourceUrl":"https://www.openstreetmap.org/way/23170244","license":"ODbL 1.0","licenseUrl":"https://opendatacommons.org/licenses/odbl/1-0/","dataAsOf":"2026-09-18T10:54:21Z","positionNote":"Mittelpunkt des OSM-Umgrenzungsrechtecks; kein Eingang"}},{"type":"Feature","id":"osm-way-23693791","geometry":{"type":"Point","coordinates":[6.8821971,50.9396205]},"properties":{"theme":"cemeteries","name":"Friedhof Müngersdorf","place":"Köln","isDemo":false,"source":"© OpenStreetMap-Mitwirkende","sourceUrl":"https://www.openstreetmap.org/way/23693791","license":"ODbL 1.0","licenseUrl":"https://opendatacommons.org/licenses/odbl/1-0/","dataAsOf":"2026-09-18T10:54:21Z","positionNote":"Mittelpunkt des OSM-Umgrenzungsrechtecks; kein Eingang"}},{"type":"Feature","id":"osm-way-24321472","geometry":{"type":"Point","coordinates":[6.8762277,51.0183677]},"properties":{"theme":"cemeteries","name":"Friedhof Chorweiler","place":"Köln","isDemo":false,"source":"© OpenStreetMap-Mitwirkende","sourceUrl":"https://www.openstreetmap.org/way/24321472","license":"ODbL 1.0","licenseUrl":"https://opendatacommons.org/licenses/odbl/1-0/","dataAsOf":"2026-09-18T10:54:21Z","positionNote":"Mittelpunkt des OSM-Umgrenzungsrechtecks; kein Eingang"}},{"type":"Feature","id":"osm-way-24648443","geometry":{"type":"Point","coordinates":[6.857287,50.9338619]},"properties":{"theme":"cemeteries","name":"Alter Friedhof","place":"Köln","isDemo":false,"source":"© OpenStreetMap-Mitwirkende","sourceUrl":"https://www.openstreetmap.org/way/24648443","license":"ODbL 1.0","licenseUrl":"https://opendatacommons.org/licenses/odbl/1-0/","dataAsOf":"2026-09-18T10:54:21Z","positionNote":"Mittelpunkt des OSM-Umgrenzungsrechtecks; kein Eingang"}},{"type":"Feature","id":"osm-way-24679739","geometry":{"type":"Point","coordinates":[6.8574999,51.0165222]},"properties":{"theme":"cemeteries","name":"Friedhof Esch","place":"Köln","isDemo":false,"source":"© OpenStreetMap-Mitwirkende","sourceUrl":"https://www.openstreetmap.org/way/24679739","license":"ODbL 1.0","licenseUrl":"https://opendatacommons.org/licenses/odbl/1-0/","dataAsOf":"2026-09-18T10:54:21Z","positionNote":"Mittelpunkt des OSM-Umgrenzungsrechtecks; kein Eingang"}},{"type":"Feature","id":"osm-way-250363440","geometry":{"type":"Point","coordinates":[6.8181395,50.9438646]},"properties":{"theme":"cemeteries","name":"Friedhof Lövenich","place":"Köln","isDemo":false,"source":"© OpenStreetMap-Mitwirkende","sourceUrl":"https://www.openstreetmap.org/way/250363440","license":"ODbL 1.0","licenseUrl":"https://opendatacommons.org/licenses/odbl/1-0/","dataAsOf":"2026-09-18T10:54:21Z","positionNote":"Mittelpunkt des OSM-Umgrenzungsrechtecks; kein Eingang"}},{"type":"Feature","id":"osm-way-25204023","geometry":{"type":"Point","coordinates":[6.8579432,50.9286412]},"properties":{"theme":"cemeteries","name":"Neuer Friedhof","place":"Köln","isDemo":false,"source":"© OpenStreetMap-Mitwirkende","sourceUrl":"https://www.openstreetmap.org/way/25204023","license":"ODbL 1.0","licenseUrl":"https://opendatacommons.org/licenses/odbl/1-0/","dataAsOf":"2026-09-18T10:54:21Z","positionNote":"Mittelpunkt des OSM-Umgrenzungsrechtecks; kein Eingang"}},{"type":"Feature","id":"osm-way-25298784","geometry":{"type":"Point","coordinates":[7.0630359,50.8882079]},"properties":{"theme":"cemeteries","name":"Friedhof Porz","place":"Köln","isDemo":false,"source":"© OpenStreetMap-Mitwirkende","sourceUrl":"https://www.openstreetmap.org/way/25298784","license":"ODbL 1.0","licenseUrl":"https://opendatacommons.org/licenses/odbl/1-0/","dataAsOf":"2026-09-18T10:54:21Z","positionNote":"Mittelpunkt des OSM-Umgrenzungsrechtecks; kein Eingang"}},{"type":"Feature","id":"osm-way-25488503","geometry":{"type":"Point","coordinates":[7.0799379,50.8897231]},"properties":{"theme":"cemeteries","name":"Friedhof Eil","place":"Köln","isDemo":false,"source":"© OpenStreetMap-Mitwirkende","sourceUrl":"https://www.openstreetmap.org/way/25488503","license":"ODbL 1.0","licenseUrl":"https://opendatacommons.org/licenses/odbl/1-0/","dataAsOf":"2026-09-18T10:54:21Z","positionNote":"Mittelpunkt des OSM-Umgrenzungsrechtecks; kein Eingang"}},{"type":"Feature","id":"osm-way-25870664","geometry":{"type":"Point","coordinates":[6.910544,50.9931913]},"properties":{"theme":"cemeteries","name":"Longericher Friedhof","place":"Köln","isDemo":false,"source":"© OpenStreetMap-Mitwirkende","sourceUrl":"https://www.openstreetmap.org/way/25870664","license":"ODbL 1.0","licenseUrl":"https://opendatacommons.org/licenses/odbl/1-0/","dataAsOf":"2026-09-18T10:54:21Z","positionNote":"Mittelpunkt des OSM-Umgrenzungsrechtecks; kein Eingang"}},{"type":"Feature","id":"osm-way-26184996","geometry":{"type":"Point","coordinates":[7.0772612,50.9735814]},"properties":{"theme":"cemeteries","name":"Friedhof Dellbrück","place":"Köln","isDemo":false,"source":"© OpenStreetMap-Mitwirkende","sourceUrl":"https://www.openstreetmap.org/way/26184996","license":"ODbL 1.0","licenseUrl":"https://opendatacommons.org/licenses/odbl/1-0/","dataAsOf":"2026-09-18T10:54:21Z","positionNote":"Mittelpunkt des OSM-Umgrenzungsrechtecks; kein Eingang"}},{"type":"Feature","id":"osm-way-26458381","geometry":{"type":"Point","coordinates":[7.0861282,50.9198193]},"properties":{"theme":"cemeteries","name":"Friedhof Rath-Heumar","place":"Köln","isDemo":false,"source":"© OpenStreetMap-Mitwirkende","sourceUrl":"https://www.openstreetmap.org/way/26458381","license":"ODbL 1.0","licenseUrl":"https://opendatacommons.org/licenses/odbl/1-0/","dataAsOf":"2026-09-18T10:54:21Z","positionNote":"Mittelpunkt des OSM-Umgrenzungsrechtecks; kein Eingang"}},{"type":"Feature","id":"osm-way-26575856","geometry":{"type":"Point","coordinates":[7.0444876,50.9650334]},"properties":{"theme":"cemeteries","name":"Friedhof Holweide","place":"Köln","isDemo":false,"source":"© OpenStreetMap-Mitwirkende","sourceUrl":"https://www.openstreetmap.org/way/26575856","license":"ODbL 1.0","licenseUrl":"https://opendatacommons.org/licenses/odbl/1-0/","dataAsOf":"2026-09-18T10:54:21Z","positionNote":"Mittelpunkt des OSM-Umgrenzungsrechtecks; kein Eingang"}},{"type":"Feature","id":"osm-way-26931817","geometry":{"type":"Point","coordinates":[6.9560406,50.9897844]},"properties":{"theme":"cemeteries","name":"Friedhof Köln-Niehl","place":"Köln","isDemo":false,"source":"© OpenStreetMap-Mitwirkende","sourceUrl":"https://www.openstreetmap.org/way/26931817","license":"ODbL 1.0","licenseUrl":"https://opendatacommons.org/licenses/odbl/1-0/","dataAsOf":"2026-09-18T10:54:21Z","positionNote":"Mittelpunkt des OSM-Umgrenzungsrechtecks; kein Eingang"}},{"type":"Feature","id":"osm-way-27291103","geometry":{"type":"Point","coordinates":[6.9268612,50.9254825]},"properties":{"theme":"cemeteries","name":"Geusenfriedhof","place":"Köln","isDemo":false,"source":"© OpenStreetMap-Mitwirkende","sourceUrl":"https://www.openstreetmap.org/way/27291103","license":"ODbL 1.0","licenseUrl":"https://opendatacommons.org/licenses/odbl/1-0/","dataAsOf":"2026-09-18T10:54:21Z","positionNote":"Mittelpunkt des OSM-Umgrenzungsrechtecks; kein Eingang","wikidataUrl":"https://www.wikidata.org/wiki/Q1520210"}},{"type":"Feature","id":"osm-way-27411451","geometry":{"type":"Point","coordinates":[7.0798563,50.9633712]},"properties":{"theme":"cemeteries","name":"Ostfriedhof","place":"Köln","isDemo":false,"source":"© OpenStreetMap-Mitwirkende","sourceUrl":"https://www.openstreetmap.org/way/27411451","license":"ODbL 1.0","licenseUrl":"https://opendatacommons.org/licenses/odbl/1-0/","dataAsOf":"2026-09-18T10:54:21Z","positionNote":"Mittelpunkt des OSM-Umgrenzungsrechtecks; kein Eingang","wikidataUrl":"https://www.wikidata.org/wiki/Q387544"}},{"type":"Feature","id":"osm-way-27429870","geometry":{"type":"Point","coordinates":[7.0421896,50.868216]},"properties":{"theme":"cemeteries","name":"Friedhof Niederzündorf","place":"Köln","isDemo":false,"source":"© OpenStreetMap-Mitwirkende","sourceUrl":"https://www.openstreetmap.org/way/27429870","license":"ODbL 1.0","licenseUrl":"https://opendatacommons.org/licenses/odbl/1-0/","dataAsOf":"2026-09-18T10:54:21Z","positionNote":"Mittelpunkt des OSM-Umgrenzungsrechtecks; kein Eingang"}},{"type":"Feature","id":"osm-way-27523527","geometry":{"type":"Point","coordinates":[6.8196191,50.9397836]},"properties":{"theme":"cemeteries","name":"Neuer Friedhof","place":"Köln","isDemo":false,"source":"© OpenStreetMap-Mitwirkende","sourceUrl":"https://www.openstreetmap.org/way/27523527","license":"ODbL 1.0","licenseUrl":"https://opendatacommons.org/licenses/odbl/1-0/","dataAsOf":"2026-09-18T10:54:21Z","positionNote":"Mittelpunkt des OSM-Umgrenzungsrechtecks; kein Eingang"}},{"type":"Feature","id":"osm-way-284299176","geometry":{"type":"Point","coordinates":[6.878965,50.9714085]},"properties":{"theme":"cemeteries","name":"Westfriedhof","place":"Köln","isDemo":false,"source":"© OpenStreetMap-Mitwirkende","sourceUrl":"https://www.openstreetmap.org/way/284299176","license":"ODbL 1.0","licenseUrl":"https://opendatacommons.org/licenses/odbl/1-0/","dataAsOf":"2026-09-18T10:54:21Z","positionNote":"Mittelpunkt des OSM-Umgrenzungsrechtecks; kein Eingang","wikidataUrl":"https://www.wikidata.org/wiki/Q2565200"}},{"type":"Feature","id":"osm-way-28515605","geometry":{"type":"Point","coordinates":[7.035166,50.8635091]},"properties":{"theme":"cemeteries","name":"Sankt Martinus","place":"Köln","isDemo":false,"source":"© OpenStreetMap-Mitwirkende","sourceUrl":"https://www.openstreetmap.org/way/28515605","license":"ODbL 1.0","licenseUrl":"https://opendatacommons.org/licenses/odbl/1-0/","dataAsOf":"2026-09-18T10:54:21Z","positionNote":"Mittelpunkt des OSM-Umgrenzungsrechtecks; kein Eingang"}},{"type":"Feature","id":"osm-way-28786674","geometry":{"type":"Point","coordinates":[7.0093116,50.9555019]},"properties":{"theme":"cemeteries","name":"Alter Katholischer Friedhof","place":"Köln","isDemo":false,"source":"© OpenStreetMap-Mitwirkende","sourceUrl":"https://www.openstreetmap.org/way/28786674","license":"ODbL 1.0","licenseUrl":"https://opendatacommons.org/licenses/odbl/1-0/","dataAsOf":"2026-09-18T10:54:21Z","positionNote":"Mittelpunkt des OSM-Umgrenzungsrechtecks; kein Eingang","wikidataUrl":"https://www.wikidata.org/wiki/Q1736432"}},{"type":"Feature","id":"osm-way-28874896","geometry":{"type":"Point","coordinates":[6.9899192,50.9893127]},"properties":{"theme":"cemeteries","name":"Friedhof Stammheim","place":"Köln","isDemo":false,"source":"© OpenStreetMap-Mitwirkende","sourceUrl":"https://www.openstreetmap.org/way/28874896","license":"ODbL 1.0","licenseUrl":"https://opendatacommons.org/licenses/odbl/1-0/","dataAsOf":"2026-09-18T10:54:21Z","positionNote":"Mittelpunkt des OSM-Umgrenzungsrechtecks; kein Eingang"}},{"type":"Feature","id":"osm-way-29342341","geometry":{"type":"Point","coordinates":[6.9608092,50.8680993]},"properties":{"theme":"cemeteries","name":"Rondorfer Friedhof","place":"Köln","isDemo":false,"source":"© OpenStreetMap-Mitwirkende","sourceUrl":"https://www.openstreetmap.org/way/29342341","license":"ODbL 1.0","licenseUrl":"https://opendatacommons.org/licenses/odbl/1-0/","dataAsOf":"2026-09-18T10:54:21Z","positionNote":"Mittelpunkt des OSM-Umgrenzungsrechtecks; kein Eingang"}},{"type":"Feature","id":"osm-way-29342639","geometry":{"type":"Point","coordinates":[6.9363398,50.8712806]},"properties":{"theme":"cemeteries","name":"Steinneuerhof (Friedhof)","place":"Köln","isDemo":false,"source":"© OpenStreetMap-Mitwirkende","sourceUrl":"https://www.openstreetmap.org/way/29342639","license":"ODbL 1.0","licenseUrl":"https://opendatacommons.org/licenses/odbl/1-0/","dataAsOf":"2026-09-18T10:54:21Z","positionNote":"Mittelpunkt des OSM-Umgrenzungsrechtecks; kein Eingang"}},{"type":"Feature","id":"osm-way-294907014","geometry":{"type":"Point","coordinates":[6.9341774,51.0393272]},"properties":{"theme":"cemeteries","name":"Rheinkassel","place":"Köln","isDemo":false,"source":"© OpenStreetMap-Mitwirkende","sourceUrl":"https://www.openstreetmap.org/way/294907014","license":"ODbL 1.0","licenseUrl":"https://opendatacommons.org/licenses/odbl/1-0/","dataAsOf":"2026-09-18T10:54:21Z","positionNote":"Mittelpunkt des OSM-Umgrenzungsrechtecks; kein Eingang"}},{"type":"Feature","id":"osm-way-30284539","geometry":{"type":"Point","coordinates":[6.9942268,50.9865539]},"properties":{"theme":"cemeteries","name":"Friedhof Scharffensteinstraße","place":"Köln","isDemo":false,"source":"© OpenStreetMap-Mitwirkende","sourceUrl":"https://www.openstreetmap.org/way/30284539","license":"ODbL 1.0","licenseUrl":"https://opendatacommons.org/licenses/odbl/1-0/","dataAsOf":"2026-09-18T10:54:21Z","positionNote":"Mittelpunkt des OSM-Umgrenzungsrechtecks; kein Eingang"}},{"type":"Feature","id":"osm-way-30285660","geometry":{"type":"Point","coordinates":[6.9752991,50.9995671]},"properties":{"theme":"cemeteries","name":"Friedhof Flittard","place":"Köln","isDemo":false,"source":"© OpenStreetMap-Mitwirkende","sourceUrl":"https://www.openstreetmap.org/way/30285660","license":"ODbL 1.0","licenseUrl":"https://opendatacommons.org/licenses/odbl/1-0/","dataAsOf":"2026-09-18T10:54:21Z","positionNote":"Mittelpunkt des OSM-Umgrenzungsrechtecks; kein Eingang"}},{"type":"Feature","id":"osm-way-30452199","geometry":{"type":"Point","coordinates":[7.0169243,50.9745524]},"properties":{"theme":"cemeteries","name":"Jüdischer Friedhof Mülheim","place":"Köln","isDemo":false,"source":"© OpenStreetMap-Mitwirkende","sourceUrl":"https://www.openstreetmap.org/way/30452199","license":"ODbL 1.0","licenseUrl":"https://opendatacommons.org/licenses/odbl/1-0/","dataAsOf":"2026-09-18T10:54:21Z","positionNote":"Mittelpunkt des OSM-Umgrenzungsrechtecks; kein Eingang","wikidataUrl":"https://www.wikidata.org/wiki/Q1716711"}},{"type":"Feature","id":"osm-way-309831327","geometry":{"type":"Point","coordinates":[7.0123854,50.9624302]},"properties":{"theme":"cemeteries","name":"Evangelischer Friedhof","place":"Köln","isDemo":false,"source":"© OpenStreetMap-Mitwirkende","sourceUrl":"https://www.openstreetmap.org/way/309831327","license":"ODbL 1.0","licenseUrl":"https://opendatacommons.org/licenses/odbl/1-0/","dataAsOf":"2026-09-18T10:54:21Z","positionNote":"Mittelpunkt des OSM-Umgrenzungsrechtecks; kein Eingang","wikidataUrl":"https://www.wikidata.org/wiki/Q1381239"}},{"type":"Feature","id":"osm-way-32353923","geometry":{"type":"Point","coordinates":[7.0916034,50.8527901]},"properties":{"theme":"cemeteries","name":"Friedhof Wahn","place":"Köln","isDemo":false,"source":"© OpenStreetMap-Mitwirkende","sourceUrl":"https://www.openstreetmap.org/way/32353923","license":"ODbL 1.0","licenseUrl":"https://opendatacommons.org/licenses/odbl/1-0/","dataAsOf":"2026-09-18T10:54:21Z","positionNote":"Mittelpunkt des OSM-Umgrenzungsrechtecks; kein Eingang"}},{"type":"Feature","id":"osm-way-325874783","geometry":{"type":"Point","coordinates":[6.9930115,50.9107805]},"properties":{"theme":"cemeteries","name":"Alter Poller Friedhof","place":"Köln","isDemo":false,"source":"© OpenStreetMap-Mitwirkende","sourceUrl":"https://www.openstreetmap.org/way/325874783","license":"ODbL 1.0","licenseUrl":"https://opendatacommons.org/licenses/odbl/1-0/","dataAsOf":"2026-09-18T10:54:21Z","positionNote":"Mittelpunkt des OSM-Umgrenzungsrechtecks; kein Eingang"}},{"type":"Feature","id":"osm-way-33738027","geometry":{"type":"Point","coordinates":[7.0087483,50.8693151]},"properties":{"theme":"cemeteries","name":"Friedhof Sürth","place":"Köln","isDemo":false,"source":"© OpenStreetMap-Mitwirkende","sourceUrl":"https://www.openstreetmap.org/way/33738027","license":"ODbL 1.0","licenseUrl":"https://opendatacommons.org/licenses/odbl/1-0/","dataAsOf":"2026-09-18T10:54:21Z","positionNote":"Mittelpunkt des OSM-Umgrenzungsrechtecks; kein Eingang"}},{"type":"Feature","id":"osm-way-33738080","geometry":{"type":"Point","coordinates":[7.0264315,50.8761315]},"properties":{"theme":"cemeteries","name":"Friedhof Weiß","place":"Köln","isDemo":false,"source":"© OpenStreetMap-Mitwirkende","sourceUrl":"https://www.openstreetmap.org/way/33738080","license":"ODbL 1.0","licenseUrl":"https://opendatacommons.org/licenses/odbl/1-0/","dataAsOf":"2026-09-18T10:54:21Z","positionNote":"Mittelpunkt des OSM-Umgrenzungsrechtecks; kein Eingang"}},{"type":"Feature","id":"osm-way-34386303","geometry":{"type":"Point","coordinates":[6.8291295,50.9652326]},"properties":{"theme":"cemeteries","name":"Friedhof Hauptstraße","place":"Köln","isDemo":false,"source":"© OpenStreetMap-Mitwirkende","sourceUrl":"https://www.openstreetmap.org/way/34386303","license":"ODbL 1.0","licenseUrl":"https://opendatacommons.org/licenses/odbl/1-0/","dataAsOf":"2026-09-18T10:54:21Z","positionNote":"Mittelpunkt des OSM-Umgrenzungsrechtecks; kein Eingang"}},{"type":"Feature","id":"osm-way-35104982","geometry":{"type":"Point","coordinates":[7.0851286,50.8780863]},"properties":{"theme":"cemeteries","name":"Friedhof Urbach","place":"Köln","isDemo":false,"source":"© OpenStreetMap-Mitwirkende","sourceUrl":"https://www.openstreetmap.org/way/35104982","license":"ODbL 1.0","licenseUrl":"https://opendatacommons.org/licenses/odbl/1-0/","dataAsOf":"2026-09-18T10:54:21Z","positionNote":"Mittelpunkt des OSM-Umgrenzungsrechtecks; kein Eingang"}},{"type":"Feature","id":"osm-way-38589965","geometry":{"type":"Point","coordinates":[6.959085,50.9414398]},"properties":{"theme":"cemeteries","name":"Domfriedhof","place":"Köln","isDemo":false,"source":"© OpenStreetMap-Mitwirkende","sourceUrl":"https://www.openstreetmap.org/way/38589965","license":"ODbL 1.0","licenseUrl":"https://opendatacommons.org/licenses/odbl/1-0/","dataAsOf":"2026-09-18T10:54:21Z","positionNote":"Mittelpunkt des OSM-Umgrenzungsrechtecks; kein Eingang"}},{"type":"Feature","id":"osm-way-390230998","geometry":{"type":"Point","coordinates":[6.827362,50.9634836]},"properties":{"theme":"cemeteries","name":"Friedhof Turmgasse","place":"Köln","isDemo":false,"source":"© OpenStreetMap-Mitwirkende","sourceUrl":"https://www.openstreetmap.org/way/390230998","license":"ODbL 1.0","licenseUrl":"https://opendatacommons.org/licenses/odbl/1-0/","dataAsOf":"2026-09-18T10:54:21Z","positionNote":"Mittelpunkt des OSM-Umgrenzungsrechtecks; kein Eingang"}},{"type":"Feature","id":"osm-way-413366058","geometry":{"type":"Point","coordinates":[6.937664,50.8979808]},"properties":{"theme":"cemeteries","name":"Commonwealth Ehrenfriedhof","place":"Köln","isDemo":false,"source":"© OpenStreetMap-Mitwirkende","sourceUrl":"https://www.openstreetmap.org/way/413366058","license":"ODbL 1.0","licenseUrl":"https://opendatacommons.org/licenses/odbl/1-0/","dataAsOf":"2026-09-18T10:54:21Z","positionNote":"Mittelpunkt des OSM-Umgrenzungsrechtecks; kein Eingang","wikidataUrl":"https://www.wikidata.org/wiki/Q15061927"}},{"type":"Feature","id":"osm-way-413368374","geometry":{"type":"Point","coordinates":[6.9426938,50.8966935]},"properties":{"theme":"cemeteries","name":"Italienischer Ehrenfriedhof","place":"Köln","isDemo":false,"source":"© OpenStreetMap-Mitwirkende","sourceUrl":"https://www.openstreetmap.org/way/413368374","license":"ODbL 1.0","licenseUrl":"https://opendatacommons.org/licenses/odbl/1-0/","dataAsOf":"2026-09-18T10:54:21Z","positionNote":"Mittelpunkt des OSM-Umgrenzungsrechtecks; kein Eingang"}},{"type":"Feature","id":"osm-way-4890561","geometry":{"type":"Point","coordinates":[6.9167766,50.940392]},"properties":{"theme":"cemeteries","name":"Friedhof Melaten","place":"Köln","isDemo":false,"source":"© OpenStreetMap-Mitwirkende","sourceUrl":"https://www.openstreetmap.org/way/4890561","license":"ODbL 1.0","licenseUrl":"https://opendatacommons.org/licenses/odbl/1-0/","dataAsOf":"2026-09-18T10:54:21Z","positionNote":"Mittelpunkt des OSM-Umgrenzungsrechtecks; kein Eingang","wikidataUrl":"https://www.wikidata.org/wiki/Q883970"}},{"type":"Feature","id":"osm-way-547720561","geometry":{"type":"Point","coordinates":[6.8753807,50.9745959]},"properties":{"theme":"cemeteries","name":"Muslimisches Gräberfeld","place":"Köln","isDemo":false,"source":"© OpenStreetMap-Mitwirkende","sourceUrl":"https://www.openstreetmap.org/way/547720561","license":"ODbL 1.0","licenseUrl":"https://opendatacommons.org/licenses/odbl/1-0/","dataAsOf":"2026-09-18T10:54:21Z","positionNote":"Mittelpunkt des OSM-Umgrenzungsrechtecks; kein Eingang"}},{"type":"Feature","id":"osm-way-60465114","geometry":{"type":"Point","coordinates":[7.0819108,50.9333393]},"properties":{"theme":"cemeteries","name":"Friedhof Brück, Lehmbacher Weg","place":"Köln","isDemo":false,"source":"© OpenStreetMap-Mitwirkende","sourceUrl":"https://www.openstreetmap.org/way/60465114","license":"ODbL 1.0","licenseUrl":"https://opendatacommons.org/licenses/odbl/1-0/","dataAsOf":"2026-09-18T10:54:21Z","positionNote":"Mittelpunkt des OSM-Umgrenzungsrechtecks; kein Eingang"}},{"type":"Feature","id":"osm-way-63154923","geometry":{"type":"Point","coordinates":[7.0811988,50.9432429]},"properties":{"theme":"cemeteries","name":"Friedhof Hovenstraße","place":"Köln","isDemo":false,"source":"© OpenStreetMap-Mitwirkende","sourceUrl":"https://www.openstreetmap.org/way/63154923","license":"ODbL 1.0","licenseUrl":"https://opendatacommons.org/licenses/odbl/1-0/","dataAsOf":"2026-09-18T10:54:21Z","positionNote":"Mittelpunkt des OSM-Umgrenzungsrechtecks; kein Eingang"}},{"type":"Feature","id":"osm-way-662313538","geometry":{"type":"Point","coordinates":[6.9136856,50.9425458]},"properties":{"theme":"cemeteries","name":"Jüdischer Friedhof Ehrenfeld","place":"Köln","isDemo":false,"source":"© OpenStreetMap-Mitwirkende","sourceUrl":"https://www.openstreetmap.org/way/662313538","license":"ODbL 1.0","licenseUrl":"https://opendatacommons.org/licenses/odbl/1-0/","dataAsOf":"2026-09-18T10:54:21Z","positionNote":"Mittelpunkt des OSM-Umgrenzungsrechtecks; kein Eingang","wikidataUrl":"https://www.wikidata.org/wiki/Q50107661"}},{"type":"Feature","id":"osm-way-675426768","geometry":{"type":"Point","coordinates":[6.8582566,51.0163117]},"properties":{"theme":"cemeteries","name":"Bestattungsgarten","place":"Köln","isDemo":false,"source":"© OpenStreetMap-Mitwirkende","sourceUrl":"https://www.openstreetmap.org/way/675426768","license":"ODbL 1.0","licenseUrl":"https://opendatacommons.org/licenses/odbl/1-0/","dataAsOf":"2026-09-18T10:54:21Z","positionNote":"Mittelpunkt des OSM-Umgrenzungsrechtecks; kein Eingang"}},{"type":"Feature","id":"osm-way-680740443","geometry":{"type":"Point","coordinates":[6.8754638,50.972002]},"properties":{"theme":"cemeteries","name":"Ehrengräber 1939-1945","place":"Köln","isDemo":false,"source":"© OpenStreetMap-Mitwirkende","sourceUrl":"https://www.openstreetmap.org/way/680740443","license":"ODbL 1.0","licenseUrl":"https://opendatacommons.org/licenses/odbl/1-0/","dataAsOf":"2026-09-18T10:54:21Z","positionNote":"Mittelpunkt des OSM-Umgrenzungsrechtecks; kein Eingang"}},{"type":"Feature","id":"osm-way-682206106","geometry":{"type":"Point","coordinates":[6.8753278,50.9731444]},"properties":{"theme":"cemeteries","name":"Ehrengräber 1939-1945","place":"Köln","isDemo":false,"source":"© OpenStreetMap-Mitwirkende","sourceUrl":"https://www.openstreetmap.org/way/682206106","license":"ODbL 1.0","licenseUrl":"https://opendatacommons.org/licenses/odbl/1-0/","dataAsOf":"2026-09-18T10:54:21Z","positionNote":"Mittelpunkt des OSM-Umgrenzungsrechtecks; kein Eingang"}},{"type":"Feature","id":"osm-way-682206108","geometry":{"type":"Point","coordinates":[6.8720606,50.9724967]},"properties":{"theme":"cemeteries","name":"Ehrengräber 1939-1945","place":"Köln","isDemo":false,"source":"© OpenStreetMap-Mitwirkende","sourceUrl":"https://www.openstreetmap.org/way/682206108","license":"ODbL 1.0","licenseUrl":"https://opendatacommons.org/licenses/odbl/1-0/","dataAsOf":"2026-09-18T10:54:21Z","positionNote":"Mittelpunkt des OSM-Umgrenzungsrechtecks; kein Eingang"}},{"type":"Feature","id":"osm-way-69811815","geometry":{"type":"Point","coordinates":[7.0337327,50.8989695]},"properties":{"theme":"cemeteries","name":"Friedhof Ensen","place":"Köln","isDemo":false,"source":"© OpenStreetMap-Mitwirkende","sourceUrl":"https://www.openstreetmap.org/way/69811815","license":"ODbL 1.0","licenseUrl":"https://opendatacommons.org/licenses/odbl/1-0/","dataAsOf":"2026-09-18T10:54:21Z","positionNote":"Mittelpunkt des OSM-Umgrenzungsrechtecks; kein Eingang"}},{"type":"Feature","id":"osm-way-793638149","geometry":{"type":"Point","coordinates":[7.0040407,50.8808121]},"properties":{"theme":"cemeteries","name":"Friedhof Rodenkirchen","place":"Köln","isDemo":false,"source":"© OpenStreetMap-Mitwirkende","sourceUrl":"https://www.openstreetmap.org/way/793638149","license":"ODbL 1.0","licenseUrl":"https://opendatacommons.org/licenses/odbl/1-0/","dataAsOf":"2026-09-18T10:54:21Z","positionNote":"Mittelpunkt des OSM-Umgrenzungsrechtecks; kein Eingang"}},{"type":"Feature","id":"osm-way-9639000","geometry":{"type":"Point","coordinates":[7.0067989,50.9877074]},"properties":{"theme":"cemeteries","name":"Friedhof Schönrather Hof","place":"Köln","isDemo":false,"source":"© OpenStreetMap-Mitwirkende","sourceUrl":"https://www.openstreetmap.org/way/9639000","license":"ODbL 1.0","licenseUrl":"https://opendatacommons.org/licenses/odbl/1-0/","dataAsOf":"2026-09-18T10:54:21Z","positionNote":"Mittelpunkt des OSM-Umgrenzungsrechtecks; kein Eingang"}},{"type":"Feature","id":"osm-relation-12688472","geometry":{"type":"Point","coordinates":[6.8841816,51.0248852]},"properties":{"theme":"cemeteries","name":"Friedhof · OSM 12688472","place":"Köln","isDemo":false,"source":"© OpenStreetMap-Mitwirkende","sourceUrl":"https://www.openstreetmap.org/relation/12688472","license":"ODbL 1.0","licenseUrl":"https://opendatacommons.org/licenses/odbl/1-0/","dataAsOf":"2026-09-18T10:54:21Z","positionNote":"Mittelpunkt des OSM-Umgrenzungsrechtecks; kein Eingang"}},{"type":"Feature","id":"osm-way-1307692034","geometry":{"type":"Point","coordinates":[6.988801,50.9225862]},"properties":{"theme":"cemeteries","name":"Friedhof · OSM 1307692034","place":"Köln","isDemo":false,"source":"© OpenStreetMap-Mitwirkende","sourceUrl":"https://www.openstreetmap.org/way/1307692034","license":"ODbL 1.0","licenseUrl":"https://opendatacommons.org/licenses/odbl/1-0/","dataAsOf":"2026-09-18T10:54:21Z","positionNote":"Mittelpunkt des OSM-Umgrenzungsrechtecks; kein Eingang"}},{"type":"Feature","id":"osm-way-160668110","geometry":{"type":"Point","coordinates":[7.0160384,50.8968897]},"properties":{"theme":"cemeteries","name":"Friedhof · OSM 160668110","place":"Köln","isDemo":false,"source":"© OpenStreetMap-Mitwirkende","sourceUrl":"https://www.openstreetmap.org/way/160668110","license":"ODbL 1.0","licenseUrl":"https://opendatacommons.org/licenses/odbl/1-0/","dataAsOf":"2026-09-18T10:54:21Z","positionNote":"Mittelpunkt des OSM-Umgrenzungsrechtecks; kein Eingang"}},{"type":"Feature","id":"osm-way-185734539","geometry":{"type":"Point","coordinates":[7.0694571,50.837777]},"properties":{"theme":"cemeteries","name":"Friedhof · OSM 185734539","place":"Köln","isDemo":false,"source":"© OpenStreetMap-Mitwirkende","sourceUrl":"https://www.openstreetmap.org/way/185734539","license":"ODbL 1.0","licenseUrl":"https://opendatacommons.org/licenses/odbl/1-0/","dataAsOf":"2026-09-18T10:54:21Z","positionNote":"Mittelpunkt des OSM-Umgrenzungsrechtecks; kein Eingang"}},{"type":"Feature","id":"osm-way-216635142","geometry":{"type":"Point","coordinates":[6.9567778,50.8601336]},"properties":{"theme":"cemeteries","name":"Friedhof · OSM 216635142","place":"Köln","isDemo":false,"source":"© OpenStreetMap-Mitwirkende","sourceUrl":"https://www.openstreetmap.org/way/216635142","license":"ODbL 1.0","licenseUrl":"https://opendatacommons.org/licenses/odbl/1-0/","dataAsOf":"2026-09-18T10:54:21Z","positionNote":"Mittelpunkt des OSM-Umgrenzungsrechtecks; kein Eingang"}},{"type":"Feature","id":"osm-way-23723631","geometry":{"type":"Point","coordinates":[6.8746004,50.9988756]},"properties":{"theme":"cemeteries","name":"Friedhof · OSM 23723631","place":"Köln","isDemo":false,"source":"© OpenStreetMap-Mitwirkende","sourceUrl":"https://www.openstreetmap.org/way/23723631","license":"ODbL 1.0","licenseUrl":"https://opendatacommons.org/licenses/odbl/1-0/","dataAsOf":"2026-09-18T10:54:21Z","positionNote":"Mittelpunkt des OSM-Umgrenzungsrechtecks; kein Eingang"}},{"type":"Feature","id":"osm-way-24388233","geometry":{"type":"Point","coordinates":[6.8534393,51.046453]},"properties":{"theme":"cemeteries","name":"Friedhof · OSM 24388233","place":"Köln","isDemo":false,"source":"© OpenStreetMap-Mitwirkende","sourceUrl":"https://www.openstreetmap.org/way/24388233","license":"ODbL 1.0","licenseUrl":"https://opendatacommons.org/licenses/odbl/1-0/","dataAsOf":"2026-09-18T10:54:21Z","positionNote":"Mittelpunkt des OSM-Umgrenzungsrechtecks; kein Eingang"}},{"type":"Feature","id":"osm-way-29420545","geometry":{"type":"Point","coordinates":[7.0313288,51.0047018]},"properties":{"theme":"cemeteries","name":"Friedhof · OSM 29420545","place":"Köln","isDemo":false,"source":"© OpenStreetMap-Mitwirkende","sourceUrl":"https://www.openstreetmap.org/way/29420545","license":"ODbL 1.0","licenseUrl":"https://opendatacommons.org/licenses/odbl/1-0/","dataAsOf":"2026-09-18T10:54:21Z","positionNote":"Mittelpunkt des OSM-Umgrenzungsrechtecks; kein Eingang"}},{"type":"Feature","id":"osm-way-32029111","geometry":{"type":"Point","coordinates":[6.9567867,50.9320087]},"properties":{"theme":"cemeteries","name":"Friedhof · OSM 32029111","place":"Köln","isDemo":false,"source":"© OpenStreetMap-Mitwirkende","sourceUrl":"https://www.openstreetmap.org/way/32029111","license":"ODbL 1.0","licenseUrl":"https://opendatacommons.org/licenses/odbl/1-0/","dataAsOf":"2026-09-18T10:54:21Z","positionNote":"Mittelpunkt des OSM-Umgrenzungsrechtecks; kein Eingang"}},{"type":"Feature","id":"osm-way-32549936","geometry":{"type":"Point","coordinates":[6.9700521,50.8501527]},"properties":{"theme":"cemeteries","name":"Friedhof · OSM 32549936","place":"Köln","isDemo":false,"source":"© OpenStreetMap-Mitwirkende","sourceUrl":"https://www.openstreetmap.org/way/32549936","license":"ODbL 1.0","licenseUrl":"https://opendatacommons.org/licenses/odbl/1-0/","dataAsOf":"2026-09-18T10:54:21Z","positionNote":"Mittelpunkt des OSM-Umgrenzungsrechtecks; kein Eingang"}},{"type":"Feature","id":"osm-way-34956575","geometry":{"type":"Point","coordinates":[7.0713089,50.9553732]},"properties":{"theme":"cemeteries","name":"Friedhof · OSM 34956575","place":"Köln","isDemo":false,"source":"© OpenStreetMap-Mitwirkende","sourceUrl":"https://www.openstreetmap.org/way/34956575","license":"ODbL 1.0","licenseUrl":"https://opendatacommons.org/licenses/odbl/1-0/","dataAsOf":"2026-09-18T10:54:21Z","positionNote":"Mittelpunkt des OSM-Umgrenzungsrechtecks; kein Eingang"}},{"type":"Feature","id":"osm-way-38249633","geometry":{"type":"Point","coordinates":[6.9462567,50.9434898]},"properties":{"theme":"cemeteries","name":"Friedhof · OSM 38249633","place":"Köln","isDemo":false,"source":"© OpenStreetMap-Mitwirkende","sourceUrl":"https://www.openstreetmap.org/way/38249633","license":"ODbL 1.0","licenseUrl":"https://opendatacommons.org/licenses/odbl/1-0/","dataAsOf":"2026-09-18T10:54:21Z","positionNote":"Mittelpunkt des OSM-Umgrenzungsrechtecks; kein Eingang"}},{"type":"Feature","id":"osm-way-694302362","geometry":{"type":"Point","coordinates":[6.8750438,50.9736146]},"properties":{"theme":"cemeteries","name":"Friedhof · OSM 694302362","place":"Köln","isDemo":false,"source":"© OpenStreetMap-Mitwirkende","sourceUrl":"https://www.openstreetmap.org/way/694302362","license":"ODbL 1.0","licenseUrl":"https://opendatacommons.org/licenses/odbl/1-0/","dataAsOf":"2026-09-18T10:54:21Z","positionNote":"Mittelpunkt des OSM-Umgrenzungsrechtecks; kein Eingang"}},{"type":"Feature","id":"osm-way-90046116","geometry":{"type":"Point","coordinates":[6.8532411,51.0457112]},"properties":{"theme":"cemeteries","name":"Friedhof · OSM 90046116","place":"Köln","isDemo":false,"source":"© OpenStreetMap-Mitwirkende","sourceUrl":"https://www.openstreetmap.org/way/90046116","license":"ODbL 1.0","licenseUrl":"https://opendatacommons.org/licenses/odbl/1-0/","dataAsOf":"2026-09-18T10:54:21Z","positionNote":"Mittelpunkt des OSM-Umgrenzungsrechtecks; kein Eingang"}},{"type":"Feature","id":"osm-way-940784230","geometry":{"type":"Point","coordinates":[6.884258,51.0248266]},"properties":{"theme":"cemeteries","name":"Friedhof · OSM 940784230","place":"Köln","isDemo":false,"source":"© OpenStreetMap-Mitwirkende","sourceUrl":"https://www.openstreetmap.org/way/940784230","license":"ODbL 1.0","licenseUrl":"https://opendatacommons.org/licenses/odbl/1-0/","dataAsOf":"2026-09-18T10:54:21Z","positionNote":"Mittelpunkt des OSM-Umgrenzungsrechtecks; kein Eingang"}},{"type":"Feature","id":"osm-way-948856379","geometry":{"type":"Point","coordinates":[6.8841289,51.0249728]},"properties":{"theme":"cemeteries","name":"Friedhof · OSM 948856379","place":"Köln","isDemo":false,"source":"© OpenStreetMap-Mitwirkende","sourceUrl":"https://www.openstreetmap.org/way/948856379","license":"ODbL 1.0","licenseUrl":"https://opendatacommons.org/licenses/odbl/1-0/","dataAsOf":"2026-09-18T10:54:21Z","positionNote":"Mittelpunkt des OSM-Umgrenzungsrechtecks; kein Eingang"}},{"type":"Feature","id":"osm-node-4045312023","geometry":{"type":"Point","coordinates":[6.9220532,50.8692814]},"properties":{"theme":"dogs","name":"Hundespielplatz Köln","place":"Köln","isDemo":false,"source":"© OpenStreetMap-Mitwirkende","sourceUrl":"https://www.openstreetmap.org/node/4045312023","license":"ODbL 1.0","licenseUrl":"https://opendatacommons.org/licenses/odbl/1-0/","dataAsOf":"2026-09-18T10:54:21Z","positionNote":"OSM-Punktstandort"}},{"type":"Feature","id":"osm-node-4294224257","geometry":{"type":"Point","coordinates":[6.8939589,50.9996205]},"properties":{"theme":"dogs","name":"HUTA Hundetagesstätte Lindweiler","place":"Köln","isDemo":false,"source":"© OpenStreetMap-Mitwirkende","sourceUrl":"https://www.openstreetmap.org/node/4294224257","license":"ODbL 1.0","licenseUrl":"https://opendatacommons.org/licenses/odbl/1-0/","dataAsOf":"2026-09-18T10:54:21Z","positionNote":"OSM-Punktstandort"}},{"type":"Feature","id":"osm-node-9314933338","geometry":{"type":"Point","coordinates":[6.9966034,50.9922056]},"properties":{"theme":"dogs","name":"Hundewiese","place":"Köln","isDemo":false,"source":"© OpenStreetMap-Mitwirkende","sourceUrl":"https://www.openstreetmap.org/node/9314933338","license":"ODbL 1.0","licenseUrl":"https://opendatacommons.org/licenses/odbl/1-0/","dataAsOf":"2026-09-18T10:54:21Z","positionNote":"OSM-Punktstandort"}},{"type":"Feature","id":"osm-relation-18612362","geometry":{"type":"Point","coordinates":[6.9282299,50.8820173]},"properties":{"theme":"dogs","name":"Hundefreilauffläche Efferenweg","place":"Köln","isDemo":false,"source":"© OpenStreetMap-Mitwirkende","sourceUrl":"https://www.openstreetmap.org/relation/18612362","license":"ODbL 1.0","licenseUrl":"https://opendatacommons.org/licenses/odbl/1-0/","dataAsOf":"2026-09-18T10:54:21Z","positionNote":"Mittelpunkt des OSM-Umgrenzungsrechtecks; kein Eingang"}},{"type":"Feature","id":"osm-relation-2303617","geometry":{"type":"Point","coordinates":[7.0596919,50.9902532]},"properties":{"theme":"dogs","name":"Gänsewiese","place":"Köln","isDemo":false,"source":"© OpenStreetMap-Mitwirkende","sourceUrl":"https://www.openstreetmap.org/relation/2303617","license":"ODbL 1.0","licenseUrl":"https://opendatacommons.org/licenses/odbl/1-0/","dataAsOf":"2026-09-18T10:54:21Z","positionNote":"Mittelpunkt des OSM-Umgrenzungsrechtecks; kein Eingang"}},{"type":"Feature","id":"osm-way-103595738","geometry":{"type":"Point","coordinates":[7.0995786,50.8526171]},"properties":{"theme":"dogs","name":"Hundefreilauffläche Wahn","place":"Köln","isDemo":false,"source":"© OpenStreetMap-Mitwirkende","sourceUrl":"https://www.openstreetmap.org/way/103595738","license":"ODbL 1.0","licenseUrl":"https://opendatacommons.org/licenses/odbl/1-0/","dataAsOf":"2026-09-18T10:54:21Z","positionNote":"Mittelpunkt des OSM-Umgrenzungsrechtecks; kein Eingang"}},{"type":"Feature","id":"osm-way-1057770971","geometry":{"type":"Point","coordinates":[6.8886043,50.9146973]},"properties":{"theme":"dogs","name":"Hundefreilauffläche Decksteiner Weiher","place":"Köln","isDemo":false,"source":"© OpenStreetMap-Mitwirkende","sourceUrl":"https://www.openstreetmap.org/way/1057770971","license":"ODbL 1.0","licenseUrl":"https://opendatacommons.org/licenses/odbl/1-0/","dataAsOf":"2026-09-18T10:54:21Z","positionNote":"Mittelpunkt des OSM-Umgrenzungsrechtecks; kein Eingang"}},{"type":"Feature","id":"osm-way-108095306","geometry":{"type":"Point","coordinates":[6.9097228,50.9103108]},"properties":{"theme":"dogs","name":"Hundefreilauffläche Beethovenpark Sülz","place":"Köln","isDemo":false,"source":"© OpenStreetMap-Mitwirkende","sourceUrl":"https://www.openstreetmap.org/way/108095306","license":"ODbL 1.0","licenseUrl":"https://opendatacommons.org/licenses/odbl/1-0/","dataAsOf":"2026-09-18T10:54:21Z","positionNote":"Mittelpunkt des OSM-Umgrenzungsrechtecks; kein Eingang"}},{"type":"Feature","id":"osm-way-1104537791","geometry":{"type":"Point","coordinates":[6.9597909,50.8994328]},"properties":{"theme":"dogs","name":"Hundefreilauffläche Kardorfer Straße / Heidekaul","place":"Köln","isDemo":false,"source":"© OpenStreetMap-Mitwirkende","sourceUrl":"https://www.openstreetmap.org/way/1104537791","license":"ODbL 1.0","licenseUrl":"https://opendatacommons.org/licenses/odbl/1-0/","dataAsOf":"2026-09-18T10:54:21Z","positionNote":"Mittelpunkt des OSM-Umgrenzungsrechtecks; kein Eingang"}},{"type":"Feature","id":"osm-way-1106454544","geometry":{"type":"Point","coordinates":[6.9452349,50.8975051]},"properties":{"theme":"dogs","name":"Hundefreilauffläche Grünzug Süd","place":"Köln","isDemo":false,"source":"© OpenStreetMap-Mitwirkende","sourceUrl":"https://www.openstreetmap.org/way/1106454544","license":"ODbL 1.0","licenseUrl":"https://opendatacommons.org/licenses/odbl/1-0/","dataAsOf":"2026-09-18T10:54:21Z","positionNote":"Mittelpunkt des OSM-Umgrenzungsrechtecks; kein Eingang"}},{"type":"Feature","id":"osm-way-1106461844","geometry":{"type":"Point","coordinates":[6.9493326,50.9124479]},"properties":{"theme":"dogs","name":"Hundefreilauffläche Vorgebirgspark","place":"Köln","isDemo":false,"source":"© OpenStreetMap-Mitwirkende","sourceUrl":"https://www.openstreetmap.org/way/1106461844","license":"ODbL 1.0","licenseUrl":"https://opendatacommons.org/licenses/odbl/1-0/","dataAsOf":"2026-09-18T10:54:21Z","positionNote":"Mittelpunkt des OSM-Umgrenzungsrechtecks; kein Eingang"}},{"type":"Feature","id":"osm-way-1169754628","geometry":{"type":"Point","coordinates":[6.9677229,50.916385]},"properties":{"theme":"dogs","name":"Hundefreilauffläche Friedenspark Neustadt-Süd","place":"Köln","isDemo":false,"source":"© OpenStreetMap-Mitwirkende","sourceUrl":"https://www.openstreetmap.org/way/1169754628","license":"ODbL 1.0","licenseUrl":"https://opendatacommons.org/licenses/odbl/1-0/","dataAsOf":"2026-09-18T10:54:21Z","positionNote":"Mittelpunkt des OSM-Umgrenzungsrechtecks; kein Eingang"}},{"type":"Feature","id":"osm-way-1214217452","geometry":{"type":"Point","coordinates":[6.9388397,50.9505144]},"properties":{"theme":"dogs","name":"Hundefreilauffläche Herkulesberg","place":"Köln","isDemo":false,"source":"© OpenStreetMap-Mitwirkende","sourceUrl":"https://www.openstreetmap.org/way/1214217452","license":"ODbL 1.0","licenseUrl":"https://opendatacommons.org/licenses/odbl/1-0/","dataAsOf":"2026-09-18T10:54:21Z","positionNote":"Mittelpunkt des OSM-Umgrenzungsrechtecks; kein Eingang"}},{"type":"Feature","id":"osm-way-134642410","geometry":{"type":"Point","coordinates":[7.0984211,50.8620056]},"properties":{"theme":"dogs","name":"Schäferhundeverein SV OG Porz-Wahn","place":"Köln","isDemo":false,"source":"© OpenStreetMap-Mitwirkende","sourceUrl":"https://www.openstreetmap.org/way/134642410","license":"ODbL 1.0","licenseUrl":"https://opendatacommons.org/licenses/odbl/1-0/","dataAsOf":"2026-09-18T10:54:21Z","positionNote":"Mittelpunkt des OSM-Umgrenzungsrechtecks; kein Eingang"}},{"type":"Feature","id":"osm-way-152005134","geometry":{"type":"Point","coordinates":[6.9995053,50.9007944]},"properties":{"theme":"dogs","name":"Hundefreilauffläche Westhoven","place":"Köln","isDemo":false,"source":"© OpenStreetMap-Mitwirkende","sourceUrl":"https://www.openstreetmap.org/way/152005134","license":"ODbL 1.0","licenseUrl":"https://opendatacommons.org/licenses/odbl/1-0/","dataAsOf":"2026-09-18T10:54:21Z","positionNote":"Mittelpunkt des OSM-Umgrenzungsrechtecks; kein Eingang"}},{"type":"Feature","id":"osm-way-192698542","geometry":{"type":"Point","coordinates":[6.9658001,50.9645561]},"properties":{"theme":"dogs","name":"Hunde-Freilauffläche","place":"Köln","isDemo":false,"source":"© OpenStreetMap-Mitwirkende","sourceUrl":"https://www.openstreetmap.org/way/192698542","license":"ODbL 1.0","licenseUrl":"https://opendatacommons.org/licenses/odbl/1-0/","dataAsOf":"2026-09-18T10:54:21Z","positionNote":"Mittelpunkt des OSM-Umgrenzungsrechtecks; kein Eingang"}},{"type":"Feature","id":"osm-way-24462436","geometry":{"type":"Point","coordinates":[6.947956,50.9188528]},"properties":{"theme":"dogs","name":"Hundefreilauffläche Volksgarten Neustadt-Süd","place":"Köln","isDemo":false,"source":"© OpenStreetMap-Mitwirkende","sourceUrl":"https://www.openstreetmap.org/way/24462436","license":"ODbL 1.0","licenseUrl":"https://opendatacommons.org/licenses/odbl/1-0/","dataAsOf":"2026-09-18T10:54:21Z","positionNote":"Mittelpunkt des OSM-Umgrenzungsrechtecks; kein Eingang"}},{"type":"Feature","id":"osm-way-416555716","geometry":{"type":"Point","coordinates":[6.8526947,50.9974354]},"properties":{"theme":"dogs","name":"Hundeschule","place":"Köln","isDemo":false,"source":"© OpenStreetMap-Mitwirkende","sourceUrl":"https://www.openstreetmap.org/way/416555716","license":"ODbL 1.0","licenseUrl":"https://opendatacommons.org/licenses/odbl/1-0/","dataAsOf":"2026-09-18T10:54:21Z","positionNote":"Mittelpunkt des OSM-Umgrenzungsrechtecks; kein Eingang"}},{"type":"Feature","id":"osm-way-624380868","geometry":{"type":"Point","coordinates":[6.8675029,50.9763827]},"properties":{"theme":"dogs","name":"Hundefreilauffläche ehem. KVB Trasse","place":"Köln","isDemo":false,"source":"© OpenStreetMap-Mitwirkende","sourceUrl":"https://www.openstreetmap.org/way/624380868","license":"ODbL 1.0","licenseUrl":"https://opendatacommons.org/licenses/odbl/1-0/","dataAsOf":"2026-09-18T10:54:21Z","positionNote":"Mittelpunkt des OSM-Umgrenzungsrechtecks; kein Eingang"}},{"type":"Feature","id":"osm-way-624380870","geometry":{"type":"Point","coordinates":[6.8659104,50.9764861]},"properties":{"theme":"dogs","name":"Hundefreilauffläche Nüssenberger Str.","place":"Köln","isDemo":false,"source":"© OpenStreetMap-Mitwirkende","sourceUrl":"https://www.openstreetmap.org/way/624380870","license":"ODbL 1.0","licenseUrl":"https://opendatacommons.org/licenses/odbl/1-0/","dataAsOf":"2026-09-18T10:54:21Z","positionNote":"Mittelpunkt des OSM-Umgrenzungsrechtecks; kein Eingang"}},{"type":"Feature","id":"osm-way-624380871","geometry":{"type":"Point","coordinates":[6.8626457,50.9859334]},"properties":{"theme":"dogs","name":"Hundefreilauffläche Buschweg/Schumacherring","place":"Köln","isDemo":false,"source":"© OpenStreetMap-Mitwirkende","sourceUrl":"https://www.openstreetmap.org/way/624380871","license":"ODbL 1.0","licenseUrl":"https://opendatacommons.org/licenses/odbl/1-0/","dataAsOf":"2026-09-18T10:54:21Z","positionNote":"Mittelpunkt des OSM-Umgrenzungsrechtecks; kein Eingang"}},{"type":"Feature","id":"osm-way-931872617","geometry":{"type":"Point","coordinates":[6.9798903,50.8943041]},"properties":{"theme":"dogs","name":"Hundefreilauffläche Äußerer Grüngürtel Marienburg","place":"Köln","isDemo":false,"source":"© OpenStreetMap-Mitwirkende","sourceUrl":"https://www.openstreetmap.org/way/931872617","license":"ODbL 1.0","licenseUrl":"https://opendatacommons.org/licenses/odbl/1-0/","dataAsOf":"2026-09-18T10:54:21Z","positionNote":"Mittelpunkt des OSM-Umgrenzungsrechtecks; kein Eingang"}},{"type":"Feature","id":"osm-way-931873865","geometry":{"type":"Point","coordinates":[6.8855768,50.9274245]},"properties":{"theme":"dogs","name":"Hundefreilauffläche Stadtwald Lindenthal","place":"Köln","isDemo":false,"source":"© OpenStreetMap-Mitwirkende","sourceUrl":"https://www.openstreetmap.org/way/931873865","license":"ODbL 1.0","licenseUrl":"https://opendatacommons.org/licenses/odbl/1-0/","dataAsOf":"2026-09-18T10:54:21Z","positionNote":"Mittelpunkt des OSM-Umgrenzungsrechtecks; kein Eingang"}},{"type":"Feature","id":"osm-way-944846777","geometry":{"type":"Point","coordinates":[6.8931384,50.9325058]},"properties":{"theme":"dogs","name":"Hundefreilauffläche Stadtwald","place":"Köln","isDemo":false,"source":"© OpenStreetMap-Mitwirkende","sourceUrl":"https://www.openstreetmap.org/way/944846777","license":"ODbL 1.0","licenseUrl":"https://opendatacommons.org/licenses/odbl/1-0/","dataAsOf":"2026-09-18T10:54:21Z","positionNote":"Mittelpunkt des OSM-Umgrenzungsrechtecks; kein Eingang"}},{"type":"Feature","id":"osm-way-944848058","geometry":{"type":"Point","coordinates":[6.8829411,50.9174441]},"properties":{"theme":"dogs","name":"Hundefreilauffläche Äußerer Grüngürtel","place":"Köln","isDemo":false,"source":"© OpenStreetMap-Mitwirkende","sourceUrl":"https://www.openstreetmap.org/way/944848058","license":"ODbL 1.0","licenseUrl":"https://opendatacommons.org/licenses/odbl/1-0/","dataAsOf":"2026-09-18T10:54:21Z","positionNote":"Mittelpunkt des OSM-Umgrenzungsrechtecks; kein Eingang"}},{"type":"Feature","id":"osm-node-12234627042","geometry":{"type":"Point","coordinates":[6.9553784,50.9280824]},"properties":{"theme":"dogs","name":"Hundeauslauf · OSM 12234627042","place":"Köln","isDemo":false,"source":"© OpenStreetMap-Mitwirkende","sourceUrl":"https://www.openstreetmap.org/node/12234627042","license":"ODbL 1.0","licenseUrl":"https://opendatacommons.org/licenses/odbl/1-0/","dataAsOf":"2026-09-18T10:54:21Z","positionNote":"OSM-Punktstandort"}},{"type":"Feature","id":"osm-node-4143393596","geometry":{"type":"Point","coordinates":[6.9042223,50.9899644]},"properties":{"theme":"dogs","name":"Hundeauslauf · OSM 4143393596","place":"Köln","isDemo":false,"source":"© OpenStreetMap-Mitwirkende","sourceUrl":"https://www.openstreetmap.org/node/4143393596","license":"ODbL 1.0","licenseUrl":"https://opendatacommons.org/licenses/odbl/1-0/","dataAsOf":"2026-09-18T10:54:21Z","positionNote":"OSM-Punktstandort"}},{"type":"Feature","id":"osm-node-8914698788","geometry":{"type":"Point","coordinates":[6.9630987,50.9798391]},"properties":{"theme":"dogs","name":"Hundeauslauf · OSM 8914698788","place":"Köln","isDemo":false,"source":"© OpenStreetMap-Mitwirkende","sourceUrl":"https://www.openstreetmap.org/node/8914698788","license":"ODbL 1.0","licenseUrl":"https://opendatacommons.org/licenses/odbl/1-0/","dataAsOf":"2026-09-18T10:54:21Z","positionNote":"OSM-Punktstandort"}},{"type":"Feature","id":"osm-way-1011727670","geometry":{"type":"Point","coordinates":[6.9495898,50.9935503]},"properties":{"theme":"dogs","name":"Hundeauslauf · OSM 1011727670","place":"Köln","isDemo":false,"source":"© OpenStreetMap-Mitwirkende","sourceUrl":"https://www.openstreetmap.org/way/1011727670","license":"ODbL 1.0","licenseUrl":"https://opendatacommons.org/licenses/odbl/1-0/","dataAsOf":"2026-09-18T10:54:21Z","positionNote":"Mittelpunkt des OSM-Umgrenzungsrechtecks; kein Eingang"}},{"type":"Feature","id":"osm-way-1036023965","geometry":{"type":"Point","coordinates":[6.9490859,50.9564335]},"properties":{"theme":"dogs","name":"Hundeauslauf · OSM 1036023965","place":"Köln","isDemo":false,"source":"© OpenStreetMap-Mitwirkende","sourceUrl":"https://www.openstreetmap.org/way/1036023965","license":"ODbL 1.0","licenseUrl":"https://opendatacommons.org/licenses/odbl/1-0/","dataAsOf":"2026-09-18T10:54:21Z","positionNote":"Mittelpunkt des OSM-Umgrenzungsrechtecks; kein Eingang"}},{"type":"Feature","id":"osm-way-116690578","geometry":{"type":"Point","coordinates":[6.9267794,50.9325868]},"properties":{"theme":"dogs","name":"Hundeauslauf · OSM 116690578","place":"Köln","isDemo":false,"source":"© OpenStreetMap-Mitwirkende","sourceUrl":"https://www.openstreetmap.org/way/116690578","license":"ODbL 1.0","licenseUrl":"https://opendatacommons.org/licenses/odbl/1-0/","dataAsOf":"2026-09-18T10:54:21Z","positionNote":"Mittelpunkt des OSM-Umgrenzungsrechtecks; kein Eingang"}},{"type":"Feature","id":"osm-way-128451022","geometry":{"type":"Point","coordinates":[7.0221361,51.0000905]},"properties":{"theme":"dogs","name":"Hundeauslauf · OSM 128451022","place":"Köln","isDemo":false,"source":"© OpenStreetMap-Mitwirkende","sourceUrl":"https://www.openstreetmap.org/way/128451022","license":"ODbL 1.0","licenseUrl":"https://opendatacommons.org/licenses/odbl/1-0/","dataAsOf":"2026-09-18T10:54:21Z","positionNote":"Mittelpunkt des OSM-Umgrenzungsrechtecks; kein Eingang"}},{"type":"Feature","id":"osm-way-1377835800","geometry":{"type":"Point","coordinates":[6.9087798,50.9608043]},"properties":{"theme":"dogs","name":"Hundeauslauf · OSM 1377835800","place":"Köln","isDemo":false,"source":"© OpenStreetMap-Mitwirkende","sourceUrl":"https://www.openstreetmap.org/way/1377835800","license":"ODbL 1.0","licenseUrl":"https://opendatacommons.org/licenses/odbl/1-0/","dataAsOf":"2026-09-18T10:54:21Z","positionNote":"Mittelpunkt des OSM-Umgrenzungsrechtecks; kein Eingang"}},{"type":"Feature","id":"osm-way-1510702384","geometry":{"type":"Point","coordinates":[6.9931089,50.9701489]},"properties":{"theme":"dogs","name":"Hundeauslauf · OSM 1510702384","place":"Köln","isDemo":false,"source":"© OpenStreetMap-Mitwirkende","sourceUrl":"https://www.openstreetmap.org/way/1510702384","license":"ODbL 1.0","licenseUrl":"https://opendatacommons.org/licenses/odbl/1-0/","dataAsOf":"2026-09-18T10:54:21Z","positionNote":"Mittelpunkt des OSM-Umgrenzungsrechtecks; kein Eingang"}},{"type":"Feature","id":"osm-way-1512461073","geometry":{"type":"Point","coordinates":[6.9621246,50.9700331]},"properties":{"theme":"dogs","name":"Hundeauslauf · OSM 1512461073","place":"Köln","isDemo":false,"source":"© OpenStreetMap-Mitwirkende","sourceUrl":"https://www.openstreetmap.org/way/1512461073","license":"ODbL 1.0","licenseUrl":"https://opendatacommons.org/licenses/odbl/1-0/","dataAsOf":"2026-09-18T10:54:21Z","positionNote":"Mittelpunkt des OSM-Umgrenzungsrechtecks; kein Eingang"}},{"type":"Feature","id":"osm-way-1512582282","geometry":{"type":"Point","coordinates":[7.0019565,50.9568764]},"properties":{"theme":"dogs","name":"Hundeauslauf · OSM 1512582282","place":"Köln","isDemo":false,"source":"© OpenStreetMap-Mitwirkende","sourceUrl":"https://www.openstreetmap.org/way/1512582282","license":"ODbL 1.0","licenseUrl":"https://opendatacommons.org/licenses/odbl/1-0/","dataAsOf":"2026-09-18T10:54:21Z","positionNote":"Mittelpunkt des OSM-Umgrenzungsrechtecks; kein Eingang"}},{"type":"Feature","id":"osm-way-186757365","geometry":{"type":"Point","coordinates":[6.8379634,50.9300785]},"properties":{"theme":"dogs","name":"Hundeauslauf · OSM 186757365","place":"Köln","isDemo":false,"source":"© OpenStreetMap-Mitwirkende","sourceUrl":"https://www.openstreetmap.org/way/186757365","license":"ODbL 1.0","licenseUrl":"https://opendatacommons.org/licenses/odbl/1-0/","dataAsOf":"2026-09-18T10:54:21Z","positionNote":"Mittelpunkt des OSM-Umgrenzungsrechtecks; kein Eingang"}},{"type":"Feature","id":"osm-way-254822145","geometry":{"type":"Point","coordinates":[6.9249221,50.8950477]},"properties":{"theme":"dogs","name":"Hundeauslauf · OSM 254822145","place":"Köln","isDemo":false,"source":"© OpenStreetMap-Mitwirkende","sourceUrl":"https://www.openstreetmap.org/way/254822145","license":"ODbL 1.0","licenseUrl":"https://opendatacommons.org/licenses/odbl/1-0/","dataAsOf":"2026-09-18T10:54:21Z","positionNote":"Mittelpunkt des OSM-Umgrenzungsrechtecks; kein Eingang"}},{"type":"Feature","id":"osm-way-310367452","geometry":{"type":"Point","coordinates":[7.0671404,50.9687009]},"properties":{"theme":"dogs","name":"Hundeauslauf · OSM 310367452","place":"Köln","isDemo":false,"source":"© OpenStreetMap-Mitwirkende","sourceUrl":"https://www.openstreetmap.org/way/310367452","license":"ODbL 1.0","licenseUrl":"https://opendatacommons.org/licenses/odbl/1-0/","dataAsOf":"2026-09-18T10:54:21Z","positionNote":"Mittelpunkt des OSM-Umgrenzungsrechtecks; kein Eingang"}},{"type":"Feature","id":"osm-way-326533407","geometry":{"type":"Point","coordinates":[6.94919,50.9699302]},"properties":{"theme":"dogs","name":"Hundeauslauf · OSM 326533407","place":"Köln","isDemo":false,"source":"© OpenStreetMap-Mitwirkende","sourceUrl":"https://www.openstreetmap.org/way/326533407","license":"ODbL 1.0","licenseUrl":"https://opendatacommons.org/licenses/odbl/1-0/","dataAsOf":"2026-09-18T10:54:21Z","positionNote":"Mittelpunkt des OSM-Umgrenzungsrechtecks; kein Eingang"}},{"type":"Feature","id":"osm-way-32734771","geometry":{"type":"Point","coordinates":[7.0350137,50.9597291]},"properties":{"theme":"dogs","name":"Hundeauslauf · OSM 32734771","place":"Köln","isDemo":false,"source":"© OpenStreetMap-Mitwirkende","sourceUrl":"https://www.openstreetmap.org/way/32734771","license":"ODbL 1.0","licenseUrl":"https://opendatacommons.org/licenses/odbl/1-0/","dataAsOf":"2026-09-18T10:54:21Z","positionNote":"Mittelpunkt des OSM-Umgrenzungsrechtecks; kein Eingang"}},{"type":"Feature","id":"osm-way-43268425","geometry":{"type":"Point","coordinates":[7.0199989,51.0007441]},"properties":{"theme":"dogs","name":"Hundeauslauf · OSM 43268425","place":"Köln","isDemo":false,"source":"© OpenStreetMap-Mitwirkende","sourceUrl":"https://www.openstreetmap.org/way/43268425","license":"ODbL 1.0","licenseUrl":"https://opendatacommons.org/licenses/odbl/1-0/","dataAsOf":"2026-09-18T10:54:21Z","positionNote":"Mittelpunkt des OSM-Umgrenzungsrechtecks; kein Eingang"}},{"type":"Feature","id":"osm-way-440644291","geometry":{"type":"Point","coordinates":[7.0307166,50.9484188]},"properties":{"theme":"dogs","name":"Hundeauslauf · OSM 440644291","place":"Köln","isDemo":false,"source":"© OpenStreetMap-Mitwirkende","sourceUrl":"https://www.openstreetmap.org/way/440644291","license":"ODbL 1.0","licenseUrl":"https://opendatacommons.org/licenses/odbl/1-0/","dataAsOf":"2026-09-18T10:54:21Z","positionNote":"Mittelpunkt des OSM-Umgrenzungsrechtecks; kein Eingang"}},{"type":"Feature","id":"osm-way-457500635","geometry":{"type":"Point","coordinates":[7.0935585,50.8806201]},"properties":{"theme":"dogs","name":"Hundeauslauf · OSM 457500635","place":"Köln","isDemo":false,"source":"© OpenStreetMap-Mitwirkende","sourceUrl":"https://www.openstreetmap.org/way/457500635","license":"ODbL 1.0","licenseUrl":"https://opendatacommons.org/licenses/odbl/1-0/","dataAsOf":"2026-09-18T10:54:21Z","positionNote":"Mittelpunkt des OSM-Umgrenzungsrechtecks; kein Eingang"}},{"type":"Feature","id":"osm-way-625966868","geometry":{"type":"Point","coordinates":[6.9275654,50.9378819]},"properties":{"theme":"dogs","name":"Hundeauslauf · OSM 625966868","place":"Köln","isDemo":false,"source":"© OpenStreetMap-Mitwirkende","sourceUrl":"https://www.openstreetmap.org/way/625966868","license":"ODbL 1.0","licenseUrl":"https://opendatacommons.org/licenses/odbl/1-0/","dataAsOf":"2026-09-18T10:54:21Z","positionNote":"Mittelpunkt des OSM-Umgrenzungsrechtecks; kein Eingang"}},{"type":"Feature","id":"osm-way-66993492","geometry":{"type":"Point","coordinates":[6.9364347,50.9316635]},"properties":{"theme":"dogs","name":"Hundeauslauf · OSM 66993492","place":"Köln","isDemo":false,"source":"© OpenStreetMap-Mitwirkende","sourceUrl":"https://www.openstreetmap.org/way/66993492","license":"ODbL 1.0","licenseUrl":"https://opendatacommons.org/licenses/odbl/1-0/","dataAsOf":"2026-09-18T10:54:21Z","positionNote":"Mittelpunkt des OSM-Umgrenzungsrechtecks; kein Eingang"}},{"type":"Feature","id":"osm-way-687752774","geometry":{"type":"Point","coordinates":[6.9663754,50.90871]},"properties":{"theme":"dogs","name":"Hundeauslauf · OSM 687752774","place":"Köln","isDemo":false,"source":"© OpenStreetMap-Mitwirkende","sourceUrl":"https://www.openstreetmap.org/way/687752774","license":"ODbL 1.0","licenseUrl":"https://opendatacommons.org/licenses/odbl/1-0/","dataAsOf":"2026-09-18T10:54:21Z","positionNote":"Mittelpunkt des OSM-Umgrenzungsrechtecks; kein Eingang"}},{"type":"Feature","id":"osm-way-854905013","geometry":{"type":"Point","coordinates":[7.0509315,50.8711102]},"properties":{"theme":"dogs","name":"Hundeauslauf · OSM 854905013","place":"Köln","isDemo":false,"source":"© OpenStreetMap-Mitwirkende","sourceUrl":"https://www.openstreetmap.org/way/854905013","license":"ODbL 1.0","licenseUrl":"https://opendatacommons.org/licenses/odbl/1-0/","dataAsOf":"2026-09-18T10:54:21Z","positionNote":"Mittelpunkt des OSM-Umgrenzungsrechtecks; kein Eingang"}},{"type":"Feature","id":"osm-way-88233553","geometry":{"type":"Point","coordinates":[6.9337086,50.9386095]},"properties":{"theme":"dogs","name":"Hundeauslauf · OSM 88233553","place":"Köln","isDemo":false,"source":"© OpenStreetMap-Mitwirkende","sourceUrl":"https://www.openstreetmap.org/way/88233553","license":"ODbL 1.0","licenseUrl":"https://opendatacommons.org/licenses/odbl/1-0/","dataAsOf":"2026-09-18T10:54:21Z","positionNote":"Mittelpunkt des OSM-Umgrenzungsrechtecks; kein Eingang"}},{"type":"Feature","id":"osm-way-896365645","geometry":{"type":"Point","coordinates":[6.8950984,50.9152032]},"properties":{"theme":"dogs","name":"Hundeauslauf · OSM 896365645","place":"Köln","isDemo":false,"source":"© OpenStreetMap-Mitwirkende","sourceUrl":"https://www.openstreetmap.org/way/896365645","license":"ODbL 1.0","licenseUrl":"https://opendatacommons.org/licenses/odbl/1-0/","dataAsOf":"2026-09-18T10:54:21Z","positionNote":"Mittelpunkt des OSM-Umgrenzungsrechtecks; kein Eingang"}},{"type":"Feature","id":"osm-node-10980552425","geometry":{"type":"Point","coordinates":[6.9175479,50.9462974]},"properties":{"theme":"gardens","name":"Garten · OSM 10980552425","place":"Köln","isDemo":false,"source":"© OpenStreetMap-Mitwirkende","sourceUrl":"https://www.openstreetmap.org/node/10980552425","license":"ODbL 1.0","licenseUrl":"https://opendatacommons.org/licenses/odbl/1-0/","dataAsOf":"2026-09-18T10:54:21Z","positionNote":"OSM-Punktstandort","kind":"community"}},{"type":"Feature","id":"osm-node-10980552426","geometry":{"type":"Point","coordinates":[6.9177841,50.946429]},"properties":{"theme":"gardens","name":"Garten · OSM 10980552426","place":"Köln","isDemo":false,"source":"© OpenStreetMap-Mitwirkende","sourceUrl":"https://www.openstreetmap.org/node/10980552426","license":"ODbL 1.0","licenseUrl":"https://opendatacommons.org/licenses/odbl/1-0/","dataAsOf":"2026-09-18T10:54:21Z","positionNote":"OSM-Punktstandort","kind":"community"}},{"type":"Feature","id":"osm-node-4794789269","geometry":{"type":"Point","coordinates":[6.8601027,50.9573691]},"properties":{"theme":"gardens","name":"Garten · OSM 4794789269","place":"Köln","isDemo":false,"source":"© OpenStreetMap-Mitwirkende","sourceUrl":"https://www.openstreetmap.org/node/4794789269","license":"ODbL 1.0","licenseUrl":"https://opendatacommons.org/licenses/odbl/1-0/","dataAsOf":"2026-09-18T10:54:21Z","positionNote":"OSM-Punktstandort"}},{"type":"Feature","id":"osm-way-103012258","geometry":{"type":"Point","coordinates":[6.9911936,50.9048247]},"properties":{"theme":"gardens","name":"Garten · OSM 103012258","place":"Köln","isDemo":false,"source":"© OpenStreetMap-Mitwirkende","sourceUrl":"https://www.openstreetmap.org/way/103012258","license":"ODbL 1.0","licenseUrl":"https://opendatacommons.org/licenses/odbl/1-0/","dataAsOf":"2026-09-18T10:54:21Z","positionNote":"Mittelpunkt des OSM-Umgrenzungsrechtecks; kein Eingang"}},{"type":"Feature","id":"osm-way-1067005932","geometry":{"type":"Point","coordinates":[6.9403888,50.9059161]},"properties":{"theme":"gardens","name":"Garten · OSM 1067005932","place":"Köln","isDemo":false,"source":"© OpenStreetMap-Mitwirkende","sourceUrl":"https://www.openstreetmap.org/way/1067005932","license":"ODbL 1.0","licenseUrl":"https://opendatacommons.org/licenses/odbl/1-0/","dataAsOf":"2026-09-18T10:54:21Z","positionNote":"Mittelpunkt des OSM-Umgrenzungsrechtecks; kein Eingang"}},{"type":"Feature","id":"osm-way-1067005933","geometry":{"type":"Point","coordinates":[6.9449325,50.9065369]},"properties":{"theme":"gardens","name":"Garten · OSM 1067005933","place":"Köln","isDemo":false,"source":"© OpenStreetMap-Mitwirkende","sourceUrl":"https://www.openstreetmap.org/way/1067005933","license":"ODbL 1.0","licenseUrl":"https://opendatacommons.org/licenses/odbl/1-0/","dataAsOf":"2026-09-18T10:54:21Z","positionNote":"Mittelpunkt des OSM-Umgrenzungsrechtecks; kein Eingang"}},{"type":"Feature","id":"osm-way-1067005934","geometry":{"type":"Point","coordinates":[6.9435809,50.9065686]},"properties":{"theme":"gardens","name":"Garten · OSM 1067005934","place":"Köln","isDemo":false,"source":"© OpenStreetMap-Mitwirkende","sourceUrl":"https://www.openstreetmap.org/way/1067005934","license":"ODbL 1.0","licenseUrl":"https://opendatacommons.org/licenses/odbl/1-0/","dataAsOf":"2026-09-18T10:54:21Z","positionNote":"Mittelpunkt des OSM-Umgrenzungsrechtecks; kein Eingang"}},{"type":"Feature","id":"osm-way-1067005935","geometry":{"type":"Point","coordinates":[6.9448219,50.9052066]},"properties":{"theme":"gardens","name":"Garten · OSM 1067005935","place":"Köln","isDemo":false,"source":"© OpenStreetMap-Mitwirkende","sourceUrl":"https://www.openstreetmap.org/way/1067005935","license":"ODbL 1.0","licenseUrl":"https://opendatacommons.org/licenses/odbl/1-0/","dataAsOf":"2026-09-18T10:54:21Z","positionNote":"Mittelpunkt des OSM-Umgrenzungsrechtecks; kein Eingang"}},{"type":"Feature","id":"osm-way-1067005936","geometry":{"type":"Point","coordinates":[6.9436551,50.905296]},"properties":{"theme":"gardens","name":"Garten · OSM 1067005936","place":"Köln","isDemo":false,"source":"© OpenStreetMap-Mitwirkende","sourceUrl":"https://www.openstreetmap.org/way/1067005936","license":"ODbL 1.0","licenseUrl":"https://opendatacommons.org/licenses/odbl/1-0/","dataAsOf":"2026-09-18T10:54:21Z","positionNote":"Mittelpunkt des OSM-Umgrenzungsrechtecks; kein Eingang"}},{"type":"Feature","id":"osm-way-1067005937","geometry":{"type":"Point","coordinates":[6.9423032,50.9062835]},"properties":{"theme":"gardens","name":"Garten · OSM 1067005937","place":"Köln","isDemo":false,"source":"© OpenStreetMap-Mitwirkende","sourceUrl":"https://www.openstreetmap.org/way/1067005937","license":"ODbL 1.0","licenseUrl":"https://opendatacommons.org/licenses/odbl/1-0/","dataAsOf":"2026-09-18T10:54:21Z","positionNote":"Mittelpunkt des OSM-Umgrenzungsrechtecks; kein Eingang"}},{"type":"Feature","id":"osm-way-1067005938","geometry":{"type":"Point","coordinates":[6.941498,50.9057358]},"properties":{"theme":"gardens","name":"Garten · OSM 1067005938","place":"Köln","isDemo":false,"source":"© OpenStreetMap-Mitwirkende","sourceUrl":"https://www.openstreetmap.org/way/1067005938","license":"ODbL 1.0","licenseUrl":"https://opendatacommons.org/licenses/odbl/1-0/","dataAsOf":"2026-09-18T10:54:21Z","positionNote":"Mittelpunkt des OSM-Umgrenzungsrechtecks; kein Eingang"}},{"type":"Feature","id":"osm-way-1067006582","geometry":{"type":"Point","coordinates":[6.9419053,50.9085291]},"properties":{"theme":"gardens","name":"Garten · OSM 1067006582","place":"Köln","isDemo":false,"source":"© OpenStreetMap-Mitwirkende","sourceUrl":"https://www.openstreetmap.org/way/1067006582","license":"ODbL 1.0","licenseUrl":"https://opendatacommons.org/licenses/odbl/1-0/","dataAsOf":"2026-09-18T10:54:21Z","positionNote":"Mittelpunkt des OSM-Umgrenzungsrechtecks; kein Eingang"}},{"type":"Feature","id":"osm-way-1074974002","geometry":{"type":"Point","coordinates":[6.9181868,50.9140298]},"properties":{"theme":"gardens","name":"Garten · OSM 1074974002","place":"Köln","isDemo":false,"source":"© OpenStreetMap-Mitwirkende","sourceUrl":"https://www.openstreetmap.org/way/1074974002","license":"ODbL 1.0","licenseUrl":"https://opendatacommons.org/licenses/odbl/1-0/","dataAsOf":"2026-09-18T10:54:21Z","positionNote":"Mittelpunkt des OSM-Umgrenzungsrechtecks; kein Eingang","kind":"private"}},{"type":"Feature","id":"osm-way-1074974003","geometry":{"type":"Point","coordinates":[6.9186096,50.9143]},"properties":{"theme":"gardens","name":"Garten · OSM 1074974003","place":"Köln","isDemo":false,"source":"© OpenStreetMap-Mitwirkende","sourceUrl":"https://www.openstreetmap.org/way/1074974003","license":"ODbL 1.0","licenseUrl":"https://opendatacommons.org/licenses/odbl/1-0/","dataAsOf":"2026-09-18T10:54:21Z","positionNote":"Mittelpunkt des OSM-Umgrenzungsrechtecks; kein Eingang","kind":"private"}},{"type":"Feature","id":"osm-way-1074974004","geometry":{"type":"Point","coordinates":[6.9178612,50.913593]},"properties":{"theme":"gardens","name":"Garten · OSM 1074974004","place":"Köln","isDemo":false,"source":"© OpenStreetMap-Mitwirkende","sourceUrl":"https://www.openstreetmap.org/way/1074974004","license":"ODbL 1.0","licenseUrl":"https://opendatacommons.org/licenses/odbl/1-0/","dataAsOf":"2026-09-18T10:54:21Z","positionNote":"Mittelpunkt des OSM-Umgrenzungsrechtecks; kein Eingang","kind":"private"}},{"type":"Feature","id":"osm-way-1074974005","geometry":{"type":"Point","coordinates":[6.9176886,50.9137715]},"properties":{"theme":"gardens","name":"Garten · OSM 1074974005","place":"Köln","isDemo":false,"source":"© OpenStreetMap-Mitwirkende","sourceUrl":"https://www.openstreetmap.org/way/1074974005","license":"ODbL 1.0","licenseUrl":"https://opendatacommons.org/licenses/odbl/1-0/","dataAsOf":"2026-09-18T10:54:21Z","positionNote":"Mittelpunkt des OSM-Umgrenzungsrechtecks; kein Eingang"}},{"type":"Feature","id":"osm-way-1074974006","geometry":{"type":"Point","coordinates":[6.9175287,50.9136553]},"properties":{"theme":"gardens","name":"Garten · OSM 1074974006","place":"Köln","isDemo":false,"source":"© OpenStreetMap-Mitwirkende","sourceUrl":"https://www.openstreetmap.org/way/1074974006","license":"ODbL 1.0","licenseUrl":"https://opendatacommons.org/licenses/odbl/1-0/","dataAsOf":"2026-09-18T10:54:21Z","positionNote":"Mittelpunkt des OSM-Umgrenzungsrechtecks; kein Eingang"}},{"type":"Feature","id":"osm-way-1074974007","geometry":{"type":"Point","coordinates":[6.9173438,50.9135464]},"properties":{"theme":"gardens","name":"Garten · OSM 1074974007","place":"Köln","isDemo":false,"source":"© OpenStreetMap-Mitwirkende","sourceUrl":"https://www.openstreetmap.org/way/1074974007","license":"ODbL 1.0","licenseUrl":"https://opendatacommons.org/licenses/odbl/1-0/","dataAsOf":"2026-09-18T10:54:21Z","positionNote":"Mittelpunkt des OSM-Umgrenzungsrechtecks; kein Eingang","kind":"private"}},{"type":"Feature","id":"osm-way-1074974008","geometry":{"type":"Point","coordinates":[6.9173597,50.9134294]},"properties":{"theme":"gardens","name":"Garten · OSM 1074974008","place":"Köln","isDemo":false,"source":"© OpenStreetMap-Mitwirkende","sourceUrl":"https://www.openstreetmap.org/way/1074974008","license":"ODbL 1.0","licenseUrl":"https://opendatacommons.org/licenses/odbl/1-0/","dataAsOf":"2026-09-18T10:54:21Z","positionNote":"Mittelpunkt des OSM-Umgrenzungsrechtecks; kein Eingang","kind":"private"}},{"type":"Feature","id":"osm-way-1074974009","geometry":{"type":"Point","coordinates":[6.9175645,50.9132468]},"properties":{"theme":"gardens","name":"Garten · OSM 1074974009","place":"Köln","isDemo":false,"source":"© OpenStreetMap-Mitwirkende","sourceUrl":"https://www.openstreetmap.org/way/1074974009","license":"ODbL 1.0","licenseUrl":"https://opendatacommons.org/licenses/odbl/1-0/","dataAsOf":"2026-09-18T10:54:21Z","positionNote":"Mittelpunkt des OSM-Umgrenzungsrechtecks; kein Eingang","kind":"private"}},{"type":"Feature","id":"osm-way-1075860084","geometry":{"type":"Point","coordinates":[6.9206118,50.9126195]},"properties":{"theme":"gardens","name":"Garten · OSM 1075860084","place":"Köln","isDemo":false,"source":"© OpenStreetMap-Mitwirkende","sourceUrl":"https://www.openstreetmap.org/way/1075860084","license":"ODbL 1.0","licenseUrl":"https://opendatacommons.org/licenses/odbl/1-0/","dataAsOf":"2026-09-18T10:54:21Z","positionNote":"Mittelpunkt des OSM-Umgrenzungsrechtecks; kein Eingang"}},{"type":"Feature","id":"osm-way-1102709050","geometry":{"type":"Point","coordinates":[7.0366762,50.9910033]},"properties":{"theme":"gardens","name":"Garten · OSM 1102709050","place":"Köln","isDemo":false,"source":"© OpenStreetMap-Mitwirkende","sourceUrl":"https://www.openstreetmap.org/way/1102709050","license":"ODbL 1.0","licenseUrl":"https://opendatacommons.org/licenses/odbl/1-0/","dataAsOf":"2026-09-18T10:54:21Z","positionNote":"Mittelpunkt des OSM-Umgrenzungsrechtecks; kein Eingang"}},{"type":"Feature","id":"osm-way-113824485","geometry":{"type":"Point","coordinates":[6.9307297,50.9515876]},"properties":{"theme":"gardens","name":"Garten · OSM 113824485","place":"Köln","isDemo":false,"source":"© OpenStreetMap-Mitwirkende","sourceUrl":"https://www.openstreetmap.org/way/113824485","license":"ODbL 1.0","licenseUrl":"https://opendatacommons.org/licenses/odbl/1-0/","dataAsOf":"2026-09-18T10:54:21Z","positionNote":"Mittelpunkt des OSM-Umgrenzungsrechtecks; kein Eingang"}},{"type":"Feature","id":"osm-way-113824486","geometry":{"type":"Point","coordinates":[6.9314913,50.952067]},"properties":{"theme":"gardens","name":"Garten · OSM 113824486","place":"Köln","isDemo":false,"source":"© OpenStreetMap-Mitwirkende","sourceUrl":"https://www.openstreetmap.org/way/113824486","license":"ODbL 1.0","licenseUrl":"https://opendatacommons.org/licenses/odbl/1-0/","dataAsOf":"2026-09-18T10:54:21Z","positionNote":"Mittelpunkt des OSM-Umgrenzungsrechtecks; kein Eingang"}},{"type":"Feature","id":"osm-way-115645137","geometry":{"type":"Point","coordinates":[6.9315285,50.924382]},"properties":{"theme":"gardens","name":"Garten · OSM 115645137","place":"Köln","isDemo":false,"source":"© OpenStreetMap-Mitwirkende","sourceUrl":"https://www.openstreetmap.org/way/115645137","license":"ODbL 1.0","licenseUrl":"https://opendatacommons.org/licenses/odbl/1-0/","dataAsOf":"2026-09-18T10:54:21Z","positionNote":"Mittelpunkt des OSM-Umgrenzungsrechtecks; kein Eingang"}},{"type":"Feature","id":"osm-way-1176146122","geometry":{"type":"Point","coordinates":[6.9623898,50.9666384]},"properties":{"theme":"gardens","name":"Garten · OSM 1176146122","place":"Köln","isDemo":false,"source":"© OpenStreetMap-Mitwirkende","sourceUrl":"https://www.openstreetmap.org/way/1176146122","license":"ODbL 1.0","licenseUrl":"https://opendatacommons.org/licenses/odbl/1-0/","dataAsOf":"2026-09-18T10:54:21Z","positionNote":"Mittelpunkt des OSM-Umgrenzungsrechtecks; kein Eingang"}},{"type":"Feature","id":"osm-way-1176146123","geometry":{"type":"Point","coordinates":[6.9613588,50.9669544]},"properties":{"theme":"gardens","name":"Garten · OSM 1176146123","place":"Köln","isDemo":false,"source":"© OpenStreetMap-Mitwirkende","sourceUrl":"https://www.openstreetmap.org/way/1176146123","license":"ODbL 1.0","licenseUrl":"https://opendatacommons.org/licenses/odbl/1-0/","dataAsOf":"2026-09-18T10:54:21Z","positionNote":"Mittelpunkt des OSM-Umgrenzungsrechtecks; kein Eingang"}},{"type":"Feature","id":"osm-way-1185154996","geometry":{"type":"Point","coordinates":[6.9575742,50.9344773]},"properties":{"theme":"gardens","name":"Garten · OSM 1185154996","place":"Köln","isDemo":false,"source":"© OpenStreetMap-Mitwirkende","sourceUrl":"https://www.openstreetmap.org/way/1185154996","license":"ODbL 1.0","licenseUrl":"https://opendatacommons.org/licenses/odbl/1-0/","dataAsOf":"2026-09-18T10:54:21Z","positionNote":"Mittelpunkt des OSM-Umgrenzungsrechtecks; kein Eingang"}},{"type":"Feature","id":"osm-way-1185355273","geometry":{"type":"Point","coordinates":[6.9585747,50.9342171]},"properties":{"theme":"gardens","name":"Garten · OSM 1185355273","place":"Köln","isDemo":false,"source":"© OpenStreetMap-Mitwirkende","sourceUrl":"https://www.openstreetmap.org/way/1185355273","license":"ODbL 1.0","licenseUrl":"https://opendatacommons.org/licenses/odbl/1-0/","dataAsOf":"2026-09-18T10:54:21Z","positionNote":"Mittelpunkt des OSM-Umgrenzungsrechtecks; kein Eingang"}},{"type":"Feature","id":"osm-way-1185434671","geometry":{"type":"Point","coordinates":[6.9581081,50.9344426]},"properties":{"theme":"gardens","name":"Garten · OSM 1185434671","place":"Köln","isDemo":false,"source":"© OpenStreetMap-Mitwirkende","sourceUrl":"https://www.openstreetmap.org/way/1185434671","license":"ODbL 1.0","licenseUrl":"https://opendatacommons.org/licenses/odbl/1-0/","dataAsOf":"2026-09-18T10:54:21Z","positionNote":"Mittelpunkt des OSM-Umgrenzungsrechtecks; kein Eingang"}},{"type":"Feature","id":"osm-way-1185435466","geometry":{"type":"Point","coordinates":[6.9583682,50.9350397]},"properties":{"theme":"gardens","name":"Garten · OSM 1185435466","place":"Köln","isDemo":false,"source":"© OpenStreetMap-Mitwirkende","sourceUrl":"https://www.openstreetmap.org/way/1185435466","license":"ODbL 1.0","licenseUrl":"https://opendatacommons.org/licenses/odbl/1-0/","dataAsOf":"2026-09-18T10:54:21Z","positionNote":"Mittelpunkt des OSM-Umgrenzungsrechtecks; kein Eingang"}},{"type":"Feature","id":"osm-way-1185446712","geometry":{"type":"Point","coordinates":[6.9580738,50.9348846]},"properties":{"theme":"gardens","name":"Garten · OSM 1185446712","place":"Köln","isDemo":false,"source":"© OpenStreetMap-Mitwirkende","sourceUrl":"https://www.openstreetmap.org/way/1185446712","license":"ODbL 1.0","licenseUrl":"https://opendatacommons.org/licenses/odbl/1-0/","dataAsOf":"2026-09-18T10:54:21Z","positionNote":"Mittelpunkt des OSM-Umgrenzungsrechtecks; kein Eingang"}},{"type":"Feature","id":"osm-way-1232024806","geometry":{"type":"Point","coordinates":[7.0224089,50.9512767]},"properties":{"theme":"gardens","name":"Garten · OSM 1232024806","place":"Köln","isDemo":false,"source":"© OpenStreetMap-Mitwirkende","sourceUrl":"https://www.openstreetmap.org/way/1232024806","license":"ODbL 1.0","licenseUrl":"https://opendatacommons.org/licenses/odbl/1-0/","dataAsOf":"2026-09-18T10:54:21Z","positionNote":"Mittelpunkt des OSM-Umgrenzungsrechtecks; kein Eingang","kind":"community"}},{"type":"Feature","id":"osm-way-1297351126","geometry":{"type":"Point","coordinates":[6.8697419,50.9798064]},"properties":{"theme":"gardens","name":"Garten · OSM 1297351126","place":"Köln","isDemo":false,"source":"© OpenStreetMap-Mitwirkende","sourceUrl":"https://www.openstreetmap.org/way/1297351126","license":"ODbL 1.0","licenseUrl":"https://opendatacommons.org/licenses/odbl/1-0/","dataAsOf":"2026-09-18T10:54:21Z","positionNote":"Mittelpunkt des OSM-Umgrenzungsrechtecks; kein Eingang","kind":"community"}},{"type":"Feature","id":"osm-way-132210085","geometry":{"type":"Point","coordinates":[6.8797118,50.9401788]},"properties":{"theme":"gardens","name":"Garten · OSM 132210085","place":"Köln","isDemo":false,"source":"© OpenStreetMap-Mitwirkende","sourceUrl":"https://www.openstreetmap.org/way/132210085","license":"ODbL 1.0","licenseUrl":"https://opendatacommons.org/licenses/odbl/1-0/","dataAsOf":"2026-09-18T10:54:21Z","positionNote":"Mittelpunkt des OSM-Umgrenzungsrechtecks; kein Eingang"}},{"type":"Feature","id":"osm-way-1329661847","geometry":{"type":"Point","coordinates":[6.9182682,50.9137532]},"properties":{"theme":"gardens","name":"Garten · OSM 1329661847","place":"Köln","isDemo":false,"source":"© OpenStreetMap-Mitwirkende","sourceUrl":"https://www.openstreetmap.org/way/1329661847","license":"ODbL 1.0","licenseUrl":"https://opendatacommons.org/licenses/odbl/1-0/","dataAsOf":"2026-09-18T10:54:21Z","positionNote":"Mittelpunkt des OSM-Umgrenzungsrechtecks; kein Eingang","kind":"private"}},{"type":"Feature","id":"osm-way-1329661848","geometry":{"type":"Point","coordinates":[6.9184145,50.9138486]},"properties":{"theme":"gardens","name":"Garten · OSM 1329661848","place":"Köln","isDemo":false,"source":"© OpenStreetMap-Mitwirkende","sourceUrl":"https://www.openstreetmap.org/way/1329661848","license":"ODbL 1.0","licenseUrl":"https://opendatacommons.org/licenses/odbl/1-0/","dataAsOf":"2026-09-18T10:54:21Z","positionNote":"Mittelpunkt des OSM-Umgrenzungsrechtecks; kein Eingang","kind":"private"}},{"type":"Feature","id":"osm-way-1329661849","geometry":{"type":"Point","coordinates":[6.9185843,50.9139586]},"properties":{"theme":"gardens","name":"Garten · OSM 1329661849","place":"Köln","isDemo":false,"source":"© OpenStreetMap-Mitwirkende","sourceUrl":"https://www.openstreetmap.org/way/1329661849","license":"ODbL 1.0","licenseUrl":"https://opendatacommons.org/licenses/odbl/1-0/","dataAsOf":"2026-09-18T10:54:21Z","positionNote":"Mittelpunkt des OSM-Umgrenzungsrechtecks; kein Eingang","kind":"private"}},{"type":"Feature","id":"osm-way-1333443320","geometry":{"type":"Point","coordinates":[6.8550186,50.9384737]},"properties":{"theme":"gardens","name":"Garten · OSM 1333443320","place":"Köln","isDemo":false,"source":"© OpenStreetMap-Mitwirkende","sourceUrl":"https://www.openstreetmap.org/way/1333443320","license":"ODbL 1.0","licenseUrl":"https://opendatacommons.org/licenses/odbl/1-0/","dataAsOf":"2026-09-18T10:54:21Z","positionNote":"Mittelpunkt des OSM-Umgrenzungsrechtecks; kein Eingang"}},{"type":"Feature","id":"osm-way-1354924362","geometry":{"type":"Point","coordinates":[6.9704565,50.9602313]},"properties":{"theme":"gardens","name":"Garten · OSM 1354924362","place":"Köln","isDemo":false,"source":"© OpenStreetMap-Mitwirkende","sourceUrl":"https://www.openstreetmap.org/way/1354924362","license":"ODbL 1.0","licenseUrl":"https://opendatacommons.org/licenses/odbl/1-0/","dataAsOf":"2026-09-18T10:54:21Z","positionNote":"Mittelpunkt des OSM-Umgrenzungsrechtecks; kein Eingang","kind":"roof_garden"}},{"type":"Feature","id":"osm-way-1355335705","geometry":{"type":"Point","coordinates":[6.901434,50.967666]},"properties":{"theme":"gardens","name":"Garten · OSM 1355335705","place":"Köln","isDemo":false,"source":"© OpenStreetMap-Mitwirkende","sourceUrl":"https://www.openstreetmap.org/way/1355335705","license":"ODbL 1.0","licenseUrl":"https://opendatacommons.org/licenses/odbl/1-0/","dataAsOf":"2026-09-18T10:54:21Z","positionNote":"Mittelpunkt des OSM-Umgrenzungsrechtecks; kein Eingang","kind":"community"}},{"type":"Feature","id":"osm-way-1355335706","geometry":{"type":"Point","coordinates":[6.9003627,50.9680294]},"properties":{"theme":"gardens","name":"Garten · OSM 1355335706","place":"Köln","isDemo":false,"source":"© OpenStreetMap-Mitwirkende","sourceUrl":"https://www.openstreetmap.org/way/1355335706","license":"ODbL 1.0","licenseUrl":"https://opendatacommons.org/licenses/odbl/1-0/","dataAsOf":"2026-09-18T10:54:21Z","positionNote":"Mittelpunkt des OSM-Umgrenzungsrechtecks; kein Eingang","kind":"community"}},{"type":"Feature","id":"osm-way-1355335707","geometry":{"type":"Point","coordinates":[6.9025002,50.9680235]},"properties":{"theme":"gardens","name":"Garten · OSM 1355335707","place":"Köln","isDemo":false,"source":"© OpenStreetMap-Mitwirkende","sourceUrl":"https://www.openstreetmap.org/way/1355335707","license":"ODbL 1.0","licenseUrl":"https://opendatacommons.org/licenses/odbl/1-0/","dataAsOf":"2026-09-18T10:54:21Z","positionNote":"Mittelpunkt des OSM-Umgrenzungsrechtecks; kein Eingang","kind":"community"}},{"type":"Feature","id":"osm-way-1355335708","geometry":{"type":"Point","coordinates":[6.9036602,50.967903]},"properties":{"theme":"gardens","name":"Garten · OSM 1355335708","place":"Köln","isDemo":false,"source":"© OpenStreetMap-Mitwirkende","sourceUrl":"https://www.openstreetmap.org/way/1355335708","license":"ODbL 1.0","licenseUrl":"https://opendatacommons.org/licenses/odbl/1-0/","dataAsOf":"2026-09-18T10:54:21Z","positionNote":"Mittelpunkt des OSM-Umgrenzungsrechtecks; kein Eingang","kind":"community"}},{"type":"Feature","id":"osm-way-1355335709","geometry":{"type":"Point","coordinates":[6.9047684,50.9679369]},"properties":{"theme":"gardens","name":"Garten · OSM 1355335709","place":"Köln","isDemo":false,"source":"© OpenStreetMap-Mitwirkende","sourceUrl":"https://www.openstreetmap.org/way/1355335709","license":"ODbL 1.0","licenseUrl":"https://opendatacommons.org/licenses/odbl/1-0/","dataAsOf":"2026-09-18T10:54:21Z","positionNote":"Mittelpunkt des OSM-Umgrenzungsrechtecks; kein Eingang","kind":"community"}},{"type":"Feature","id":"osm-way-1355335710","geometry":{"type":"Point","coordinates":[6.9050341,50.9679369]},"properties":{"theme":"gardens","name":"Garten · OSM 1355335710","place":"Köln","isDemo":false,"source":"© OpenStreetMap-Mitwirkende","sourceUrl":"https://www.openstreetmap.org/way/1355335710","license":"ODbL 1.0","licenseUrl":"https://opendatacommons.org/licenses/odbl/1-0/","dataAsOf":"2026-09-18T10:54:21Z","positionNote":"Mittelpunkt des OSM-Umgrenzungsrechtecks; kein Eingang"}},{"type":"Feature","id":"osm-way-136504429","geometry":{"type":"Point","coordinates":[7.0131059,50.954954]},"properties":{"theme":"gardens","name":"Garten · OSM 136504429","place":"Köln","isDemo":false,"source":"© OpenStreetMap-Mitwirkende","sourceUrl":"https://www.openstreetmap.org/way/136504429","license":"ODbL 1.0","licenseUrl":"https://opendatacommons.org/licenses/odbl/1-0/","dataAsOf":"2026-09-18T10:54:21Z","positionNote":"Mittelpunkt des OSM-Umgrenzungsrechtecks; kein Eingang"}},{"type":"Feature","id":"osm-way-136504430","geometry":{"type":"Point","coordinates":[7.0128031,50.9550019]},"properties":{"theme":"gardens","name":"Garten · OSM 136504430","place":"Köln","isDemo":false,"source":"© OpenStreetMap-Mitwirkende","sourceUrl":"https://www.openstreetmap.org/way/136504430","license":"ODbL 1.0","licenseUrl":"https://opendatacommons.org/licenses/odbl/1-0/","dataAsOf":"2026-09-18T10:54:21Z","positionNote":"Mittelpunkt des OSM-Umgrenzungsrechtecks; kein Eingang"}},{"type":"Feature","id":"osm-way-136504431","geometry":{"type":"Point","coordinates":[7.0129345,50.9549809]},"properties":{"theme":"gardens","name":"Garten · OSM 136504431","place":"Köln","isDemo":false,"source":"© OpenStreetMap-Mitwirkende","sourceUrl":"https://www.openstreetmap.org/way/136504431","license":"ODbL 1.0","licenseUrl":"https://opendatacommons.org/licenses/odbl/1-0/","dataAsOf":"2026-09-18T10:54:21Z","positionNote":"Mittelpunkt des OSM-Umgrenzungsrechtecks; kein Eingang"}},{"type":"Feature","id":"osm-way-136504432","geometry":{"type":"Point","coordinates":[7.0133294,50.954911]},"properties":{"theme":"gardens","name":"Garten · OSM 136504432","place":"Köln","isDemo":false,"source":"© OpenStreetMap-Mitwirkende","sourceUrl":"https://www.openstreetmap.org/way/136504432","license":"ODbL 1.0","licenseUrl":"https://opendatacommons.org/licenses/odbl/1-0/","dataAsOf":"2026-09-18T10:54:21Z","positionNote":"Mittelpunkt des OSM-Umgrenzungsrechtecks; kein Eingang"}},{"type":"Feature","id":"osm-way-136504433","geometry":{"type":"Point","coordinates":[7.0126745,50.9550682]},"properties":{"theme":"gardens","name":"Garten · OSM 136504433","place":"Köln","isDemo":false,"source":"© OpenStreetMap-Mitwirkende","sourceUrl":"https://www.openstreetmap.org/way/136504433","license":"ODbL 1.0","licenseUrl":"https://opendatacommons.org/licenses/odbl/1-0/","dataAsOf":"2026-09-18T10:54:21Z","positionNote":"Mittelpunkt des OSM-Umgrenzungsrechtecks; kein Eingang"}},{"type":"Feature","id":"osm-way-1373902584","geometry":{"type":"Point","coordinates":[6.9364246,50.9358001]},"properties":{"theme":"gardens","name":"Garten · OSM 1373902584","place":"Köln","isDemo":false,"source":"© OpenStreetMap-Mitwirkende","sourceUrl":"https://www.openstreetmap.org/way/1373902584","license":"ODbL 1.0","licenseUrl":"https://opendatacommons.org/licenses/odbl/1-0/","dataAsOf":"2026-09-18T10:54:21Z","positionNote":"Mittelpunkt des OSM-Umgrenzungsrechtecks; kein Eingang","kind":"urban"}},{"type":"Feature","id":"osm-way-1384486122","geometry":{"type":"Point","coordinates":[6.8443017,51.0462533]},"properties":{"theme":"gardens","name":"Garten · OSM 1384486122","place":"Köln","isDemo":false,"source":"© OpenStreetMap-Mitwirkende","sourceUrl":"https://www.openstreetmap.org/way/1384486122","license":"ODbL 1.0","licenseUrl":"https://opendatacommons.org/licenses/odbl/1-0/","dataAsOf":"2026-09-18T10:54:21Z","positionNote":"Mittelpunkt des OSM-Umgrenzungsrechtecks; kein Eingang"}},{"type":"Feature","id":"osm-way-1387750405","geometry":{"type":"Point","coordinates":[6.9014481,50.970753]},"properties":{"theme":"gardens","name":"Garten · OSM 1387750405","place":"Köln","isDemo":false,"source":"© OpenStreetMap-Mitwirkende","sourceUrl":"https://www.openstreetmap.org/way/1387750405","license":"ODbL 1.0","licenseUrl":"https://opendatacommons.org/licenses/odbl/1-0/","dataAsOf":"2026-09-18T10:54:21Z","positionNote":"Mittelpunkt des OSM-Umgrenzungsrechtecks; kein Eingang"}},{"type":"Feature","id":"osm-way-1397234981","geometry":{"type":"Point","coordinates":[6.9826059,50.9875785]},"properties":{"theme":"gardens","name":"Garten · OSM 1397234981","place":"Köln","isDemo":false,"source":"© OpenStreetMap-Mitwirkende","sourceUrl":"https://www.openstreetmap.org/way/1397234981","license":"ODbL 1.0","licenseUrl":"https://opendatacommons.org/licenses/odbl/1-0/","dataAsOf":"2026-09-18T10:54:21Z","positionNote":"Mittelpunkt des OSM-Umgrenzungsrechtecks; kein Eingang","kind":"private"}},{"type":"Feature","id":"osm-way-1424879046","geometry":{"type":"Point","coordinates":[7.0736479,50.9477268]},"properties":{"theme":"gardens","name":"Garten · OSM 1424879046","place":"Köln","isDemo":false,"source":"© OpenStreetMap-Mitwirkende","sourceUrl":"https://www.openstreetmap.org/way/1424879046","license":"ODbL 1.0","licenseUrl":"https://opendatacommons.org/licenses/odbl/1-0/","dataAsOf":"2026-09-18T10:54:21Z","positionNote":"Mittelpunkt des OSM-Umgrenzungsrechtecks; kein Eingang","kind":"residential"}},{"type":"Feature","id":"osm-way-1424879047","geometry":{"type":"Point","coordinates":[7.0739818,50.94784]},"properties":{"theme":"gardens","name":"Garten · OSM 1424879047","place":"Köln","isDemo":false,"source":"© OpenStreetMap-Mitwirkende","sourceUrl":"https://www.openstreetmap.org/way/1424879047","license":"ODbL 1.0","licenseUrl":"https://opendatacommons.org/licenses/odbl/1-0/","dataAsOf":"2026-09-18T10:54:21Z","positionNote":"Mittelpunkt des OSM-Umgrenzungsrechtecks; kein Eingang","kind":"residential"}},{"type":"Feature","id":"osm-way-1424879048","geometry":{"type":"Point","coordinates":[7.0740121,50.9477811]},"properties":{"theme":"gardens","name":"Garten · OSM 1424879048","place":"Köln","isDemo":false,"source":"© OpenStreetMap-Mitwirkende","sourceUrl":"https://www.openstreetmap.org/way/1424879048","license":"ODbL 1.0","licenseUrl":"https://opendatacommons.org/licenses/odbl/1-0/","dataAsOf":"2026-09-18T10:54:21Z","positionNote":"Mittelpunkt des OSM-Umgrenzungsrechtecks; kein Eingang","kind":"residential"}},{"type":"Feature","id":"osm-way-1424879049","geometry":{"type":"Point","coordinates":[7.0740238,50.9477287]},"properties":{"theme":"gardens","name":"Garten · OSM 1424879049","place":"Köln","isDemo":false,"source":"© OpenStreetMap-Mitwirkende","sourceUrl":"https://www.openstreetmap.org/way/1424879049","license":"ODbL 1.0","licenseUrl":"https://opendatacommons.org/licenses/odbl/1-0/","dataAsOf":"2026-09-18T10:54:21Z","positionNote":"Mittelpunkt des OSM-Umgrenzungsrechtecks; kein Eingang","kind":"residential"}},{"type":"Feature","id":"osm-way-1424879050","geometry":{"type":"Point","coordinates":[7.0740279,50.9476764]},"properties":{"theme":"gardens","name":"Garten · OSM 1424879050","place":"Köln","isDemo":false,"source":"© OpenStreetMap-Mitwirkende","sourceUrl":"https://www.openstreetmap.org/way/1424879050","license":"ODbL 1.0","licenseUrl":"https://opendatacommons.org/licenses/odbl/1-0/","dataAsOf":"2026-09-18T10:54:21Z","positionNote":"Mittelpunkt des OSM-Umgrenzungsrechtecks; kein Eingang","kind":"residential"}},{"type":"Feature","id":"osm-way-1424879051","geometry":{"type":"Point","coordinates":[7.0740323,50.9476247]},"properties":{"theme":"gardens","name":"Garten · OSM 1424879051","place":"Köln","isDemo":false,"source":"© OpenStreetMap-Mitwirkende","sourceUrl":"https://www.openstreetmap.org/way/1424879051","license":"ODbL 1.0","licenseUrl":"https://opendatacommons.org/licenses/odbl/1-0/","dataAsOf":"2026-09-18T10:54:21Z","positionNote":"Mittelpunkt des OSM-Umgrenzungsrechtecks; kein Eingang","kind":"residential"}},{"type":"Feature","id":"osm-way-1425105723","geometry":{"type":"Point","coordinates":[7.0748061,50.9475753]},"properties":{"theme":"gardens","name":"Garten · OSM 1425105723","place":"Köln","isDemo":false,"source":"© OpenStreetMap-Mitwirkende","sourceUrl":"https://www.openstreetmap.org/way/1425105723","license":"ODbL 1.0","licenseUrl":"https://opendatacommons.org/licenses/odbl/1-0/","dataAsOf":"2026-09-18T10:54:21Z","positionNote":"Mittelpunkt des OSM-Umgrenzungsrechtecks; kein Eingang","kind":"residential"}},{"type":"Feature","id":"osm-way-1425105725","geometry":{"type":"Point","coordinates":[7.0747984,50.9476533]},"properties":{"theme":"gardens","name":"Garten · OSM 1425105725","place":"Köln","isDemo":false,"source":"© OpenStreetMap-Mitwirkende","sourceUrl":"https://www.openstreetmap.org/way/1425105725","license":"ODbL 1.0","licenseUrl":"https://opendatacommons.org/licenses/odbl/1-0/","dataAsOf":"2026-09-18T10:54:21Z","positionNote":"Mittelpunkt des OSM-Umgrenzungsrechtecks; kein Eingang","kind":"residential"}},{"type":"Feature","id":"osm-way-1425105726","geometry":{"type":"Point","coordinates":[7.0747941,50.9477052]},"properties":{"theme":"gardens","name":"Garten · OSM 1425105726","place":"Köln","isDemo":false,"source":"© OpenStreetMap-Mitwirkende","sourceUrl":"https://www.openstreetmap.org/way/1425105726","license":"ODbL 1.0","licenseUrl":"https://opendatacommons.org/licenses/odbl/1-0/","dataAsOf":"2026-09-18T10:54:21Z","positionNote":"Mittelpunkt des OSM-Umgrenzungsrechtecks; kein Eingang","kind":"residential"}},{"type":"Feature","id":"osm-way-1425105727","geometry":{"type":"Point","coordinates":[7.0747896,50.9477576]},"properties":{"theme":"gardens","name":"Garten · OSM 1425105727","place":"Köln","isDemo":false,"source":"© OpenStreetMap-Mitwirkende","sourceUrl":"https://www.openstreetmap.org/way/1425105727","license":"ODbL 1.0","licenseUrl":"https://opendatacommons.org/licenses/odbl/1-0/","dataAsOf":"2026-09-18T10:54:21Z","positionNote":"Mittelpunkt des OSM-Umgrenzungsrechtecks; kein Eingang","kind":"residential"}},{"type":"Feature","id":"osm-way-1425105728","geometry":{"type":"Point","coordinates":[7.0747851,50.94781]},"properties":{"theme":"gardens","name":"Garten · OSM 1425105728","place":"Köln","isDemo":false,"source":"© OpenStreetMap-Mitwirkende","sourceUrl":"https://www.openstreetmap.org/way/1425105728","license":"ODbL 1.0","licenseUrl":"https://opendatacommons.org/licenses/odbl/1-0/","dataAsOf":"2026-09-18T10:54:21Z","positionNote":"Mittelpunkt des OSM-Umgrenzungsrechtecks; kein Eingang","kind":"residential"}},{"type":"Feature","id":"osm-way-1425105729","geometry":{"type":"Point","coordinates":[7.0747974,50.9478646]},"properties":{"theme":"gardens","name":"Garten · OSM 1425105729","place":"Köln","isDemo":false,"source":"© OpenStreetMap-Mitwirkende","sourceUrl":"https://www.openstreetmap.org/way/1425105729","license":"ODbL 1.0","licenseUrl":"https://opendatacommons.org/licenses/odbl/1-0/","dataAsOf":"2026-09-18T10:54:21Z","positionNote":"Mittelpunkt des OSM-Umgrenzungsrechtecks; kein Eingang","kind":"residential"}},{"type":"Feature","id":"osm-way-1425105732","geometry":{"type":"Point","coordinates":[7.0747909,50.9479633]},"properties":{"theme":"gardens","name":"Garten · OSM 1425105732","place":"Köln","isDemo":false,"source":"© OpenStreetMap-Mitwirkende","sourceUrl":"https://www.openstreetmap.org/way/1425105732","license":"ODbL 1.0","licenseUrl":"https://opendatacommons.org/licenses/odbl/1-0/","dataAsOf":"2026-09-18T10:54:21Z","positionNote":"Mittelpunkt des OSM-Umgrenzungsrechtecks; kein Eingang","kind":"residential"}},{"type":"Feature","id":"osm-way-1425105758","geometry":{"type":"Point","coordinates":[7.0749658,50.9480375]},"properties":{"theme":"gardens","name":"Garten · OSM 1425105758","place":"Köln","isDemo":false,"source":"© OpenStreetMap-Mitwirkende","sourceUrl":"https://www.openstreetmap.org/way/1425105758","license":"ODbL 1.0","licenseUrl":"https://opendatacommons.org/licenses/odbl/1-0/","dataAsOf":"2026-09-18T10:54:21Z","positionNote":"Mittelpunkt des OSM-Umgrenzungsrechtecks; kein Eingang","kind":"residential"}},{"type":"Feature","id":"osm-way-1425105759","geometry":{"type":"Point","coordinates":[7.0749769,50.9479776]},"properties":{"theme":"gardens","name":"Garten · OSM 1425105759","place":"Köln","isDemo":false,"source":"© OpenStreetMap-Mitwirkende","sourceUrl":"https://www.openstreetmap.org/way/1425105759","license":"ODbL 1.0","licenseUrl":"https://opendatacommons.org/licenses/odbl/1-0/","dataAsOf":"2026-09-18T10:54:21Z","positionNote":"Mittelpunkt des OSM-Umgrenzungsrechtecks; kein Eingang","kind":"residential"}},{"type":"Feature","id":"osm-way-1425105760","geometry":{"type":"Point","coordinates":[7.0750006,50.9479268]},"properties":{"theme":"gardens","name":"Garten · OSM 1425105760","place":"Köln","isDemo":false,"source":"© OpenStreetMap-Mitwirkende","sourceUrl":"https://www.openstreetmap.org/way/1425105760","license":"ODbL 1.0","licenseUrl":"https://opendatacommons.org/licenses/odbl/1-0/","dataAsOf":"2026-09-18T10:54:21Z","positionNote":"Mittelpunkt des OSM-Umgrenzungsrechtecks; kein Eingang","kind":"residential"}},{"type":"Feature","id":"osm-way-1425105761","geometry":{"type":"Point","coordinates":[7.0750059,50.9478742]},"properties":{"theme":"gardens","name":"Garten · OSM 1425105761","place":"Köln","isDemo":false,"source":"© OpenStreetMap-Mitwirkende","sourceUrl":"https://www.openstreetmap.org/way/1425105761","license":"ODbL 1.0","licenseUrl":"https://opendatacommons.org/licenses/odbl/1-0/","dataAsOf":"2026-09-18T10:54:21Z","positionNote":"Mittelpunkt des OSM-Umgrenzungsrechtecks; kein Eingang","kind":"residential"}},{"type":"Feature","id":"osm-way-1425105762","geometry":{"type":"Point","coordinates":[7.0750111,50.947821]},"properties":{"theme":"gardens","name":"Garten · OSM 1425105762","place":"Köln","isDemo":false,"source":"© OpenStreetMap-Mitwirkende","sourceUrl":"https://www.openstreetmap.org/way/1425105762","license":"ODbL 1.0","licenseUrl":"https://opendatacommons.org/licenses/odbl/1-0/","dataAsOf":"2026-09-18T10:54:21Z","positionNote":"Mittelpunkt des OSM-Umgrenzungsrechtecks; kein Eingang","kind":"residential"}},{"type":"Feature","id":"osm-way-1425105763","geometry":{"type":"Point","coordinates":[7.0750161,50.9477685]},"properties":{"theme":"gardens","name":"Garten · OSM 1425105763","place":"Köln","isDemo":false,"source":"© OpenStreetMap-Mitwirkende","sourceUrl":"https://www.openstreetmap.org/way/1425105763","license":"ODbL 1.0","licenseUrl":"https://opendatacommons.org/licenses/odbl/1-0/","dataAsOf":"2026-09-18T10:54:21Z","positionNote":"Mittelpunkt des OSM-Umgrenzungsrechtecks; kein Eingang","kind":"residential"}},{"type":"Feature","id":"osm-way-1425105764","geometry":{"type":"Point","coordinates":[7.0750209,50.9477154]},"properties":{"theme":"gardens","name":"Garten · OSM 1425105764","place":"Köln","isDemo":false,"source":"© OpenStreetMap-Mitwirkende","sourceUrl":"https://www.openstreetmap.org/way/1425105764","license":"ODbL 1.0","licenseUrl":"https://opendatacommons.org/licenses/odbl/1-0/","dataAsOf":"2026-09-18T10:54:21Z","positionNote":"Mittelpunkt des OSM-Umgrenzungsrechtecks; kein Eingang","kind":"residential"}},{"type":"Feature","id":"osm-way-1425105765","geometry":{"type":"Point","coordinates":[7.075026,50.9476622]},"properties":{"theme":"gardens","name":"Garten · OSM 1425105765","place":"Köln","isDemo":false,"source":"© OpenStreetMap-Mitwirkende","sourceUrl":"https://www.openstreetmap.org/way/1425105765","license":"ODbL 1.0","licenseUrl":"https://opendatacommons.org/licenses/odbl/1-0/","dataAsOf":"2026-09-18T10:54:21Z","positionNote":"Mittelpunkt des OSM-Umgrenzungsrechtecks; kein Eingang","kind":"residential"}},{"type":"Feature","id":"osm-way-1425105766","geometry":{"type":"Point","coordinates":[7.0750313,50.9476087]},"properties":{"theme":"gardens","name":"Garten · OSM 1425105766","place":"Köln","isDemo":false,"source":"© OpenStreetMap-Mitwirkende","sourceUrl":"https://www.openstreetmap.org/way/1425105766","license":"ODbL 1.0","licenseUrl":"https://opendatacommons.org/licenses/odbl/1-0/","dataAsOf":"2026-09-18T10:54:21Z","positionNote":"Mittelpunkt des OSM-Umgrenzungsrechtecks; kein Eingang","kind":"residential"}},{"type":"Feature","id":"osm-way-1425105767","geometry":{"type":"Point","coordinates":[7.075036,50.947543]},"properties":{"theme":"gardens","name":"Garten · OSM 1425105767","place":"Köln","isDemo":false,"source":"© OpenStreetMap-Mitwirkende","sourceUrl":"https://www.openstreetmap.org/way/1425105767","license":"ODbL 1.0","licenseUrl":"https://opendatacommons.org/licenses/odbl/1-0/","dataAsOf":"2026-09-18T10:54:21Z","positionNote":"Mittelpunkt des OSM-Umgrenzungsrechtecks; kein Eingang","kind":"residential"}},{"type":"Feature","id":"osm-way-1425225904","geometry":{"type":"Point","coordinates":[7.0757768,50.9475626]},"properties":{"theme":"gardens","name":"Garten · OSM 1425225904","place":"Köln","isDemo":false,"source":"© OpenStreetMap-Mitwirkende","sourceUrl":"https://www.openstreetmap.org/way/1425225904","license":"ODbL 1.0","licenseUrl":"https://opendatacommons.org/licenses/odbl/1-0/","dataAsOf":"2026-09-18T10:54:21Z","positionNote":"Mittelpunkt des OSM-Umgrenzungsrechtecks; kein Eingang","kind":"residential"}},{"type":"Feature","id":"osm-way-1425225905","geometry":{"type":"Point","coordinates":[7.0757989,50.9476353]},"properties":{"theme":"gardens","name":"Garten · OSM 1425225905","place":"Köln","isDemo":false,"source":"© OpenStreetMap-Mitwirkende","sourceUrl":"https://www.openstreetmap.org/way/1425225905","license":"ODbL 1.0","licenseUrl":"https://opendatacommons.org/licenses/odbl/1-0/","dataAsOf":"2026-09-18T10:54:21Z","positionNote":"Mittelpunkt des OSM-Umgrenzungsrechtecks; kein Eingang","kind":"residential"}},{"type":"Feature","id":"osm-way-1425225906","geometry":{"type":"Point","coordinates":[7.0757936,50.9476874]},"properties":{"theme":"gardens","name":"Garten · OSM 1425225906","place":"Köln","isDemo":false,"source":"© OpenStreetMap-Mitwirkende","sourceUrl":"https://www.openstreetmap.org/way/1425225906","license":"ODbL 1.0","licenseUrl":"https://opendatacommons.org/licenses/odbl/1-0/","dataAsOf":"2026-09-18T10:54:21Z","positionNote":"Mittelpunkt des OSM-Umgrenzungsrechtecks; kein Eingang","kind":"residential"}},{"type":"Feature","id":"osm-way-1425225907","geometry":{"type":"Point","coordinates":[7.0757885,50.94774]},"properties":{"theme":"gardens","name":"Garten · OSM 1425225907","place":"Köln","isDemo":false,"source":"© OpenStreetMap-Mitwirkende","sourceUrl":"https://www.openstreetmap.org/way/1425225907","license":"ODbL 1.0","licenseUrl":"https://opendatacommons.org/licenses/odbl/1-0/","dataAsOf":"2026-09-18T10:54:21Z","positionNote":"Mittelpunkt des OSM-Umgrenzungsrechtecks; kein Eingang","kind":"residential"}},{"type":"Feature","id":"osm-way-1425225908","geometry":{"type":"Point","coordinates":[7.0757828,50.9477933]},"properties":{"theme":"gardens","name":"Garten · OSM 1425225908","place":"Köln","isDemo":false,"source":"© OpenStreetMap-Mitwirkende","sourceUrl":"https://www.openstreetmap.org/way/1425225908","license":"ODbL 1.0","licenseUrl":"https://opendatacommons.org/licenses/odbl/1-0/","dataAsOf":"2026-09-18T10:54:21Z","positionNote":"Mittelpunkt des OSM-Umgrenzungsrechtecks; kein Eingang","kind":"residential"}},{"type":"Feature","id":"osm-way-1425225909","geometry":{"type":"Point","coordinates":[7.0757857,50.947846]},"properties":{"theme":"gardens","name":"Garten · OSM 1425225909","place":"Köln","isDemo":false,"source":"© OpenStreetMap-Mitwirkende","sourceUrl":"https://www.openstreetmap.org/way/1425225909","license":"ODbL 1.0","licenseUrl":"https://opendatacommons.org/licenses/odbl/1-0/","dataAsOf":"2026-09-18T10:54:21Z","positionNote":"Mittelpunkt des OSM-Umgrenzungsrechtecks; kein Eingang","kind":"residential"}},{"type":"Feature","id":"osm-way-1425225910","geometry":{"type":"Point","coordinates":[7.0757805,50.9478984]},"properties":{"theme":"gardens","name":"Garten · OSM 1425225910","place":"Köln","isDemo":false,"source":"© OpenStreetMap-Mitwirkende","sourceUrl":"https://www.openstreetmap.org/way/1425225910","license":"ODbL 1.0","licenseUrl":"https://opendatacommons.org/licenses/odbl/1-0/","dataAsOf":"2026-09-18T10:54:21Z","positionNote":"Mittelpunkt des OSM-Umgrenzungsrechtecks; kein Eingang","kind":"residential"}},{"type":"Feature","id":"osm-way-1425225911","geometry":{"type":"Point","coordinates":[7.0757755,50.9479511]},"properties":{"theme":"gardens","name":"Garten · OSM 1425225911","place":"Köln","isDemo":false,"source":"© OpenStreetMap-Mitwirkende","sourceUrl":"https://www.openstreetmap.org/way/1425225911","license":"ODbL 1.0","licenseUrl":"https://opendatacommons.org/licenses/odbl/1-0/","dataAsOf":"2026-09-18T10:54:21Z","positionNote":"Mittelpunkt des OSM-Umgrenzungsrechtecks; kein Eingang","kind":"residential"}},{"type":"Feature","id":"osm-way-1425225919","geometry":{"type":"Point","coordinates":[7.0757972,50.9480049]},"properties":{"theme":"gardens","name":"Garten · OSM 1425225919","place":"Köln","isDemo":false,"source":"© OpenStreetMap-Mitwirkende","sourceUrl":"https://www.openstreetmap.org/way/1425225919","license":"ODbL 1.0","licenseUrl":"https://opendatacommons.org/licenses/odbl/1-0/","dataAsOf":"2026-09-18T10:54:21Z","positionNote":"Mittelpunkt des OSM-Umgrenzungsrechtecks; kein Eingang","kind":"residential"}},{"type":"Feature","id":"osm-way-1425225920","geometry":{"type":"Point","coordinates":[7.0757926,50.9480576]},"properties":{"theme":"gardens","name":"Garten · OSM 1425225920","place":"Köln","isDemo":false,"source":"© OpenStreetMap-Mitwirkende","sourceUrl":"https://www.openstreetmap.org/way/1425225920","license":"ODbL 1.0","licenseUrl":"https://opendatacommons.org/licenses/odbl/1-0/","dataAsOf":"2026-09-18T10:54:21Z","positionNote":"Mittelpunkt des OSM-Umgrenzungsrechtecks; kein Eingang","kind":"residential"}},{"type":"Feature","id":"osm-way-1425225921","geometry":{"type":"Point","coordinates":[7.0757851,50.9481551]},"properties":{"theme":"gardens","name":"Garten · OSM 1425225921","place":"Köln","isDemo":false,"source":"© OpenStreetMap-Mitwirkende","sourceUrl":"https://www.openstreetmap.org/way/1425225921","license":"ODbL 1.0","licenseUrl":"https://opendatacommons.org/licenses/odbl/1-0/","dataAsOf":"2026-09-18T10:54:21Z","positionNote":"Mittelpunkt des OSM-Umgrenzungsrechtecks; kein Eingang","kind":"residential"}},{"type":"Feature","id":"osm-way-1425229648","geometry":{"type":"Point","coordinates":[7.0735871,50.9475097]},"properties":{"theme":"gardens","name":"Garten · OSM 1425229648","place":"Köln","isDemo":false,"source":"© OpenStreetMap-Mitwirkende","sourceUrl":"https://www.openstreetmap.org/way/1425229648","license":"ODbL 1.0","licenseUrl":"https://opendatacommons.org/licenses/odbl/1-0/","dataAsOf":"2026-09-18T10:54:21Z","positionNote":"Mittelpunkt des OSM-Umgrenzungsrechtecks; kein Eingang","kind":"residential"}},{"type":"Feature","id":"osm-way-1425229649","geometry":{"type":"Point","coordinates":[7.0737695,50.9474431]},"properties":{"theme":"gardens","name":"Garten · OSM 1425229649","place":"Köln","isDemo":false,"source":"© OpenStreetMap-Mitwirkende","sourceUrl":"https://www.openstreetmap.org/way/1425229649","license":"ODbL 1.0","licenseUrl":"https://opendatacommons.org/licenses/odbl/1-0/","dataAsOf":"2026-09-18T10:54:21Z","positionNote":"Mittelpunkt des OSM-Umgrenzungsrechtecks; kein Eingang","kind":"residential"}},{"type":"Feature","id":"osm-way-1425229650","geometry":{"type":"Point","coordinates":[7.0733356,50.9473811]},"properties":{"theme":"gardens","name":"Garten · OSM 1425229650","place":"Köln","isDemo":false,"source":"© OpenStreetMap-Mitwirkende","sourceUrl":"https://www.openstreetmap.org/way/1425229650","license":"ODbL 1.0","licenseUrl":"https://opendatacommons.org/licenses/odbl/1-0/","dataAsOf":"2026-09-18T10:54:21Z","positionNote":"Mittelpunkt des OSM-Umgrenzungsrechtecks; kein Eingang","kind":"residential"}},{"type":"Feature","id":"osm-way-1425234928","geometry":{"type":"Point","coordinates":[7.0734929,50.9473017]},"properties":{"theme":"gardens","name":"Garten · OSM 1425234928","place":"Köln","isDemo":false,"source":"© OpenStreetMap-Mitwirkende","sourceUrl":"https://www.openstreetmap.org/way/1425234928","license":"ODbL 1.0","licenseUrl":"https://opendatacommons.org/licenses/odbl/1-0/","dataAsOf":"2026-09-18T10:54:21Z","positionNote":"Mittelpunkt des OSM-Umgrenzungsrechtecks; kein Eingang","kind":"residential"}},{"type":"Feature","id":"osm-way-1425234931","geometry":{"type":"Point","coordinates":[7.0736991,50.9472286]},"properties":{"theme":"gardens","name":"Garten · OSM 1425234931","place":"Köln","isDemo":false,"source":"© OpenStreetMap-Mitwirkende","sourceUrl":"https://www.openstreetmap.org/way/1425234931","license":"ODbL 1.0","licenseUrl":"https://opendatacommons.org/licenses/odbl/1-0/","dataAsOf":"2026-09-18T10:54:21Z","positionNote":"Mittelpunkt des OSM-Umgrenzungsrechtecks; kein Eingang","kind":"residential"}},{"type":"Feature","id":"osm-way-1425234932","geometry":{"type":"Point","coordinates":[7.0737609,50.9471917]},"properties":{"theme":"gardens","name":"Garten · OSM 1425234932","place":"Köln","isDemo":false,"source":"© OpenStreetMap-Mitwirkende","sourceUrl":"https://www.openstreetmap.org/way/1425234932","license":"ODbL 1.0","licenseUrl":"https://opendatacommons.org/licenses/odbl/1-0/","dataAsOf":"2026-09-18T10:54:21Z","positionNote":"Mittelpunkt des OSM-Umgrenzungsrechtecks; kein Eingang","kind":"residential"}},{"type":"Feature","id":"osm-way-1425234940","geometry":{"type":"Point","coordinates":[7.0739658,50.9474082]},"properties":{"theme":"gardens","name":"Garten · OSM 1425234940","place":"Köln","isDemo":false,"source":"© OpenStreetMap-Mitwirkende","sourceUrl":"https://www.openstreetmap.org/way/1425234940","license":"ODbL 1.0","licenseUrl":"https://opendatacommons.org/licenses/odbl/1-0/","dataAsOf":"2026-09-18T10:54:21Z","positionNote":"Mittelpunkt des OSM-Umgrenzungsrechtecks; kein Eingang","kind":"residential"}},{"type":"Feature","id":"osm-way-1425234941","geometry":{"type":"Point","coordinates":[7.0740176,50.9474398]},"properties":{"theme":"gardens","name":"Garten · OSM 1425234941","place":"Köln","isDemo":false,"source":"© OpenStreetMap-Mitwirkende","sourceUrl":"https://www.openstreetmap.org/way/1425234941","license":"ODbL 1.0","licenseUrl":"https://opendatacommons.org/licenses/odbl/1-0/","dataAsOf":"2026-09-18T10:54:21Z","positionNote":"Mittelpunkt des OSM-Umgrenzungsrechtecks; kein Eingang","kind":"residential"}},{"type":"Feature","id":"osm-way-1425234942","geometry":{"type":"Point","coordinates":[7.0741813,50.9473895]},"properties":{"theme":"gardens","name":"Garten · OSM 1425234942","place":"Köln","isDemo":false,"source":"© OpenStreetMap-Mitwirkende","sourceUrl":"https://www.openstreetmap.org/way/1425234942","license":"ODbL 1.0","licenseUrl":"https://opendatacommons.org/licenses/odbl/1-0/","dataAsOf":"2026-09-18T10:54:21Z","positionNote":"Mittelpunkt des OSM-Umgrenzungsrechtecks; kein Eingang","kind":"residential"}},{"type":"Feature","id":"osm-way-1425234949","geometry":{"type":"Point","coordinates":[7.0743371,50.9473585]},"properties":{"theme":"gardens","name":"Garten · OSM 1425234949","place":"Köln","isDemo":false,"source":"© OpenStreetMap-Mitwirkende","sourceUrl":"https://www.openstreetmap.org/way/1425234949","license":"ODbL 1.0","licenseUrl":"https://opendatacommons.org/licenses/odbl/1-0/","dataAsOf":"2026-09-18T10:54:21Z","positionNote":"Mittelpunkt des OSM-Umgrenzungsrechtecks; kein Eingang","kind":"residential"}},{"type":"Feature","id":"osm-way-1426000084","geometry":{"type":"Point","coordinates":[7.0743355,50.9472189]},"properties":{"theme":"gardens","name":"Garten · OSM 1426000084","place":"Köln","isDemo":false,"source":"© OpenStreetMap-Mitwirkende","sourceUrl":"https://www.openstreetmap.org/way/1426000084","license":"ODbL 1.0","licenseUrl":"https://opendatacommons.org/licenses/odbl/1-0/","dataAsOf":"2026-09-18T10:54:21Z","positionNote":"Mittelpunkt des OSM-Umgrenzungsrechtecks; kein Eingang","kind":"residential"}},{"type":"Feature","id":"osm-way-1426000085","geometry":{"type":"Point","coordinates":[7.074612,50.9473479]},"properties":{"theme":"gardens","name":"Garten · OSM 1426000085","place":"Köln","isDemo":false,"source":"© OpenStreetMap-Mitwirkende","sourceUrl":"https://www.openstreetmap.org/way/1426000085","license":"ODbL 1.0","licenseUrl":"https://opendatacommons.org/licenses/odbl/1-0/","dataAsOf":"2026-09-18T10:54:21Z","positionNote":"Mittelpunkt des OSM-Umgrenzungsrechtecks; kein Eingang","kind":"residential"}},{"type":"Feature","id":"osm-way-1426000097","geometry":{"type":"Point","coordinates":[7.0745657,50.9470474]},"properties":{"theme":"gardens","name":"Garten · OSM 1426000097","place":"Köln","isDemo":false,"source":"© OpenStreetMap-Mitwirkende","sourceUrl":"https://www.openstreetmap.org/way/1426000097","license":"ODbL 1.0","licenseUrl":"https://opendatacommons.org/licenses/odbl/1-0/","dataAsOf":"2026-09-18T10:54:21Z","positionNote":"Mittelpunkt des OSM-Umgrenzungsrechtecks; kein Eingang","kind":"residential"}},{"type":"Feature","id":"osm-way-1426000098","geometry":{"type":"Point","coordinates":[7.0740922,50.9470085]},"properties":{"theme":"gardens","name":"Garten · OSM 1426000098","place":"Köln","isDemo":false,"source":"© OpenStreetMap-Mitwirkende","sourceUrl":"https://www.openstreetmap.org/way/1426000098","license":"ODbL 1.0","licenseUrl":"https://opendatacommons.org/licenses/odbl/1-0/","dataAsOf":"2026-09-18T10:54:21Z","positionNote":"Mittelpunkt des OSM-Umgrenzungsrechtecks; kein Eingang","kind":"residential"}},{"type":"Feature","id":"osm-way-1426000099","geometry":{"type":"Point","coordinates":[7.0739075,50.9470755]},"properties":{"theme":"gardens","name":"Garten · OSM 1426000099","place":"Köln","isDemo":false,"source":"© OpenStreetMap-Mitwirkende","sourceUrl":"https://www.openstreetmap.org/way/1426000099","license":"ODbL 1.0","licenseUrl":"https://opendatacommons.org/licenses/odbl/1-0/","dataAsOf":"2026-09-18T10:54:21Z","positionNote":"Mittelpunkt des OSM-Umgrenzungsrechtecks; kein Eingang","kind":"residential"}},{"type":"Feature","id":"osm-way-1426000109","geometry":{"type":"Point","coordinates":[7.0745769,50.9467961]},"properties":{"theme":"gardens","name":"Garten · OSM 1426000109","place":"Köln","isDemo":false,"source":"© OpenStreetMap-Mitwirkende","sourceUrl":"https://www.openstreetmap.org/way/1426000109","license":"ODbL 1.0","licenseUrl":"https://opendatacommons.org/licenses/odbl/1-0/","dataAsOf":"2026-09-18T10:54:21Z","positionNote":"Mittelpunkt des OSM-Umgrenzungsrechtecks; kein Eingang","kind":"residential"}},{"type":"Feature","id":"osm-way-1426000114","geometry":{"type":"Point","coordinates":[7.074999,50.9471836]},"properties":{"theme":"gardens","name":"Garten · OSM 1426000114","place":"Köln","isDemo":false,"source":"© OpenStreetMap-Mitwirkende","sourceUrl":"https://www.openstreetmap.org/way/1426000114","license":"ODbL 1.0","licenseUrl":"https://opendatacommons.org/licenses/odbl/1-0/","dataAsOf":"2026-09-18T10:54:21Z","positionNote":"Mittelpunkt des OSM-Umgrenzungsrechtecks; kein Eingang","kind":"residential"}},{"type":"Feature","id":"osm-way-1426009141","geometry":{"type":"Point","coordinates":[7.0749605,50.9470434]},"properties":{"theme":"gardens","name":"Garten · OSM 1426009141","place":"Köln","isDemo":false,"source":"© OpenStreetMap-Mitwirkende","sourceUrl":"https://www.openstreetmap.org/way/1426009141","license":"ODbL 1.0","licenseUrl":"https://opendatacommons.org/licenses/odbl/1-0/","dataAsOf":"2026-09-18T10:54:21Z","positionNote":"Mittelpunkt des OSM-Umgrenzungsrechtecks; kein Eingang","kind":"residential"}},{"type":"Feature","id":"osm-way-1426009144","geometry":{"type":"Point","coordinates":[7.074896,50.9468053]},"properties":{"theme":"gardens","name":"Garten · OSM 1426009144","place":"Köln","isDemo":false,"source":"© OpenStreetMap-Mitwirkende","sourceUrl":"https://www.openstreetmap.org/way/1426009144","license":"ODbL 1.0","licenseUrl":"https://opendatacommons.org/licenses/odbl/1-0/","dataAsOf":"2026-09-18T10:54:21Z","positionNote":"Mittelpunkt des OSM-Umgrenzungsrechtecks; kein Eingang","kind":"residential"}},{"type":"Feature","id":"osm-way-1426009145","geometry":{"type":"Point","coordinates":[7.0752201,50.9470455]},"properties":{"theme":"gardens","name":"Garten · OSM 1426009145","place":"Köln","isDemo":false,"source":"© OpenStreetMap-Mitwirkende","sourceUrl":"https://www.openstreetmap.org/way/1426009145","license":"ODbL 1.0","licenseUrl":"https://opendatacommons.org/licenses/odbl/1-0/","dataAsOf":"2026-09-18T10:54:21Z","positionNote":"Mittelpunkt des OSM-Umgrenzungsrechtecks; kein Eingang","kind":"residential"}},{"type":"Feature","id":"osm-way-1426009147","geometry":{"type":"Point","coordinates":[7.0754966,50.9471808]},"properties":{"theme":"gardens","name":"Garten · OSM 1426009147","place":"Köln","isDemo":false,"source":"© OpenStreetMap-Mitwirkende","sourceUrl":"https://www.openstreetmap.org/way/1426009147","license":"ODbL 1.0","licenseUrl":"https://opendatacommons.org/licenses/odbl/1-0/","dataAsOf":"2026-09-18T10:54:21Z","positionNote":"Mittelpunkt des OSM-Umgrenzungsrechtecks; kein Eingang","kind":"residential"}},{"type":"Feature","id":"osm-way-1426009148","geometry":{"type":"Point","coordinates":[7.0756065,50.9471926]},"properties":{"theme":"gardens","name":"Garten · OSM 1426009148","place":"Köln","isDemo":false,"source":"© OpenStreetMap-Mitwirkende","sourceUrl":"https://www.openstreetmap.org/way/1426009148","license":"ODbL 1.0","licenseUrl":"https://opendatacommons.org/licenses/odbl/1-0/","dataAsOf":"2026-09-18T10:54:21Z","positionNote":"Mittelpunkt des OSM-Umgrenzungsrechtecks; kein Eingang","kind":"residential"}},{"type":"Feature","id":"osm-way-1426009149","geometry":{"type":"Point","coordinates":[7.075779,50.947208]},"properties":{"theme":"gardens","name":"Garten · OSM 1426009149","place":"Köln","isDemo":false,"source":"© OpenStreetMap-Mitwirkende","sourceUrl":"https://www.openstreetmap.org/way/1426009149","license":"ODbL 1.0","licenseUrl":"https://opendatacommons.org/licenses/odbl/1-0/","dataAsOf":"2026-09-18T10:54:21Z","positionNote":"Mittelpunkt des OSM-Umgrenzungsrechtecks; kein Eingang","kind":"residential"}},{"type":"Feature","id":"osm-way-1429897360","geometry":{"type":"Point","coordinates":[6.9462255,50.9051248]},"properties":{"theme":"gardens","name":"Garten · OSM 1429897360","place":"Köln","isDemo":false,"source":"© OpenStreetMap-Mitwirkende","sourceUrl":"https://www.openstreetmap.org/way/1429897360","license":"ODbL 1.0","licenseUrl":"https://opendatacommons.org/licenses/odbl/1-0/","dataAsOf":"2026-09-18T10:54:21Z","positionNote":"Mittelpunkt des OSM-Umgrenzungsrechtecks; kein Eingang"}},{"type":"Feature","id":"osm-way-1446768008","geometry":{"type":"Point","coordinates":[6.8948471,50.9229708]},"properties":{"theme":"gardens","name":"Garten · OSM 1446768008","place":"Köln","isDemo":false,"source":"© OpenStreetMap-Mitwirkende","sourceUrl":"https://www.openstreetmap.org/way/1446768008","license":"ODbL 1.0","licenseUrl":"https://opendatacommons.org/licenses/odbl/1-0/","dataAsOf":"2026-09-18T10:54:21Z","positionNote":"Mittelpunkt des OSM-Umgrenzungsrechtecks; kein Eingang"}},{"type":"Feature","id":"osm-way-1446768009","geometry":{"type":"Point","coordinates":[6.895153,50.9229203]},"properties":{"theme":"gardens","name":"Garten · OSM 1446768009","place":"Köln","isDemo":false,"source":"© OpenStreetMap-Mitwirkende","sourceUrl":"https://www.openstreetmap.org/way/1446768009","license":"ODbL 1.0","licenseUrl":"https://opendatacommons.org/licenses/odbl/1-0/","dataAsOf":"2026-09-18T10:54:21Z","positionNote":"Mittelpunkt des OSM-Umgrenzungsrechtecks; kein Eingang"}},{"type":"Feature","id":"osm-way-1461877669","geometry":{"type":"Point","coordinates":[7.0671568,50.9721765]},"properties":{"theme":"gardens","name":"Garten · OSM 1461877669","place":"Köln","isDemo":false,"source":"© OpenStreetMap-Mitwirkende","sourceUrl":"https://www.openstreetmap.org/way/1461877669","license":"ODbL 1.0","licenseUrl":"https://opendatacommons.org/licenses/odbl/1-0/","dataAsOf":"2026-09-18T10:54:21Z","positionNote":"Mittelpunkt des OSM-Umgrenzungsrechtecks; kein Eingang","kind":"residential"}},{"type":"Feature","id":"osm-way-1465628799","geometry":{"type":"Point","coordinates":[6.8582395,50.9388694]},"properties":{"theme":"gardens","name":"Garten · OSM 1465628799","place":"Köln","isDemo":false,"source":"© OpenStreetMap-Mitwirkende","sourceUrl":"https://www.openstreetmap.org/way/1465628799","license":"ODbL 1.0","licenseUrl":"https://opendatacommons.org/licenses/odbl/1-0/","dataAsOf":"2026-09-18T10:54:21Z","positionNote":"Mittelpunkt des OSM-Umgrenzungsrechtecks; kein Eingang","kind":"residential"}},{"type":"Feature","id":"osm-way-1465628800","geometry":{"type":"Point","coordinates":[6.8571161,50.9389347]},"properties":{"theme":"gardens","name":"Garten · OSM 1465628800","place":"Köln","isDemo":false,"source":"© OpenStreetMap-Mitwirkende","sourceUrl":"https://www.openstreetmap.org/way/1465628800","license":"ODbL 1.0","licenseUrl":"https://opendatacommons.org/licenses/odbl/1-0/","dataAsOf":"2026-09-18T10:54:21Z","positionNote":"Mittelpunkt des OSM-Umgrenzungsrechtecks; kein Eingang","kind":"residential"}},{"type":"Feature","id":"osm-way-1465628801","geometry":{"type":"Point","coordinates":[6.856556,50.9388033]},"properties":{"theme":"gardens","name":"Garten · OSM 1465628801","place":"Köln","isDemo":false,"source":"© OpenStreetMap-Mitwirkende","sourceUrl":"https://www.openstreetmap.org/way/1465628801","license":"ODbL 1.0","licenseUrl":"https://opendatacommons.org/licenses/odbl/1-0/","dataAsOf":"2026-09-18T10:54:21Z","positionNote":"Mittelpunkt des OSM-Umgrenzungsrechtecks; kein Eingang","kind":"residential"}},{"type":"Feature","id":"osm-way-1465628802","geometry":{"type":"Point","coordinates":[6.8587789,50.9387627]},"properties":{"theme":"gardens","name":"Garten · OSM 1465628802","place":"Köln","isDemo":false,"source":"© OpenStreetMap-Mitwirkende","sourceUrl":"https://www.openstreetmap.org/way/1465628802","license":"ODbL 1.0","licenseUrl":"https://opendatacommons.org/licenses/odbl/1-0/","dataAsOf":"2026-09-18T10:54:21Z","positionNote":"Mittelpunkt des OSM-Umgrenzungsrechtecks; kein Eingang","kind":"residential"}},{"type":"Feature","id":"osm-way-1465629149","geometry":{"type":"Point","coordinates":[6.8576713,50.9387812]},"properties":{"theme":"gardens","name":"Garten · OSM 1465629149","place":"Köln","isDemo":false,"source":"© OpenStreetMap-Mitwirkende","sourceUrl":"https://www.openstreetmap.org/way/1465629149","license":"ODbL 1.0","licenseUrl":"https://opendatacommons.org/licenses/odbl/1-0/","dataAsOf":"2026-09-18T10:54:21Z","positionNote":"Mittelpunkt des OSM-Umgrenzungsrechtecks; kein Eingang","kind":"residential"}},{"type":"Feature","id":"osm-way-1465678342","geometry":{"type":"Point","coordinates":[6.8569775,50.9384352]},"properties":{"theme":"gardens","name":"Garten · OSM 1465678342","place":"Köln","isDemo":false,"source":"© OpenStreetMap-Mitwirkende","sourceUrl":"https://www.openstreetmap.org/way/1465678342","license":"ODbL 1.0","licenseUrl":"https://opendatacommons.org/licenses/odbl/1-0/","dataAsOf":"2026-09-18T10:54:21Z","positionNote":"Mittelpunkt des OSM-Umgrenzungsrechtecks; kein Eingang","kind":"residential"}},{"type":"Feature","id":"osm-way-1465678343","geometry":{"type":"Point","coordinates":[6.8572635,50.9384487]},"properties":{"theme":"gardens","name":"Garten · OSM 1465678343","place":"Köln","isDemo":false,"source":"© OpenStreetMap-Mitwirkende","sourceUrl":"https://www.openstreetmap.org/way/1465678343","license":"ODbL 1.0","licenseUrl":"https://opendatacommons.org/licenses/odbl/1-0/","dataAsOf":"2026-09-18T10:54:21Z","positionNote":"Mittelpunkt des OSM-Umgrenzungsrechtecks; kein Eingang","kind":"residential"}},{"type":"Feature","id":"osm-way-1465678344","geometry":{"type":"Point","coordinates":[6.8572348,50.9383182]},"properties":{"theme":"gardens","name":"Garten · OSM 1465678344","place":"Köln","isDemo":false,"source":"© OpenStreetMap-Mitwirkende","sourceUrl":"https://www.openstreetmap.org/way/1465678344","license":"ODbL 1.0","licenseUrl":"https://opendatacommons.org/licenses/odbl/1-0/","dataAsOf":"2026-09-18T10:54:21Z","positionNote":"Mittelpunkt des OSM-Umgrenzungsrechtecks; kein Eingang","kind":"residential"}},{"type":"Feature","id":"osm-way-1465678345","geometry":{"type":"Point","coordinates":[6.8573986,50.9383918]},"properties":{"theme":"gardens","name":"Garten · OSM 1465678345","place":"Köln","isDemo":false,"source":"© OpenStreetMap-Mitwirkende","sourceUrl":"https://www.openstreetmap.org/way/1465678345","license":"ODbL 1.0","licenseUrl":"https://opendatacommons.org/licenses/odbl/1-0/","dataAsOf":"2026-09-18T10:54:21Z","positionNote":"Mittelpunkt des OSM-Umgrenzungsrechtecks; kein Eingang","kind":"residential"}},{"type":"Feature","id":"osm-way-1465678346","geometry":{"type":"Point","coordinates":[6.8578433,50.9383281]},"properties":{"theme":"gardens","name":"Garten · OSM 1465678346","place":"Köln","isDemo":false,"source":"© OpenStreetMap-Mitwirkende","sourceUrl":"https://www.openstreetmap.org/way/1465678346","license":"ODbL 1.0","licenseUrl":"https://opendatacommons.org/licenses/odbl/1-0/","dataAsOf":"2026-09-18T10:54:21Z","positionNote":"Mittelpunkt des OSM-Umgrenzungsrechtecks; kein Eingang","kind":"residential"}},{"type":"Feature","id":"osm-way-1465678347","geometry":{"type":"Point","coordinates":[6.8582797,50.9383138]},"properties":{"theme":"gardens","name":"Garten · OSM 1465678347","place":"Köln","isDemo":false,"source":"© OpenStreetMap-Mitwirkende","sourceUrl":"https://www.openstreetmap.org/way/1465678347","license":"ODbL 1.0","licenseUrl":"https://opendatacommons.org/licenses/odbl/1-0/","dataAsOf":"2026-09-18T10:54:21Z","positionNote":"Mittelpunkt des OSM-Umgrenzungsrechtecks; kein Eingang","kind":"residential"}},{"type":"Feature","id":"osm-way-1465678348","geometry":{"type":"Point","coordinates":[6.8587259,50.9383347]},"properties":{"theme":"gardens","name":"Garten · OSM 1465678348","place":"Köln","isDemo":false,"source":"© OpenStreetMap-Mitwirkende","sourceUrl":"https://www.openstreetmap.org/way/1465678348","license":"ODbL 1.0","licenseUrl":"https://opendatacommons.org/licenses/odbl/1-0/","dataAsOf":"2026-09-18T10:54:21Z","positionNote":"Mittelpunkt des OSM-Umgrenzungsrechtecks; kein Eingang","kind":"residential"}},{"type":"Feature","id":"osm-way-1465689086","geometry":{"type":"Point","coordinates":[6.8582714,50.9390054]},"properties":{"theme":"gardens","name":"Garten · OSM 1465689086","place":"Köln","isDemo":false,"source":"© OpenStreetMap-Mitwirkende","sourceUrl":"https://www.openstreetmap.org/way/1465689086","license":"ODbL 1.0","licenseUrl":"https://opendatacommons.org/licenses/odbl/1-0/","dataAsOf":"2026-09-18T10:54:21Z","positionNote":"Mittelpunkt des OSM-Umgrenzungsrechtecks; kein Eingang","kind":"residential"}},{"type":"Feature","id":"osm-way-1492227382","geometry":{"type":"Point","coordinates":[7.0674729,50.9739389]},"properties":{"theme":"gardens","name":"Garten · OSM 1492227382","place":"Köln","isDemo":false,"source":"© OpenStreetMap-Mitwirkende","sourceUrl":"https://www.openstreetmap.org/way/1492227382","license":"ODbL 1.0","licenseUrl":"https://opendatacommons.org/licenses/odbl/1-0/","dataAsOf":"2026-09-18T10:54:21Z","positionNote":"Mittelpunkt des OSM-Umgrenzungsrechtecks; kein Eingang","kind":"residential"}},{"type":"Feature","id":"osm-way-166299110","geometry":{"type":"Point","coordinates":[7.0563822,50.9650101]},"properties":{"theme":"gardens","name":"Garten · OSM 166299110","place":"Köln","isDemo":false,"source":"© OpenStreetMap-Mitwirkende","sourceUrl":"https://www.openstreetmap.org/way/166299110","license":"ODbL 1.0","licenseUrl":"https://opendatacommons.org/licenses/odbl/1-0/","dataAsOf":"2026-09-18T10:54:21Z","positionNote":"Mittelpunkt des OSM-Umgrenzungsrechtecks; kein Eingang"}},{"type":"Feature","id":"osm-way-166299112","geometry":{"type":"Point","coordinates":[7.055912,50.965045]},"properties":{"theme":"gardens","name":"Garten · OSM 166299112","place":"Köln","isDemo":false,"source":"© OpenStreetMap-Mitwirkende","sourceUrl":"https://www.openstreetmap.org/way/166299112","license":"ODbL 1.0","licenseUrl":"https://opendatacommons.org/licenses/odbl/1-0/","dataAsOf":"2026-09-18T10:54:21Z","positionNote":"Mittelpunkt des OSM-Umgrenzungsrechtecks; kein Eingang"}},{"type":"Feature","id":"osm-way-176967744","geometry":{"type":"Point","coordinates":[7.0150211,50.8997799]},"properties":{"theme":"gardens","name":"Garten · OSM 176967744","place":"Köln","isDemo":false,"source":"© OpenStreetMap-Mitwirkende","sourceUrl":"https://www.openstreetmap.org/way/176967744","license":"ODbL 1.0","licenseUrl":"https://opendatacommons.org/licenses/odbl/1-0/","dataAsOf":"2026-09-18T10:54:21Z","positionNote":"Mittelpunkt des OSM-Umgrenzungsrechtecks; kein Eingang"}},{"type":"Feature","id":"osm-way-197214403","geometry":{"type":"Point","coordinates":[6.9912177,50.9494394]},"properties":{"theme":"gardens","name":"Garten · OSM 197214403","place":"Köln","isDemo":false,"source":"© OpenStreetMap-Mitwirkende","sourceUrl":"https://www.openstreetmap.org/way/197214403","license":"ODbL 1.0","licenseUrl":"https://opendatacommons.org/licenses/odbl/1-0/","dataAsOf":"2026-09-18T10:54:21Z","positionNote":"Mittelpunkt des OSM-Umgrenzungsrechtecks; kein Eingang"}},{"type":"Feature","id":"osm-way-198136713","geometry":{"type":"Point","coordinates":[6.9923269,50.9493055]},"properties":{"theme":"gardens","name":"Garten · OSM 198136713","place":"Köln","isDemo":false,"source":"© OpenStreetMap-Mitwirkende","sourceUrl":"https://www.openstreetmap.org/way/198136713","license":"ODbL 1.0","licenseUrl":"https://opendatacommons.org/licenses/odbl/1-0/","dataAsOf":"2026-09-18T10:54:21Z","positionNote":"Mittelpunkt des OSM-Umgrenzungsrechtecks; kein Eingang"}},{"type":"Feature","id":"osm-way-198138310","geometry":{"type":"Point","coordinates":[6.9931859,50.9490833]},"properties":{"theme":"gardens","name":"Garten · OSM 198138310","place":"Köln","isDemo":false,"source":"© OpenStreetMap-Mitwirkende","sourceUrl":"https://www.openstreetmap.org/way/198138310","license":"ODbL 1.0","licenseUrl":"https://opendatacommons.org/licenses/odbl/1-0/","dataAsOf":"2026-09-18T10:54:21Z","positionNote":"Mittelpunkt des OSM-Umgrenzungsrechtecks; kein Eingang"}},{"type":"Feature","id":"osm-way-198152486","geometry":{"type":"Point","coordinates":[6.9950288,50.9529075]},"properties":{"theme":"gardens","name":"Garten · OSM 198152486","place":"Köln","isDemo":false,"source":"© OpenStreetMap-Mitwirkende","sourceUrl":"https://www.openstreetmap.org/way/198152486","license":"ODbL 1.0","licenseUrl":"https://opendatacommons.org/licenses/odbl/1-0/","dataAsOf":"2026-09-18T10:54:21Z","positionNote":"Mittelpunkt des OSM-Umgrenzungsrechtecks; kein Eingang"}},{"type":"Feature","id":"osm-way-198152487","geometry":{"type":"Point","coordinates":[6.9972788,50.9532969]},"properties":{"theme":"gardens","name":"Garten · OSM 198152487","place":"Köln","isDemo":false,"source":"© OpenStreetMap-Mitwirkende","sourceUrl":"https://www.openstreetmap.org/way/198152487","license":"ODbL 1.0","licenseUrl":"https://opendatacommons.org/licenses/odbl/1-0/","dataAsOf":"2026-09-18T10:54:21Z","positionNote":"Mittelpunkt des OSM-Umgrenzungsrechtecks; kein Eingang"}},{"type":"Feature","id":"osm-way-24463322","geometry":{"type":"Point","coordinates":[6.9516935,50.9348939]},"properties":{"theme":"gardens","name":"Garten · OSM 24463322","place":"Köln","isDemo":false,"source":"© OpenStreetMap-Mitwirkende","sourceUrl":"https://www.openstreetmap.org/way/24463322","license":"ODbL 1.0","licenseUrl":"https://opendatacommons.org/licenses/odbl/1-0/","dataAsOf":"2026-09-18T10:54:21Z","positionNote":"Mittelpunkt des OSM-Umgrenzungsrechtecks; kein Eingang"}},{"type":"Feature","id":"osm-way-245610111","geometry":{"type":"Point","coordinates":[6.9702607,50.9151342]},"properties":{"theme":"gardens","name":"Garten · OSM 245610111","place":"Köln","isDemo":false,"source":"© OpenStreetMap-Mitwirkende","sourceUrl":"https://www.openstreetmap.org/way/245610111","license":"ODbL 1.0","licenseUrl":"https://opendatacommons.org/licenses/odbl/1-0/","dataAsOf":"2026-09-18T10:54:21Z","positionNote":"Mittelpunkt des OSM-Umgrenzungsrechtecks; kein Eingang"}},{"type":"Feature","id":"osm-way-256334590","geometry":{"type":"Point","coordinates":[6.9443213,50.9333281]},"properties":{"theme":"gardens","name":"Garten · OSM 256334590","place":"Köln","isDemo":false,"source":"© OpenStreetMap-Mitwirkende","sourceUrl":"https://www.openstreetmap.org/way/256334590","license":"ODbL 1.0","licenseUrl":"https://opendatacommons.org/licenses/odbl/1-0/","dataAsOf":"2026-09-18T10:54:21Z","positionNote":"Mittelpunkt des OSM-Umgrenzungsrechtecks; kein Eingang"}},{"type":"Feature","id":"osm-way-323883251","geometry":{"type":"Point","coordinates":[6.9520779,50.9684371]},"properties":{"theme":"gardens","name":"Garten · OSM 323883251","place":"Köln","isDemo":false,"source":"© OpenStreetMap-Mitwirkende","sourceUrl":"https://www.openstreetmap.org/way/323883251","license":"ODbL 1.0","licenseUrl":"https://opendatacommons.org/licenses/odbl/1-0/","dataAsOf":"2026-09-18T10:54:21Z","positionNote":"Mittelpunkt des OSM-Umgrenzungsrechtecks; kein Eingang"}},{"type":"Feature","id":"osm-way-323885604","geometry":{"type":"Point","coordinates":[6.9523731,50.9684708]},"properties":{"theme":"gardens","name":"Garten · OSM 323885604","place":"Köln","isDemo":false,"source":"© OpenStreetMap-Mitwirkende","sourceUrl":"https://www.openstreetmap.org/way/323885604","license":"ODbL 1.0","licenseUrl":"https://opendatacommons.org/licenses/odbl/1-0/","dataAsOf":"2026-09-18T10:54:21Z","positionNote":"Mittelpunkt des OSM-Umgrenzungsrechtecks; kein Eingang"}},{"type":"Feature","id":"osm-way-323885605","geometry":{"type":"Point","coordinates":[6.9523831,50.9686222]},"properties":{"theme":"gardens","name":"Garten · OSM 323885605","place":"Köln","isDemo":false,"source":"© OpenStreetMap-Mitwirkende","sourceUrl":"https://www.openstreetmap.org/way/323885605","license":"ODbL 1.0","licenseUrl":"https://opendatacommons.org/licenses/odbl/1-0/","dataAsOf":"2026-09-18T10:54:21Z","positionNote":"Mittelpunkt des OSM-Umgrenzungsrechtecks; kein Eingang"}},{"type":"Feature","id":"osm-way-324507326","geometry":{"type":"Point","coordinates":[6.9523006,50.9680315]},"properties":{"theme":"gardens","name":"Garten · OSM 324507326","place":"Köln","isDemo":false,"source":"© OpenStreetMap-Mitwirkende","sourceUrl":"https://www.openstreetmap.org/way/324507326","license":"ODbL 1.0","licenseUrl":"https://opendatacommons.org/licenses/odbl/1-0/","dataAsOf":"2026-09-18T10:54:21Z","positionNote":"Mittelpunkt des OSM-Umgrenzungsrechtecks; kein Eingang"}},{"type":"Feature","id":"osm-way-326633898","geometry":{"type":"Point","coordinates":[6.9945305,50.9004141]},"properties":{"theme":"gardens","name":"Garten · OSM 326633898","place":"Köln","isDemo":false,"source":"© OpenStreetMap-Mitwirkende","sourceUrl":"https://www.openstreetmap.org/way/326633898","license":"ODbL 1.0","licenseUrl":"https://opendatacommons.org/licenses/odbl/1-0/","dataAsOf":"2026-09-18T10:54:21Z","positionNote":"Mittelpunkt des OSM-Umgrenzungsrechtecks; kein Eingang"}},{"type":"Feature","id":"osm-way-346962804","geometry":{"type":"Point","coordinates":[6.9231261,50.9560288]},"properties":{"theme":"gardens","name":"Garten · OSM 346962804","place":"Köln","isDemo":false,"source":"© OpenStreetMap-Mitwirkende","sourceUrl":"https://www.openstreetmap.org/way/346962804","license":"ODbL 1.0","licenseUrl":"https://opendatacommons.org/licenses/odbl/1-0/","dataAsOf":"2026-09-18T10:54:21Z","positionNote":"Mittelpunkt des OSM-Umgrenzungsrechtecks; kein Eingang"}},{"type":"Feature","id":"osm-way-363393392","geometry":{"type":"Point","coordinates":[6.9698044,50.961376]},"properties":{"theme":"gardens","name":"Garten · OSM 363393392","place":"Köln","isDemo":false,"source":"© OpenStreetMap-Mitwirkende","sourceUrl":"https://www.openstreetmap.org/way/363393392","license":"ODbL 1.0","licenseUrl":"https://opendatacommons.org/licenses/odbl/1-0/","dataAsOf":"2026-09-18T10:54:21Z","positionNote":"Mittelpunkt des OSM-Umgrenzungsrechtecks; kein Eingang"}},{"type":"Feature","id":"osm-way-363393395","geometry":{"type":"Point","coordinates":[6.9698897,50.961354]},"properties":{"theme":"gardens","name":"Garten · OSM 363393395","place":"Köln","isDemo":false,"source":"© OpenStreetMap-Mitwirkende","sourceUrl":"https://www.openstreetmap.org/way/363393395","license":"ODbL 1.0","licenseUrl":"https://opendatacommons.org/licenses/odbl/1-0/","dataAsOf":"2026-09-18T10:54:21Z","positionNote":"Mittelpunkt des OSM-Umgrenzungsrechtecks; kein Eingang"}},{"type":"Feature","id":"osm-way-363607633","geometry":{"type":"Point","coordinates":[6.9698692,50.9595733]},"properties":{"theme":"gardens","name":"Garten · OSM 363607633","place":"Köln","isDemo":false,"source":"© OpenStreetMap-Mitwirkende","sourceUrl":"https://www.openstreetmap.org/way/363607633","license":"ODbL 1.0","licenseUrl":"https://opendatacommons.org/licenses/odbl/1-0/","dataAsOf":"2026-09-18T10:54:21Z","positionNote":"Mittelpunkt des OSM-Umgrenzungsrechtecks; kein Eingang"}},{"type":"Feature","id":"osm-relation-1140573","geometry":{"type":"Point","coordinates":[6.9114999,50.9112346]},"properties":{"theme":"parks","name":"Beethovenpark","place":"Köln","isDemo":false,"source":"© OpenStreetMap-Mitwirkende","sourceUrl":"https://www.openstreetmap.org/relation/1140573","license":"ODbL 1.0","licenseUrl":"https://opendatacommons.org/licenses/odbl/1-0/","dataAsOf":"2026-09-18T10:54:21Z","positionNote":"Mittelpunkt des OSM-Umgrenzungsrechtecks; kein Eingang","wikidataUrl":"https://www.wikidata.org/wiki/Q814136"}},{"type":"Feature","id":"osm-relation-1151574","geometry":{"type":"Point","coordinates":[6.9365489,50.9443445]},"properties":{"theme":"parks","name":"Stadtgarten","place":"Köln","isDemo":false,"source":"© OpenStreetMap-Mitwirkende","sourceUrl":"https://www.openstreetmap.org/relation/1151574","license":"ODbL 1.0","licenseUrl":"https://opendatacommons.org/licenses/odbl/1-0/","dataAsOf":"2026-09-18T10:54:21Z","positionNote":"Mittelpunkt des OSM-Umgrenzungsrechtecks; kein Eingang","wikidataUrl":"https://www.wikidata.org/wiki/Q1523083"}},{"type":"Feature","id":"osm-relation-14266729","geometry":{"type":"Point","coordinates":[6.9317036,50.9274157]},"properties":{"theme":"parks","name":"Uniwiesen","place":"Köln","isDemo":false,"source":"© OpenStreetMap-Mitwirkende","sourceUrl":"https://www.openstreetmap.org/relation/14266729","license":"ODbL 1.0","licenseUrl":"https://opendatacommons.org/licenses/odbl/1-0/","dataAsOf":"2026-09-18T10:54:21Z","positionNote":"Mittelpunkt des OSM-Umgrenzungsrechtecks; kein Eingang"}},{"type":"Feature","id":"osm-relation-14724857","geometry":{"type":"Point","coordinates":[6.9276186,50.9089586]},"properties":{"theme":"parks","name":"Äußerer Grüngürtel","place":"Köln","isDemo":false,"source":"© OpenStreetMap-Mitwirkende","sourceUrl":"https://www.openstreetmap.org/relation/14724857","license":"ODbL 1.0","licenseUrl":"https://opendatacommons.org/licenses/odbl/1-0/","dataAsOf":"2026-09-18T10:54:21Z","positionNote":"Mittelpunkt des OSM-Umgrenzungsrechtecks; kein Eingang"}},{"type":"Feature","id":"osm-relation-2087312","geometry":{"type":"Point","coordinates":[6.9594189,50.9590223]},"properties":{"theme":"parks","name":"Lis-Böhle-Park","place":"Köln","isDemo":false,"source":"© OpenStreetMap-Mitwirkende","sourceUrl":"https://www.openstreetmap.org/relation/2087312","license":"ODbL 1.0","licenseUrl":"https://opendatacommons.org/licenses/odbl/1-0/","dataAsOf":"2026-09-18T10:54:21Z","positionNote":"Mittelpunkt des OSM-Umgrenzungsrechtecks; kein Eingang"}},{"type":"Feature","id":"osm-relation-2088644","geometry":{"type":"Point","coordinates":[6.9645835,50.9503799]},"properties":{"theme":"parks","name":"Theodor-Heuss-Park","place":"Köln","isDemo":false,"source":"© OpenStreetMap-Mitwirkende","sourceUrl":"https://www.openstreetmap.org/relation/2088644","license":"ODbL 1.0","licenseUrl":"https://opendatacommons.org/licenses/odbl/1-0/","dataAsOf":"2026-09-18T10:54:21Z","positionNote":"Mittelpunkt des OSM-Umgrenzungsrechtecks; kein Eingang"}},{"type":"Feature","id":"osm-relation-3096872","geometry":{"type":"Point","coordinates":[6.9578682,50.8951214]},"properties":{"theme":"parks","name":"Fritz-Encke-Volkspark","place":"Köln","isDemo":false,"source":"© OpenStreetMap-Mitwirkende","sourceUrl":"https://www.openstreetmap.org/relation/3096872","license":"ODbL 1.0","licenseUrl":"https://opendatacommons.org/licenses/odbl/1-0/","dataAsOf":"2026-09-18T10:54:21Z","positionNote":"Mittelpunkt des OSM-Umgrenzungsrechtecks; kein Eingang","wikidataUrl":"https://www.wikidata.org/wiki/Q1465350"}},{"type":"Feature","id":"osm-relation-6168214","geometry":{"type":"Point","coordinates":[6.96403,50.9703507]},"properties":{"theme":"parks","name":"Nordpark","place":"Köln","isDemo":false,"source":"© OpenStreetMap-Mitwirkende","sourceUrl":"https://www.openstreetmap.org/relation/6168214","license":"ODbL 1.0","licenseUrl":"https://opendatacommons.org/licenses/odbl/1-0/","dataAsOf":"2026-09-18T10:54:21Z","positionNote":"Mittelpunkt des OSM-Umgrenzungsrechtecks; kein Eingang"}},{"type":"Feature","id":"osm-relation-7769947","geometry":{"type":"Point","coordinates":[6.9964311,50.9401789]},"properties":{"theme":"parks","name":"Bürgerpark","place":"Köln","isDemo":false,"source":"© OpenStreetMap-Mitwirkende","sourceUrl":"https://www.openstreetmap.org/relation/7769947","license":"ODbL 1.0","licenseUrl":"https://opendatacommons.org/licenses/odbl/1-0/","dataAsOf":"2026-09-18T10:54:21Z","positionNote":"Mittelpunkt des OSM-Umgrenzungsrechtecks; kein Eingang"}},{"type":"Feature","id":"osm-relation-8704013","geometry":{"type":"Point","coordinates":[6.9362172,50.9314002]},"properties":{"theme":"parks","name":"Rathenauplatz","place":"Köln","isDemo":false,"source":"© OpenStreetMap-Mitwirkende","sourceUrl":"https://www.openstreetmap.org/relation/8704013","license":"ODbL 1.0","licenseUrl":"https://opendatacommons.org/licenses/odbl/1-0/","dataAsOf":"2026-09-18T10:54:21Z","positionNote":"Mittelpunkt des OSM-Umgrenzungsrechtecks; kein Eingang","wikidataUrl":"https://www.wikidata.org/wiki/Q1349710"}},{"type":"Feature","id":"osm-relation-8705010","geometry":{"type":"Point","coordinates":[6.8622366,50.9601222]},"properties":{"theme":"parks","name":"Landschaftspark Belvedere","place":"Köln","isDemo":false,"source":"© OpenStreetMap-Mitwirkende","sourceUrl":"https://www.openstreetmap.org/relation/8705010","license":"ODbL 1.0","licenseUrl":"https://opendatacommons.org/licenses/odbl/1-0/","dataAsOf":"2026-09-18T10:54:21Z","positionNote":"Mittelpunkt des OSM-Umgrenzungsrechtecks; kein Eingang","wikidataUrl":"https://www.wikidata.org/wiki/Q16725968"}},{"type":"Feature","id":"osm-relation-9269068","geometry":{"type":"Point","coordinates":[6.9174371,50.9462144]},"properties":{"theme":"parks","name":"Fröbelplatz","place":"Köln","isDemo":false,"source":"© OpenStreetMap-Mitwirkende","sourceUrl":"https://www.openstreetmap.org/relation/9269068","license":"ODbL 1.0","licenseUrl":"https://opendatacommons.org/licenses/odbl/1-0/","dataAsOf":"2026-09-18T10:54:21Z","positionNote":"Mittelpunkt des OSM-Umgrenzungsrechtecks; kein Eingang"}},{"type":"Feature","id":"osm-relation-9425158","geometry":{"type":"Point","coordinates":[7.0048167,50.9585695]},"properties":{"theme":"parks","name":"Mülheimer Stadtgarten","place":"Köln","isDemo":false,"source":"© OpenStreetMap-Mitwirkende","sourceUrl":"https://www.openstreetmap.org/relation/9425158","license":"ODbL 1.0","licenseUrl":"https://opendatacommons.org/licenses/odbl/1-0/","dataAsOf":"2026-09-18T10:54:21Z","positionNote":"Mittelpunkt des OSM-Umgrenzungsrechtecks; kein Eingang"}},{"type":"Feature","id":"osm-way-1082470147","geometry":{"type":"Point","coordinates":[6.8611259,51.0699727]},"properties":{"theme":"parks","name":"Mündungspark Alter Hafen","place":"Köln","isDemo":false,"source":"© OpenStreetMap-Mitwirkende","sourceUrl":"https://www.openstreetmap.org/way/1082470147","license":"ODbL 1.0","licenseUrl":"https://opendatacommons.org/licenses/odbl/1-0/","dataAsOf":"2026-09-18T10:54:21Z","positionNote":"Mittelpunkt des OSM-Umgrenzungsrechtecks; kein Eingang","wikidataUrl":"https://www.wikidata.org/wiki/Q1553893"}},{"type":"Feature","id":"osm-way-1097044632","geometry":{"type":"Point","coordinates":[6.9531867,50.9156509]},"properties":{"theme":"parks","name":"Pionierpark","place":"Köln","isDemo":false,"source":"© OpenStreetMap-Mitwirkende","sourceUrl":"https://www.openstreetmap.org/way/1097044632","license":"ODbL 1.0","licenseUrl":"https://opendatacommons.org/licenses/odbl/1-0/","dataAsOf":"2026-09-18T10:54:21Z","positionNote":"Mittelpunkt des OSM-Umgrenzungsrechtecks; kein Eingang"}},{"type":"Feature","id":"osm-way-114449273","geometry":{"type":"Point","coordinates":[6.8969552,50.9612647]},"properties":{"theme":"parks","name":"Der Rosengarten","place":"Köln","isDemo":false,"source":"© OpenStreetMap-Mitwirkende","sourceUrl":"https://www.openstreetmap.org/way/114449273","license":"ODbL 1.0","licenseUrl":"https://opendatacommons.org/licenses/odbl/1-0/","dataAsOf":"2026-09-18T10:54:21Z","positionNote":"Mittelpunkt des OSM-Umgrenzungsrechtecks; kein Eingang"}},{"type":"Feature","id":"osm-way-1231131911","geometry":{"type":"Point","coordinates":[6.9580779,50.9151168]},"properties":{"theme":"parks","name":"Sportpionierpark","place":"Köln","isDemo":false,"source":"© OpenStreetMap-Mitwirkende","sourceUrl":"https://www.openstreetmap.org/way/1231131911","license":"ODbL 1.0","licenseUrl":"https://opendatacommons.org/licenses/odbl/1-0/","dataAsOf":"2026-09-18T10:54:21Z","positionNote":"Mittelpunkt des OSM-Umgrenzungsrechtecks; kein Eingang"}},{"type":"Feature","id":"osm-way-126625682","geometry":{"type":"Point","coordinates":[6.9599649,50.9257714]},"properties":{"theme":"parks","name":"Von-Stein-Park","place":"Köln","isDemo":false,"source":"© OpenStreetMap-Mitwirkende","sourceUrl":"https://www.openstreetmap.org/way/126625682","license":"ODbL 1.0","licenseUrl":"https://opendatacommons.org/licenses/odbl/1-0/","dataAsOf":"2026-09-18T10:54:21Z","positionNote":"Mittelpunkt des OSM-Umgrenzungsrechtecks; kein Eingang"}},{"type":"Feature","id":"osm-way-128504203","geometry":{"type":"Point","coordinates":[6.928508,50.926698]},"properties":{"theme":"parks","name":"Elise-Richter-Platz","place":"Köln","isDemo":false,"source":"© OpenStreetMap-Mitwirkende","sourceUrl":"https://www.openstreetmap.org/way/128504203","license":"ODbL 1.0","licenseUrl":"https://opendatacommons.org/licenses/odbl/1-0/","dataAsOf":"2026-09-18T10:54:21Z","positionNote":"Mittelpunkt des OSM-Umgrenzungsrechtecks; kein Eingang"}},{"type":"Feature","id":"osm-way-129583522","geometry":{"type":"Point","coordinates":[6.9856954,50.9561802]},"properties":{"theme":"parks","name":"Jugendpark","place":"Köln","isDemo":false,"source":"© OpenStreetMap-Mitwirkende","sourceUrl":"https://www.openstreetmap.org/way/129583522","license":"ODbL 1.0","licenseUrl":"https://opendatacommons.org/licenses/odbl/1-0/","dataAsOf":"2026-09-18T10:54:21Z","positionNote":"Mittelpunkt des OSM-Umgrenzungsrechtecks; kein Eingang"}},{"type":"Feature","id":"osm-way-130165210","geometry":{"type":"Point","coordinates":[6.9283449,50.9337625]},"properties":{"theme":"parks","name":"Hiroshima-Nagasaki-Park","place":"Köln","isDemo":false,"source":"© OpenStreetMap-Mitwirkende","sourceUrl":"https://www.openstreetmap.org/way/130165210","license":"ODbL 1.0","licenseUrl":"https://opendatacommons.org/licenses/odbl/1-0/","dataAsOf":"2026-09-18T10:54:21Z","positionNote":"Mittelpunkt des OSM-Umgrenzungsrechtecks; kein Eingang","wikidataUrl":"https://www.wikidata.org/wiki/Q22100359"}},{"type":"Feature","id":"osm-way-1382858399","geometry":{"type":"Point","coordinates":[6.9829792,50.8858992]},"properties":{"theme":"parks","name":"Forstbotanischer Garten","place":"Köln","isDemo":false,"source":"© OpenStreetMap-Mitwirkende","sourceUrl":"https://www.openstreetmap.org/way/1382858399","license":"ODbL 1.0","licenseUrl":"https://opendatacommons.org/licenses/odbl/1-0/","dataAsOf":"2026-09-18T10:54:21Z","positionNote":"Mittelpunkt des OSM-Umgrenzungsrechtecks; kein Eingang","wikidataUrl":"https://www.wikidata.org/wiki/Q873964"}},{"type":"Feature","id":"osm-way-141252994","geometry":{"type":"Point","coordinates":[7.0075341,50.9380807]},"properties":{"theme":"parks","name":"Stadtgarten Kalk","place":"Köln","isDemo":false,"source":"© OpenStreetMap-Mitwirkende","sourceUrl":"https://www.openstreetmap.org/way/141252994","license":"ODbL 1.0","licenseUrl":"https://opendatacommons.org/licenses/odbl/1-0/","dataAsOf":"2026-09-18T10:54:21Z","positionNote":"Mittelpunkt des OSM-Umgrenzungsrechtecks; kein Eingang"}},{"type":"Feature","id":"osm-way-143542029","geometry":{"type":"Point","coordinates":[6.9817484,50.9292165]},"properties":{"theme":"parks","name":"Deutzer Stadtgarten","place":"Köln","isDemo":false,"source":"© OpenStreetMap-Mitwirkende","sourceUrl":"https://www.openstreetmap.org/way/143542029","license":"ODbL 1.0","licenseUrl":"https://opendatacommons.org/licenses/odbl/1-0/","dataAsOf":"2026-09-18T10:54:21Z","positionNote":"Mittelpunkt des OSM-Umgrenzungsrechtecks; kein Eingang"}},{"type":"Feature","id":"osm-way-145128810","geometry":{"type":"Point","coordinates":[6.9825291,50.8817556]},"properties":{"theme":"parks","name":"Friedenswald","place":"Köln","isDemo":false,"source":"© OpenStreetMap-Mitwirkende","sourceUrl":"https://www.openstreetmap.org/way/145128810","license":"ODbL 1.0","licenseUrl":"https://opendatacommons.org/licenses/odbl/1-0/","dataAsOf":"2026-09-18T10:54:21Z","positionNote":"Mittelpunkt des OSM-Umgrenzungsrechtecks; kein Eingang"}},{"type":"Feature","id":"osm-way-150031301","geometry":{"type":"Point","coordinates":[6.9466919,50.921133]},"properties":{"theme":"parks","name":"Volksgarten","place":"Köln","isDemo":false,"source":"© OpenStreetMap-Mitwirkende","sourceUrl":"https://www.openstreetmap.org/way/150031301","license":"ODbL 1.0","licenseUrl":"https://opendatacommons.org/licenses/odbl/1-0/","dataAsOf":"2026-09-18T10:54:21Z","positionNote":"Mittelpunkt des OSM-Umgrenzungsrechtecks; kein Eingang","wikidataUrl":"https://www.wikidata.org/wiki/Q2531920"}},{"type":"Feature","id":"osm-way-150031304","geometry":{"type":"Point","coordinates":[6.9390934,50.9328346]},"properties":{"theme":"parks","name":"Yitzhak-Rabin-Platz","place":"Köln","isDemo":false,"source":"© OpenStreetMap-Mitwirkende","sourceUrl":"https://www.openstreetmap.org/way/150031304","license":"ODbL 1.0","licenseUrl":"https://opendatacommons.org/licenses/odbl/1-0/","dataAsOf":"2026-09-18T10:54:21Z","positionNote":"Mittelpunkt des OSM-Umgrenzungsrechtecks; kein Eingang"}},{"type":"Feature","id":"osm-way-151503336","geometry":{"type":"Point","coordinates":[6.9719873,50.8968098]},"properties":{"theme":"parks","name":"Südpark","place":"Köln","isDemo":false,"source":"© OpenStreetMap-Mitwirkende","sourceUrl":"https://www.openstreetmap.org/way/151503336","license":"ODbL 1.0","licenseUrl":"https://opendatacommons.org/licenses/odbl/1-0/","dataAsOf":"2026-09-18T10:54:21Z","positionNote":"Mittelpunkt des OSM-Umgrenzungsrechtecks; kein Eingang","wikidataUrl":"https://www.wikidata.org/wiki/Q15131759"}},{"type":"Feature","id":"osm-way-154337338","geometry":{"type":"Point","coordinates":[6.891883,51.0237311]},"properties":{"theme":"parks","name":"Olof-Palme-Park","place":"Köln","isDemo":false,"source":"© OpenStreetMap-Mitwirkende","sourceUrl":"https://www.openstreetmap.org/way/154337338","license":"ODbL 1.0","licenseUrl":"https://opendatacommons.org/licenses/odbl/1-0/","dataAsOf":"2026-09-18T10:54:21Z","positionNote":"Mittelpunkt des OSM-Umgrenzungsrechtecks; kein Eingang"}},{"type":"Feature","id":"osm-way-154502597","geometry":{"type":"Point","coordinates":[6.9483993,50.9297338]},"properties":{"theme":"parks","name":"Max-Dietlein-Park","place":"Köln","isDemo":false,"source":"© OpenStreetMap-Mitwirkende","sourceUrl":"https://www.openstreetmap.org/way/154502597","license":"ODbL 1.0","licenseUrl":"https://opendatacommons.org/licenses/odbl/1-0/","dataAsOf":"2026-09-18T10:54:21Z","positionNote":"Mittelpunkt des OSM-Umgrenzungsrechtecks; kein Eingang"}},{"type":"Feature","id":"osm-way-154559032","geometry":{"type":"Point","coordinates":[6.9014545,51.0296071]},"properties":{"theme":"parks","name":"Grünzug Chorweiler","place":"Köln","isDemo":false,"source":"© OpenStreetMap-Mitwirkende","sourceUrl":"https://www.openstreetmap.org/way/154559032","license":"ODbL 1.0","licenseUrl":"https://opendatacommons.org/licenses/odbl/1-0/","dataAsOf":"2026-09-18T10:54:21Z","positionNote":"Mittelpunkt des OSM-Umgrenzungsrechtecks; kein Eingang"}},{"type":"Feature","id":"osm-way-155328236","geometry":{"type":"Point","coordinates":[6.970096,50.9611282]},"properties":{"theme":"parks","name":"Flora","place":"Köln","isDemo":false,"source":"© OpenStreetMap-Mitwirkende","sourceUrl":"https://www.openstreetmap.org/way/155328236","license":"ODbL 1.0","licenseUrl":"https://opendatacommons.org/licenses/odbl/1-0/","dataAsOf":"2026-09-18T10:54:21Z","positionNote":"Mittelpunkt des OSM-Umgrenzungsrechtecks; kein Eingang"}},{"type":"Feature","id":"osm-way-155328270","geometry":{"type":"Point","coordinates":[6.9710346,50.9555]},"properties":{"theme":"parks","name":"Skulpturenpark","place":"Köln","isDemo":false,"source":"© OpenStreetMap-Mitwirkende","sourceUrl":"https://www.openstreetmap.org/way/155328270","license":"ODbL 1.0","licenseUrl":"https://opendatacommons.org/licenses/odbl/1-0/","dataAsOf":"2026-09-18T10:54:21Z","positionNote":"Mittelpunkt des OSM-Umgrenzungsrechtecks; kein Eingang","wikidataUrl":"https://www.wikidata.org/wiki/Q833223"}},{"type":"Feature","id":"osm-way-155430661","geometry":{"type":"Point","coordinates":[6.9527412,50.9571086]},"properties":{"theme":"parks","name":"Lohsepark","place":"Köln","isDemo":false,"source":"© OpenStreetMap-Mitwirkende","sourceUrl":"https://www.openstreetmap.org/way/155430661","license":"ODbL 1.0","licenseUrl":"https://opendatacommons.org/licenses/odbl/1-0/","dataAsOf":"2026-09-18T10:54:21Z","positionNote":"Mittelpunkt des OSM-Umgrenzungsrechtecks; kein Eingang"}},{"type":"Feature","id":"osm-way-156166965","geometry":{"type":"Point","coordinates":[6.9275073,50.922827]},"properties":{"theme":"parks","name":"De-Noel-Platz","place":"Köln","isDemo":false,"source":"© OpenStreetMap-Mitwirkende","sourceUrl":"https://www.openstreetmap.org/way/156166965","license":"ODbL 1.0","licenseUrl":"https://opendatacommons.org/licenses/odbl/1-0/","dataAsOf":"2026-09-18T10:54:21Z","positionNote":"Mittelpunkt des OSM-Umgrenzungsrechtecks; kein Eingang","wikidataUrl":"https://www.wikidata.org/wiki/Q109333709"}},{"type":"Feature","id":"osm-way-166521153","geometry":{"type":"Point","coordinates":[7.0074449,50.9006492]},"properties":{"theme":"parks","name":"Westhovener Aue","place":"Köln","isDemo":false,"source":"© OpenStreetMap-Mitwirkende","sourceUrl":"https://www.openstreetmap.org/way/166521153","license":"ODbL 1.0","licenseUrl":"https://opendatacommons.org/licenses/odbl/1-0/","dataAsOf":"2026-09-18T10:54:21Z","positionNote":"Mittelpunkt des OSM-Umgrenzungsrechtecks; kein Eingang","wikidataUrl":"https://www.wikidata.org/wiki/Q1678720"}},{"type":"Feature","id":"osm-way-17104455","geometry":{"type":"Point","coordinates":[6.910987,50.9527539]},"properties":{"theme":"parks","name":"Leo-Amann-Park","place":"Köln","isDemo":false,"source":"© OpenStreetMap-Mitwirkende","sourceUrl":"https://www.openstreetmap.org/way/17104455","license":"ODbL 1.0","licenseUrl":"https://opendatacommons.org/licenses/odbl/1-0/","dataAsOf":"2026-09-18T10:54:21Z","positionNote":"Mittelpunkt des OSM-Umgrenzungsrechtecks; kein Eingang"}},{"type":"Feature","id":"osm-node-12549450062","geometry":{"type":"Point","coordinates":[7.027013,50.9436077]},"properties":{"theme":"parks","name":"Park · OSM 12549450062","place":"Köln","isDemo":false,"source":"© OpenStreetMap-Mitwirkende","sourceUrl":"https://www.openstreetmap.org/node/12549450062","license":"ODbL 1.0","licenseUrl":"https://opendatacommons.org/licenses/odbl/1-0/","dataAsOf":"2026-09-18T10:54:21Z","positionNote":"OSM-Punktstandort"}},{"type":"Feature","id":"osm-relation-10520264","geometry":{"type":"Point","coordinates":[6.9152604,50.9577696]},"properties":{"theme":"parks","name":"Park · OSM 10520264","place":"Köln","isDemo":false,"source":"© OpenStreetMap-Mitwirkende","sourceUrl":"https://www.openstreetmap.org/relation/10520264","license":"ODbL 1.0","licenseUrl":"https://opendatacommons.org/licenses/odbl/1-0/","dataAsOf":"2026-09-18T10:54:21Z","positionNote":"Mittelpunkt des OSM-Umgrenzungsrechtecks; kein Eingang"}},{"type":"Feature","id":"osm-relation-19386577","geometry":{"type":"Point","coordinates":[6.9634483,50.9667221]},"properties":{"theme":"parks","name":"Park · OSM 19386577","place":"Köln","isDemo":false,"source":"© OpenStreetMap-Mitwirkende","sourceUrl":"https://www.openstreetmap.org/relation/19386577","license":"ODbL 1.0","licenseUrl":"https://opendatacommons.org/licenses/odbl/1-0/","dataAsOf":"2026-09-18T10:54:21Z","positionNote":"Mittelpunkt des OSM-Umgrenzungsrechtecks; kein Eingang"}},{"type":"Feature","id":"osm-relation-2087378","geometry":{"type":"Point","coordinates":[6.956576,50.9581671]},"properties":{"theme":"parks","name":"Park · OSM 2087378","place":"Köln","isDemo":false,"source":"© OpenStreetMap-Mitwirkende","sourceUrl":"https://www.openstreetmap.org/relation/2087378","license":"ODbL 1.0","licenseUrl":"https://opendatacommons.org/licenses/odbl/1-0/","dataAsOf":"2026-09-18T10:54:21Z","positionNote":"Mittelpunkt des OSM-Umgrenzungsrechtecks; kein Eingang"}},{"type":"Feature","id":"osm-relation-3259229","geometry":{"type":"Point","coordinates":[6.9062136,50.9330568]},"properties":{"theme":"parks","name":"Park · OSM 3259229","place":"Köln","isDemo":false,"source":"© OpenStreetMap-Mitwirkende","sourceUrl":"https://www.openstreetmap.org/relation/3259229","license":"ODbL 1.0","licenseUrl":"https://opendatacommons.org/licenses/odbl/1-0/","dataAsOf":"2026-09-18T10:54:21Z","positionNote":"Mittelpunkt des OSM-Umgrenzungsrechtecks; kein Eingang"}},{"type":"Feature","id":"osm-relation-6978434","geometry":{"type":"Point","coordinates":[7.003687,50.9260783]},"properties":{"theme":"parks","name":"Park · OSM 6978434","place":"Köln","isDemo":false,"source":"© OpenStreetMap-Mitwirkende","sourceUrl":"https://www.openstreetmap.org/relation/6978434","license":"ODbL 1.0","licenseUrl":"https://opendatacommons.org/licenses/odbl/1-0/","dataAsOf":"2026-09-18T10:54:21Z","positionNote":"Mittelpunkt des OSM-Umgrenzungsrechtecks; kein Eingang"}},{"type":"Feature","id":"osm-relation-8511310","geometry":{"type":"Point","coordinates":[7.0115461,50.8622075]},"properties":{"theme":"parks","name":"Park · OSM 8511310","place":"Köln","isDemo":false,"source":"© OpenStreetMap-Mitwirkende","sourceUrl":"https://www.openstreetmap.org/relation/8511310","license":"ODbL 1.0","licenseUrl":"https://opendatacommons.org/licenses/odbl/1-0/","dataAsOf":"2026-09-18T10:54:21Z","positionNote":"Mittelpunkt des OSM-Umgrenzungsrechtecks; kein Eingang"}},{"type":"Feature","id":"osm-way-101744170","geometry":{"type":"Point","coordinates":[6.9327323,50.9240676]},"properties":{"theme":"parks","name":"Park · OSM 101744170","place":"Köln","isDemo":false,"source":"© OpenStreetMap-Mitwirkende","sourceUrl":"https://www.openstreetmap.org/way/101744170","license":"ODbL 1.0","licenseUrl":"https://opendatacommons.org/licenses/odbl/1-0/","dataAsOf":"2026-09-18T10:54:21Z","positionNote":"Mittelpunkt des OSM-Umgrenzungsrechtecks; kein Eingang"}},{"type":"Feature","id":"osm-way-1019241493","geometry":{"type":"Point","coordinates":[6.9200641,51.023814]},"properties":{"theme":"parks","name":"Park · OSM 1019241493","place":"Köln","isDemo":false,"source":"© OpenStreetMap-Mitwirkende","sourceUrl":"https://www.openstreetmap.org/way/1019241493","license":"ODbL 1.0","licenseUrl":"https://opendatacommons.org/licenses/odbl/1-0/","dataAsOf":"2026-09-18T10:54:21Z","positionNote":"Mittelpunkt des OSM-Umgrenzungsrechtecks; kein Eingang"}},{"type":"Feature","id":"osm-way-102017858","geometry":{"type":"Point","coordinates":[6.9306984,50.9258418]},"properties":{"theme":"parks","name":"Park · OSM 102017858","place":"Köln","isDemo":false,"source":"© OpenStreetMap-Mitwirkende","sourceUrl":"https://www.openstreetmap.org/way/102017858","license":"ODbL 1.0","licenseUrl":"https://opendatacommons.org/licenses/odbl/1-0/","dataAsOf":"2026-09-18T10:54:21Z","positionNote":"Mittelpunkt des OSM-Umgrenzungsrechtecks; kein Eingang"}},{"type":"Feature","id":"osm-way-103846600","geometry":{"type":"Point","coordinates":[7.0986041,50.8564072]},"properties":{"theme":"parks","name":"Park · OSM 103846600","place":"Köln","isDemo":false,"source":"© OpenStreetMap-Mitwirkende","sourceUrl":"https://www.openstreetmap.org/way/103846600","license":"ODbL 1.0","licenseUrl":"https://opendatacommons.org/licenses/odbl/1-0/","dataAsOf":"2026-09-18T10:54:21Z","positionNote":"Mittelpunkt des OSM-Umgrenzungsrechtecks; kein Eingang"}},{"type":"Feature","id":"osm-way-1058505519","geometry":{"type":"Point","coordinates":[6.9588598,50.9173394]},"properties":{"theme":"parks","name":"Park · OSM 1058505519","place":"Köln","isDemo":false,"source":"© OpenStreetMap-Mitwirkende","sourceUrl":"https://www.openstreetmap.org/way/1058505519","license":"ODbL 1.0","licenseUrl":"https://opendatacommons.org/licenses/odbl/1-0/","dataAsOf":"2026-09-18T10:54:21Z","positionNote":"Mittelpunkt des OSM-Umgrenzungsrechtecks; kein Eingang"}},{"type":"Feature","id":"osm-way-107803064","geometry":{"type":"Point","coordinates":[6.9342716,50.9238219]},"properties":{"theme":"parks","name":"Park · OSM 107803064","place":"Köln","isDemo":false,"source":"© OpenStreetMap-Mitwirkende","sourceUrl":"https://www.openstreetmap.org/way/107803064","license":"ODbL 1.0","licenseUrl":"https://opendatacommons.org/licenses/odbl/1-0/","dataAsOf":"2026-09-18T10:54:21Z","positionNote":"Mittelpunkt des OSM-Umgrenzungsrechtecks; kein Eingang"}},{"type":"Feature","id":"osm-way-1157145065","geometry":{"type":"Point","coordinates":[7.0006169,50.9255252]},"properties":{"theme":"parks","name":"Park · OSM 1157145065","place":"Köln","isDemo":false,"source":"© OpenStreetMap-Mitwirkende","sourceUrl":"https://www.openstreetmap.org/way/1157145065","license":"ODbL 1.0","licenseUrl":"https://opendatacommons.org/licenses/odbl/1-0/","dataAsOf":"2026-09-18T10:54:21Z","positionNote":"Mittelpunkt des OSM-Umgrenzungsrechtecks; kein Eingang"}},{"type":"Feature","id":"osm-way-1176360554","geometry":{"type":"Point","coordinates":[7.0586184,50.9635385]},"properties":{"theme":"parks","name":"Park · OSM 1176360554","place":"Köln","isDemo":false,"source":"© OpenStreetMap-Mitwirkende","sourceUrl":"https://www.openstreetmap.org/way/1176360554","license":"ODbL 1.0","licenseUrl":"https://opendatacommons.org/licenses/odbl/1-0/","dataAsOf":"2026-09-18T10:54:21Z","positionNote":"Mittelpunkt des OSM-Umgrenzungsrechtecks; kein Eingang"}},{"type":"Feature","id":"osm-way-120454328","geometry":{"type":"Point","coordinates":[6.8443056,51.0450814]},"properties":{"theme":"parks","name":"Park · OSM 120454328","place":"Köln","isDemo":false,"source":"© OpenStreetMap-Mitwirkende","sourceUrl":"https://www.openstreetmap.org/way/120454328","license":"ODbL 1.0","licenseUrl":"https://opendatacommons.org/licenses/odbl/1-0/","dataAsOf":"2026-09-18T10:54:21Z","positionNote":"Mittelpunkt des OSM-Umgrenzungsrechtecks; kein Eingang"}},{"type":"Feature","id":"osm-way-124339999","geometry":{"type":"Point","coordinates":[6.8407021,50.9616886]},"properties":{"theme":"parks","name":"Park · OSM 124339999","place":"Köln","isDemo":false,"source":"© OpenStreetMap-Mitwirkende","sourceUrl":"https://www.openstreetmap.org/way/124339999","license":"ODbL 1.0","licenseUrl":"https://opendatacommons.org/licenses/odbl/1-0/","dataAsOf":"2026-09-18T10:54:21Z","positionNote":"Mittelpunkt des OSM-Umgrenzungsrechtecks; kein Eingang"}},{"type":"Feature","id":"osm-way-124896894","geometry":{"type":"Point","coordinates":[6.9545346,50.9330653]},"properties":{"theme":"parks","name":"Park · OSM 124896894","place":"Köln","isDemo":false,"source":"© OpenStreetMap-Mitwirkende","sourceUrl":"https://www.openstreetmap.org/way/124896894","license":"ODbL 1.0","licenseUrl":"https://opendatacommons.org/licenses/odbl/1-0/","dataAsOf":"2026-09-18T10:54:21Z","positionNote":"Mittelpunkt des OSM-Umgrenzungsrechtecks; kein Eingang"}},{"type":"Feature","id":"osm-way-129128081","geometry":{"type":"Point","coordinates":[6.987738,50.964101]},"properties":{"theme":"parks","name":"Park · OSM 129128081","place":"Köln","isDemo":false,"source":"© OpenStreetMap-Mitwirkende","sourceUrl":"https://www.openstreetmap.org/way/129128081","license":"ODbL 1.0","licenseUrl":"https://opendatacommons.org/licenses/odbl/1-0/","dataAsOf":"2026-09-18T10:54:21Z","positionNote":"Mittelpunkt des OSM-Umgrenzungsrechtecks; kein Eingang"}},{"type":"Feature","id":"osm-way-129128085","geometry":{"type":"Point","coordinates":[6.9841116,50.9619292]},"properties":{"theme":"parks","name":"Park · OSM 129128085","place":"Köln","isDemo":false,"source":"© OpenStreetMap-Mitwirkende","sourceUrl":"https://www.openstreetmap.org/way/129128085","license":"ODbL 1.0","licenseUrl":"https://opendatacommons.org/licenses/odbl/1-0/","dataAsOf":"2026-09-18T10:54:21Z","positionNote":"Mittelpunkt des OSM-Umgrenzungsrechtecks; kein Eingang"}},{"type":"Feature","id":"osm-way-129382226","geometry":{"type":"Point","coordinates":[6.9964293,50.9350509]},"properties":{"theme":"parks","name":"Park · OSM 129382226","place":"Köln","isDemo":false,"source":"© OpenStreetMap-Mitwirkende","sourceUrl":"https://www.openstreetmap.org/way/129382226","license":"ODbL 1.0","licenseUrl":"https://opendatacommons.org/licenses/odbl/1-0/","dataAsOf":"2026-09-18T10:54:21Z","positionNote":"Mittelpunkt des OSM-Umgrenzungsrechtecks; kein Eingang"}},{"type":"Feature","id":"osm-way-130183453","geometry":{"type":"Point","coordinates":[7.083566,50.8579746]},"properties":{"theme":"parks","name":"Park · OSM 130183453","place":"Köln","isDemo":false,"source":"© OpenStreetMap-Mitwirkende","sourceUrl":"https://www.openstreetmap.org/way/130183453","license":"ODbL 1.0","licenseUrl":"https://opendatacommons.org/licenses/odbl/1-0/","dataAsOf":"2026-09-18T10:54:21Z","positionNote":"Mittelpunkt des OSM-Umgrenzungsrechtecks; kein Eingang"}},{"type":"Feature","id":"osm-way-1426744677","geometry":{"type":"Point","coordinates":[6.8736442,50.9504921]},"properties":{"theme":"parks","name":"Park · OSM 1426744677","place":"Köln","isDemo":false,"source":"© OpenStreetMap-Mitwirkende","sourceUrl":"https://www.openstreetmap.org/way/1426744677","license":"ODbL 1.0","licenseUrl":"https://opendatacommons.org/licenses/odbl/1-0/","dataAsOf":"2026-09-18T10:54:21Z","positionNote":"Mittelpunkt des OSM-Umgrenzungsrechtecks; kein Eingang"}},{"type":"Feature","id":"osm-way-1471644103","geometry":{"type":"Point","coordinates":[7.0458747,50.9573294]},"properties":{"theme":"parks","name":"Park · OSM 1471644103","place":"Köln","isDemo":false,"source":"© OpenStreetMap-Mitwirkende","sourceUrl":"https://www.openstreetmap.org/way/1471644103","license":"ODbL 1.0","licenseUrl":"https://opendatacommons.org/licenses/odbl/1-0/","dataAsOf":"2026-09-18T10:54:21Z","positionNote":"Mittelpunkt des OSM-Umgrenzungsrechtecks; kein Eingang"}},{"type":"Feature","id":"osm-way-148610360","geometry":{"type":"Point","coordinates":[6.8161128,51.0512262]},"properties":{"theme":"parks","name":"Park · OSM 148610360","place":"Köln","isDemo":false,"source":"© OpenStreetMap-Mitwirkende","sourceUrl":"https://www.openstreetmap.org/way/148610360","license":"ODbL 1.0","licenseUrl":"https://opendatacommons.org/licenses/odbl/1-0/","dataAsOf":"2026-09-18T10:54:21Z","positionNote":"Mittelpunkt des OSM-Umgrenzungsrechtecks; kein Eingang"}},{"type":"Feature","id":"osm-way-150809915","geometry":{"type":"Point","coordinates":[7.0009013,50.8622714]},"properties":{"theme":"parks","name":"Park · OSM 150809915","place":"Köln","isDemo":false,"source":"© OpenStreetMap-Mitwirkende","sourceUrl":"https://www.openstreetmap.org/way/150809915","license":"ODbL 1.0","licenseUrl":"https://opendatacommons.org/licenses/odbl/1-0/","dataAsOf":"2026-09-18T10:54:21Z","positionNote":"Mittelpunkt des OSM-Umgrenzungsrechtecks; kein Eingang"}},{"type":"Feature","id":"osm-way-150942927","geometry":{"type":"Point","coordinates":[6.997433,50.9145878]},"properties":{"theme":"parks","name":"Park · OSM 150942927","place":"Köln","isDemo":false,"source":"© OpenStreetMap-Mitwirkende","sourceUrl":"https://www.openstreetmap.org/way/150942927","license":"ODbL 1.0","licenseUrl":"https://opendatacommons.org/licenses/odbl/1-0/","dataAsOf":"2026-09-18T10:54:21Z","positionNote":"Mittelpunkt des OSM-Umgrenzungsrechtecks; kein Eingang"}},{"type":"Feature","id":"osm-way-154555321","geometry":{"type":"Point","coordinates":[6.8865476,51.0289287]},"properties":{"theme":"parks","name":"Park · OSM 154555321","place":"Köln","isDemo":false,"source":"© OpenStreetMap-Mitwirkende","sourceUrl":"https://www.openstreetmap.org/way/154555321","license":"ODbL 1.0","licenseUrl":"https://opendatacommons.org/licenses/odbl/1-0/","dataAsOf":"2026-09-18T10:54:21Z","positionNote":"Mittelpunkt des OSM-Umgrenzungsrechtecks; kein Eingang"}},{"type":"Feature","id":"osm-way-154555322","geometry":{"type":"Point","coordinates":[6.8868205,51.0331784]},"properties":{"theme":"parks","name":"Park · OSM 154555322","place":"Köln","isDemo":false,"source":"© OpenStreetMap-Mitwirkende","sourceUrl":"https://www.openstreetmap.org/way/154555322","license":"ODbL 1.0","licenseUrl":"https://opendatacommons.org/licenses/odbl/1-0/","dataAsOf":"2026-09-18T10:54:21Z","positionNote":"Mittelpunkt des OSM-Umgrenzungsrechtecks; kein Eingang"}},{"type":"Feature","id":"osm-way-155436205","geometry":{"type":"Point","coordinates":[6.8941492,51.0335203]},"properties":{"theme":"parks","name":"Park · OSM 155436205","place":"Köln","isDemo":false,"source":"© OpenStreetMap-Mitwirkende","sourceUrl":"https://www.openstreetmap.org/way/155436205","license":"ODbL 1.0","licenseUrl":"https://opendatacommons.org/licenses/odbl/1-0/","dataAsOf":"2026-09-18T10:54:21Z","positionNote":"Mittelpunkt des OSM-Umgrenzungsrechtecks; kein Eingang"}},{"type":"Feature","id":"osm-way-156489324","geometry":{"type":"Point","coordinates":[6.8834286,50.974388]},"properties":{"theme":"parks","name":"Park · OSM 156489324","place":"Köln","isDemo":false,"source":"© OpenStreetMap-Mitwirkende","sourceUrl":"https://www.openstreetmap.org/way/156489324","license":"ODbL 1.0","licenseUrl":"https://opendatacommons.org/licenses/odbl/1-0/","dataAsOf":"2026-09-18T10:54:21Z","positionNote":"Mittelpunkt des OSM-Umgrenzungsrechtecks; kein Eingang"}},{"type":"Feature","id":"osm-way-15949375","geometry":{"type":"Point","coordinates":[6.9699219,50.9344531]},"properties":{"theme":"parks","name":"Park · OSM 15949375","place":"Köln","isDemo":false,"source":"© OpenStreetMap-Mitwirkende","sourceUrl":"https://www.openstreetmap.org/way/15949375","license":"ODbL 1.0","licenseUrl":"https://opendatacommons.org/licenses/odbl/1-0/","dataAsOf":"2026-09-18T10:54:21Z","positionNote":"Mittelpunkt des OSM-Umgrenzungsrechtecks; kein Eingang"}},{"type":"Feature","id":"osm-way-160656023","geometry":{"type":"Point","coordinates":[7.002159,50.9708331]},"properties":{"theme":"parks","name":"Park · OSM 160656023","place":"Köln","isDemo":false,"source":"© OpenStreetMap-Mitwirkende","sourceUrl":"https://www.openstreetmap.org/way/160656023","license":"ODbL 1.0","licenseUrl":"https://opendatacommons.org/licenses/odbl/1-0/","dataAsOf":"2026-09-18T10:54:21Z","positionNote":"Mittelpunkt des OSM-Umgrenzungsrechtecks; kein Eingang"}},{"type":"Feature","id":"osm-way-163694360","geometry":{"type":"Point","coordinates":[6.9956369,50.9869892]},"properties":{"theme":"parks","name":"Park · OSM 163694360","place":"Köln","isDemo":false,"source":"© OpenStreetMap-Mitwirkende","sourceUrl":"https://www.openstreetmap.org/way/163694360","license":"ODbL 1.0","licenseUrl":"https://opendatacommons.org/licenses/odbl/1-0/","dataAsOf":"2026-09-18T10:54:21Z","positionNote":"Mittelpunkt des OSM-Umgrenzungsrechtecks; kein Eingang"}},{"type":"Feature","id":"osm-way-170954186","geometry":{"type":"Point","coordinates":[7.0672659,50.987543]},"properties":{"theme":"parks","name":"Park · OSM 170954186","place":"Köln","isDemo":false,"source":"© OpenStreetMap-Mitwirkende","sourceUrl":"https://www.openstreetmap.org/way/170954186","license":"ODbL 1.0","licenseUrl":"https://opendatacommons.org/licenses/odbl/1-0/","dataAsOf":"2026-09-18T10:54:21Z","positionNote":"Mittelpunkt des OSM-Umgrenzungsrechtecks; kein Eingang"}},{"type":"Feature","id":"osm-way-173114618","geometry":{"type":"Point","coordinates":[7.0055062,50.9736208]},"properties":{"theme":"parks","name":"Park · OSM 173114618","place":"Köln","isDemo":false,"source":"© OpenStreetMap-Mitwirkende","sourceUrl":"https://www.openstreetmap.org/way/173114618","license":"ODbL 1.0","licenseUrl":"https://opendatacommons.org/licenses/odbl/1-0/","dataAsOf":"2026-09-18T10:54:21Z","positionNote":"Mittelpunkt des OSM-Umgrenzungsrechtecks; kein Eingang"}},{"type":"Feature","id":"osm-way-179228677","geometry":{"type":"Point","coordinates":[6.9938076,50.9088378]},"properties":{"theme":"parks","name":"Park · OSM 179228677","place":"Köln","isDemo":false,"source":"© OpenStreetMap-Mitwirkende","sourceUrl":"https://www.openstreetmap.org/way/179228677","license":"ODbL 1.0","licenseUrl":"https://opendatacommons.org/licenses/odbl/1-0/","dataAsOf":"2026-09-18T10:54:21Z","positionNote":"Mittelpunkt des OSM-Umgrenzungsrechtecks; kein Eingang"}},{"type":"Feature","id":"osm-way-186928794","geometry":{"type":"Point","coordinates":[6.9356988,50.996215]},"properties":{"theme":"parks","name":"Park · OSM 186928794","place":"Köln","isDemo":false,"source":"© OpenStreetMap-Mitwirkende","sourceUrl":"https://www.openstreetmap.org/way/186928794","license":"ODbL 1.0","licenseUrl":"https://opendatacommons.org/licenses/odbl/1-0/","dataAsOf":"2026-09-18T10:54:21Z","positionNote":"Mittelpunkt des OSM-Umgrenzungsrechtecks; kein Eingang"}},{"type":"Feature","id":"osm-way-198135164","geometry":{"type":"Point","coordinates":[6.9897761,50.9510533]},"properties":{"theme":"parks","name":"Park · OSM 198135164","place":"Köln","isDemo":false,"source":"© OpenStreetMap-Mitwirkende","sourceUrl":"https://www.openstreetmap.org/way/198135164","license":"ODbL 1.0","licenseUrl":"https://opendatacommons.org/licenses/odbl/1-0/","dataAsOf":"2026-09-18T10:54:21Z","positionNote":"Mittelpunkt des OSM-Umgrenzungsrechtecks; kein Eingang"}},{"type":"Feature","id":"osm-way-199255991","geometry":{"type":"Point","coordinates":[6.9249955,50.9751971]},"properties":{"theme":"parks","name":"Park · OSM 199255991","place":"Köln","isDemo":false,"source":"© OpenStreetMap-Mitwirkende","sourceUrl":"https://www.openstreetmap.org/way/199255991","license":"ODbL 1.0","licenseUrl":"https://opendatacommons.org/licenses/odbl/1-0/","dataAsOf":"2026-09-18T10:54:21Z","positionNote":"Mittelpunkt des OSM-Umgrenzungsrechtecks; kein Eingang"}},{"type":"Feature","id":"osm-way-200419509","geometry":{"type":"Point","coordinates":[6.9268848,50.9670112]},"properties":{"theme":"parks","name":"Park · OSM 200419509","place":"Köln","isDemo":false,"source":"© OpenStreetMap-Mitwirkende","sourceUrl":"https://www.openstreetmap.org/way/200419509","license":"ODbL 1.0","licenseUrl":"https://opendatacommons.org/licenses/odbl/1-0/","dataAsOf":"2026-09-18T10:54:21Z","positionNote":"Mittelpunkt des OSM-Umgrenzungsrechtecks; kein Eingang"}},{"type":"Feature","id":"osm-way-200941886","geometry":{"type":"Point","coordinates":[6.9421399,50.947046]},"properties":{"theme":"parks","name":"Park · OSM 200941886","place":"Köln","isDemo":false,"source":"© OpenStreetMap-Mitwirkende","sourceUrl":"https://www.openstreetmap.org/way/200941886","license":"ODbL 1.0","licenseUrl":"https://opendatacommons.org/licenses/odbl/1-0/","dataAsOf":"2026-09-18T10:54:21Z","positionNote":"Mittelpunkt des OSM-Umgrenzungsrechtecks; kein Eingang"}},{"type":"Feature","id":"osm-way-20326227","geometry":{"type":"Point","coordinates":[6.9001497,50.9689936]},"properties":{"theme":"parks","name":"Park · OSM 20326227","place":"Köln","isDemo":false,"source":"© OpenStreetMap-Mitwirkende","sourceUrl":"https://www.openstreetmap.org/way/20326227","license":"ODbL 1.0","licenseUrl":"https://opendatacommons.org/licenses/odbl/1-0/","dataAsOf":"2026-09-18T10:54:21Z","positionNote":"Mittelpunkt des OSM-Umgrenzungsrechtecks; kein Eingang"}},{"type":"Feature","id":"osm-way-20585880","geometry":{"type":"Point","coordinates":[6.8883029,50.970483]},"properties":{"theme":"parks","name":"Park · OSM 20585880","place":"Köln","isDemo":false,"source":"© OpenStreetMap-Mitwirkende","sourceUrl":"https://www.openstreetmap.org/way/20585880","license":"ODbL 1.0","licenseUrl":"https://opendatacommons.org/licenses/odbl/1-0/","dataAsOf":"2026-09-18T10:54:21Z","positionNote":"Mittelpunkt des OSM-Umgrenzungsrechtecks; kein Eingang"}},{"type":"Feature","id":"osm-way-207325407","geometry":{"type":"Point","coordinates":[6.9626191,50.9327943]},"properties":{"theme":"parks","name":"Park · OSM 207325407","place":"Köln","isDemo":false,"source":"© OpenStreetMap-Mitwirkende","sourceUrl":"https://www.openstreetmap.org/way/207325407","license":"ODbL 1.0","licenseUrl":"https://opendatacommons.org/licenses/odbl/1-0/","dataAsOf":"2026-09-18T10:54:21Z","positionNote":"Mittelpunkt des OSM-Umgrenzungsrechtecks; kein Eingang"}},{"type":"Feature","id":"osm-way-207955520","geometry":{"type":"Point","coordinates":[7.0490281,50.9117499]},"properties":{"theme":"parks","name":"Park · OSM 207955520","place":"Köln","isDemo":false,"source":"© OpenStreetMap-Mitwirkende","sourceUrl":"https://www.openstreetmap.org/way/207955520","license":"ODbL 1.0","licenseUrl":"https://opendatacommons.org/licenses/odbl/1-0/","dataAsOf":"2026-09-18T10:54:21Z","positionNote":"Mittelpunkt des OSM-Umgrenzungsrechtecks; kein Eingang"}},{"type":"Feature","id":"osm-way-216506397","geometry":{"type":"Point","coordinates":[6.9542532,50.8806339]},"properties":{"theme":"parks","name":"Park · OSM 216506397","place":"Köln","isDemo":false,"source":"© OpenStreetMap-Mitwirkende","sourceUrl":"https://www.openstreetmap.org/way/216506397","license":"ODbL 1.0","licenseUrl":"https://opendatacommons.org/licenses/odbl/1-0/","dataAsOf":"2026-09-18T10:54:21Z","positionNote":"Mittelpunkt des OSM-Umgrenzungsrechtecks; kein Eingang"}},{"type":"Feature","id":"osm-way-216585406","geometry":{"type":"Point","coordinates":[6.9363354,50.8736597]},"properties":{"theme":"parks","name":"Park · OSM 216585406","place":"Köln","isDemo":false,"source":"© OpenStreetMap-Mitwirkende","sourceUrl":"https://www.openstreetmap.org/way/216585406","license":"ODbL 1.0","licenseUrl":"https://opendatacommons.org/licenses/odbl/1-0/","dataAsOf":"2026-09-18T10:54:21Z","positionNote":"Mittelpunkt des OSM-Umgrenzungsrechtecks; kein Eingang"}},{"type":"Feature","id":"osm-way-216635195","geometry":{"type":"Point","coordinates":[6.9659752,50.8636398]},"properties":{"theme":"parks","name":"Park · OSM 216635195","place":"Köln","isDemo":false,"source":"© OpenStreetMap-Mitwirkende","sourceUrl":"https://www.openstreetmap.org/way/216635195","license":"ODbL 1.0","licenseUrl":"https://opendatacommons.org/licenses/odbl/1-0/","dataAsOf":"2026-09-18T10:54:21Z","positionNote":"Mittelpunkt des OSM-Umgrenzungsrechtecks; kein Eingang"}},{"type":"Feature","id":"osm-way-216635202","geometry":{"type":"Point","coordinates":[6.9635733,50.857557]},"properties":{"theme":"parks","name":"Park · OSM 216635202","place":"Köln","isDemo":false,"source":"© OpenStreetMap-Mitwirkende","sourceUrl":"https://www.openstreetmap.org/way/216635202","license":"ODbL 1.0","licenseUrl":"https://opendatacommons.org/licenses/odbl/1-0/","dataAsOf":"2026-09-18T10:54:21Z","positionNote":"Mittelpunkt des OSM-Umgrenzungsrechtecks; kein Eingang"}},{"type":"Feature","id":"osm-way-216716095","geometry":{"type":"Point","coordinates":[6.9291555,50.8796626]},"properties":{"theme":"parks","name":"Park · OSM 216716095","place":"Köln","isDemo":false,"source":"© OpenStreetMap-Mitwirkende","sourceUrl":"https://www.openstreetmap.org/way/216716095","license":"ODbL 1.0","licenseUrl":"https://opendatacommons.org/licenses/odbl/1-0/","dataAsOf":"2026-09-18T10:54:21Z","positionNote":"Mittelpunkt des OSM-Umgrenzungsrechtecks; kein Eingang"}},{"type":"Feature","id":"osm-way-22156791","geometry":{"type":"Point","coordinates":[6.9104995,50.977002]},"properties":{"theme":"parks","name":"Park · OSM 22156791","place":"Köln","isDemo":false,"source":"© OpenStreetMap-Mitwirkende","sourceUrl":"https://www.openstreetmap.org/way/22156791","license":"ODbL 1.0","licenseUrl":"https://opendatacommons.org/licenses/odbl/1-0/","dataAsOf":"2026-09-18T10:54:21Z","positionNote":"Mittelpunkt des OSM-Umgrenzungsrechtecks; kein Eingang"}},{"type":"Feature","id":"osm-way-22161522","geometry":{"type":"Point","coordinates":[6.9238328,50.9708986]},"properties":{"theme":"parks","name":"Park · OSM 22161522","place":"Köln","isDemo":false,"source":"© OpenStreetMap-Mitwirkende","sourceUrl":"https://www.openstreetmap.org/way/22161522","license":"ODbL 1.0","licenseUrl":"https://opendatacommons.org/licenses/odbl/1-0/","dataAsOf":"2026-09-18T10:54:21Z","positionNote":"Mittelpunkt des OSM-Umgrenzungsrechtecks; kein Eingang"}},{"type":"Feature","id":"osm-way-22717541","geometry":{"type":"Point","coordinates":[6.8824758,50.962063]},"properties":{"theme":"parks","name":"Park · OSM 22717541","place":"Köln","isDemo":false,"source":"© OpenStreetMap-Mitwirkende","sourceUrl":"https://www.openstreetmap.org/way/22717541","license":"ODbL 1.0","licenseUrl":"https://opendatacommons.org/licenses/odbl/1-0/","dataAsOf":"2026-09-18T10:54:21Z","positionNote":"Mittelpunkt des OSM-Umgrenzungsrechtecks; kein Eingang"}},{"type":"Feature","id":"osm-way-22789145","geometry":{"type":"Point","coordinates":[6.9749418,50.9299591]},"properties":{"theme":"parks","name":"Park · OSM 22789145","place":"Köln","isDemo":false,"source":"© OpenStreetMap-Mitwirkende","sourceUrl":"https://www.openstreetmap.org/way/22789145","license":"ODbL 1.0","licenseUrl":"https://opendatacommons.org/licenses/odbl/1-0/","dataAsOf":"2026-09-18T10:54:21Z","positionNote":"Mittelpunkt des OSM-Umgrenzungsrechtecks; kein Eingang"}},{"type":"Feature","id":"osm-way-22881275","geometry":{"type":"Point","coordinates":[6.9095762,50.9716624]},"properties":{"theme":"parks","name":"Park · OSM 22881275","place":"Köln","isDemo":false,"source":"© OpenStreetMap-Mitwirkende","sourceUrl":"https://www.openstreetmap.org/way/22881275","license":"ODbL 1.0","licenseUrl":"https://opendatacommons.org/licenses/odbl/1-0/","dataAsOf":"2026-09-18T10:54:21Z","positionNote":"Mittelpunkt des OSM-Umgrenzungsrechtecks; kein Eingang"}},{"type":"Feature","id":"osm-way-22906793","geometry":{"type":"Point","coordinates":[6.9409971,50.9645909]},"properties":{"theme":"parks","name":"Park · OSM 22906793","place":"Köln","isDemo":false,"source":"© OpenStreetMap-Mitwirkende","sourceUrl":"https://www.openstreetmap.org/way/22906793","license":"ODbL 1.0","licenseUrl":"https://opendatacommons.org/licenses/odbl/1-0/","dataAsOf":"2026-09-18T10:54:21Z","positionNote":"Mittelpunkt des OSM-Umgrenzungsrechtecks; kein Eingang"}},{"type":"Feature","id":"osm-way-229435006","geometry":{"type":"Point","coordinates":[7.007663,50.867194]},"properties":{"theme":"parks","name":"Park · OSM 229435006","place":"Köln","isDemo":false,"source":"© OpenStreetMap-Mitwirkende","sourceUrl":"https://www.openstreetmap.org/way/229435006","license":"ODbL 1.0","licenseUrl":"https://opendatacommons.org/licenses/odbl/1-0/","dataAsOf":"2026-09-18T10:54:21Z","positionNote":"Mittelpunkt des OSM-Umgrenzungsrechtecks; kein Eingang"}},{"type":"Feature","id":"osm-way-229502598","geometry":{"type":"Point","coordinates":[7.008873,50.876334]},"properties":{"theme":"parks","name":"Park · OSM 229502598","place":"Köln","isDemo":false,"source":"© OpenStreetMap-Mitwirkende","sourceUrl":"https://www.openstreetmap.org/way/229502598","license":"ODbL 1.0","licenseUrl":"https://opendatacommons.org/licenses/odbl/1-0/","dataAsOf":"2026-09-18T10:54:21Z","positionNote":"Mittelpunkt des OSM-Umgrenzungsrechtecks; kein Eingang"}},{"type":"Feature","id":"osm-way-229502600","geometry":{"type":"Point","coordinates":[7.011677,50.8755048]},"properties":{"theme":"parks","name":"Park · OSM 229502600","place":"Köln","isDemo":false,"source":"© OpenStreetMap-Mitwirkende","sourceUrl":"https://www.openstreetmap.org/way/229502600","license":"ODbL 1.0","licenseUrl":"https://opendatacommons.org/licenses/odbl/1-0/","dataAsOf":"2026-09-18T10:54:21Z","positionNote":"Mittelpunkt des OSM-Umgrenzungsrechtecks; kein Eingang"}},{"type":"Feature","id":"osm-way-229502641","geometry":{"type":"Point","coordinates":[7.0075712,50.8737434]},"properties":{"theme":"parks","name":"Park · OSM 229502641","place":"Köln","isDemo":false,"source":"© OpenStreetMap-Mitwirkende","sourceUrl":"https://www.openstreetmap.org/way/229502641","license":"ODbL 1.0","licenseUrl":"https://opendatacommons.org/licenses/odbl/1-0/","dataAsOf":"2026-09-18T10:54:21Z","positionNote":"Mittelpunkt des OSM-Umgrenzungsrechtecks; kein Eingang"}},{"type":"Feature","id":"osm-way-229502643","geometry":{"type":"Point","coordinates":[7.0048261,50.8738443]},"properties":{"theme":"parks","name":"Park · OSM 229502643","place":"Köln","isDemo":false,"source":"© OpenStreetMap-Mitwirkende","sourceUrl":"https://www.openstreetmap.org/way/229502643","license":"ODbL 1.0","licenseUrl":"https://opendatacommons.org/licenses/odbl/1-0/","dataAsOf":"2026-09-18T10:54:21Z","positionNote":"Mittelpunkt des OSM-Umgrenzungsrechtecks; kein Eingang"}},{"type":"Feature","id":"osm-way-229558158","geometry":{"type":"Point","coordinates":[7.0402756,50.8753362]},"properties":{"theme":"parks","name":"Park · OSM 229558158","place":"Köln","isDemo":false,"source":"© OpenStreetMap-Mitwirkende","sourceUrl":"https://www.openstreetmap.org/way/229558158","license":"ODbL 1.0","licenseUrl":"https://opendatacommons.org/licenses/odbl/1-0/","dataAsOf":"2026-09-18T10:54:21Z","positionNote":"Mittelpunkt des OSM-Umgrenzungsrechtecks; kein Eingang"}},{"type":"Feature","id":"osm-way-230087534","geometry":{"type":"Point","coordinates":[7.0281285,50.8910444]},"properties":{"theme":"parks","name":"Park · OSM 230087534","place":"Köln","isDemo":false,"source":"© OpenStreetMap-Mitwirkende","sourceUrl":"https://www.openstreetmap.org/way/230087534","license":"ODbL 1.0","licenseUrl":"https://opendatacommons.org/licenses/odbl/1-0/","dataAsOf":"2026-09-18T10:54:21Z","positionNote":"Mittelpunkt des OSM-Umgrenzungsrechtecks; kein Eingang"}},{"type":"Feature","id":"osm-way-230454180","geometry":{"type":"Point","coordinates":[6.9629538,50.8745248]},"properties":{"theme":"parks","name":"Park · OSM 230454180","place":"Köln","isDemo":false,"source":"© OpenStreetMap-Mitwirkende","sourceUrl":"https://www.openstreetmap.org/way/230454180","license":"ODbL 1.0","licenseUrl":"https://opendatacommons.org/licenses/odbl/1-0/","dataAsOf":"2026-09-18T10:54:21Z","positionNote":"Mittelpunkt des OSM-Umgrenzungsrechtecks; kein Eingang"}},{"type":"Feature","id":"osm-way-230940464","geometry":{"type":"Point","coordinates":[6.9656715,50.8944537]},"properties":{"theme":"parks","name":"Park · OSM 230940464","place":"Köln","isDemo":false,"source":"© OpenStreetMap-Mitwirkende","sourceUrl":"https://www.openstreetmap.org/way/230940464","license":"ODbL 1.0","licenseUrl":"https://opendatacommons.org/licenses/odbl/1-0/","dataAsOf":"2026-09-18T10:54:21Z","positionNote":"Mittelpunkt des OSM-Umgrenzungsrechtecks; kein Eingang"}},{"type":"Feature","id":"osm-way-23113842","geometry":{"type":"Point","coordinates":[6.941743,50.9471161]},"properties":{"theme":"parks","name":"Park · OSM 23113842","place":"Köln","isDemo":false,"source":"© OpenStreetMap-Mitwirkende","sourceUrl":"https://www.openstreetmap.org/way/23113842","license":"ODbL 1.0","licenseUrl":"https://opendatacommons.org/licenses/odbl/1-0/","dataAsOf":"2026-09-18T10:54:21Z","positionNote":"Mittelpunkt des OSM-Umgrenzungsrechtecks; kein Eingang"}},{"type":"Feature","id":"osm-way-232039447","geometry":{"type":"Point","coordinates":[6.9146515,51.0273224]},"properties":{"theme":"parks","name":"Park · OSM 232039447","place":"Köln","isDemo":false,"source":"© OpenStreetMap-Mitwirkende","sourceUrl":"https://www.openstreetmap.org/way/232039447","license":"ODbL 1.0","licenseUrl":"https://opendatacommons.org/licenses/odbl/1-0/","dataAsOf":"2026-09-18T10:54:21Z","positionNote":"Mittelpunkt des OSM-Umgrenzungsrechtecks; kein Eingang"}},{"type":"Feature","id":"osm-way-232072489","geometry":{"type":"Point","coordinates":[6.9319179,51.0204693]},"properties":{"theme":"parks","name":"Park · OSM 232072489","place":"Köln","isDemo":false,"source":"© OpenStreetMap-Mitwirkende","sourceUrl":"https://www.openstreetmap.org/way/232072489","license":"ODbL 1.0","licenseUrl":"https://opendatacommons.org/licenses/odbl/1-0/","dataAsOf":"2026-09-18T10:54:21Z","positionNote":"Mittelpunkt des OSM-Umgrenzungsrechtecks; kein Eingang"}},{"type":"Feature","id":"osm-way-232072491","geometry":{"type":"Point","coordinates":[6.9242741,51.019166]},"properties":{"theme":"parks","name":"Park · OSM 232072491","place":"Köln","isDemo":false,"source":"© OpenStreetMap-Mitwirkende","sourceUrl":"https://www.openstreetmap.org/way/232072491","license":"ODbL 1.0","licenseUrl":"https://opendatacommons.org/licenses/odbl/1-0/","dataAsOf":"2026-09-18T10:54:21Z","positionNote":"Mittelpunkt des OSM-Umgrenzungsrechtecks; kein Eingang"}},{"type":"Feature","id":"osm-way-23598456","geometry":{"type":"Point","coordinates":[6.9299308,50.9582369]},"properties":{"theme":"parks","name":"Park · OSM 23598456","place":"Köln","isDemo":false,"source":"© OpenStreetMap-Mitwirkende","sourceUrl":"https://www.openstreetmap.org/way/23598456","license":"ODbL 1.0","licenseUrl":"https://opendatacommons.org/licenses/odbl/1-0/","dataAsOf":"2026-09-18T10:54:21Z","positionNote":"Mittelpunkt des OSM-Umgrenzungsrechtecks; kein Eingang"}},{"type":"Feature","id":"osm-way-236976200","geometry":{"type":"Point","coordinates":[7.0005622,50.9754509]},"properties":{"theme":"parks","name":"Park · OSM 236976200","place":"Köln","isDemo":false,"source":"© OpenStreetMap-Mitwirkende","sourceUrl":"https://www.openstreetmap.org/way/236976200","license":"ODbL 1.0","licenseUrl":"https://opendatacommons.org/licenses/odbl/1-0/","dataAsOf":"2026-09-18T10:54:21Z","positionNote":"Mittelpunkt des OSM-Umgrenzungsrechtecks; kein Eingang"}},{"type":"Feature","id":"osm-way-23706673","geometry":{"type":"Point","coordinates":[6.9614369,50.9601643]},"properties":{"theme":"parks","name":"Park · OSM 23706673","place":"Köln","isDemo":false,"source":"© OpenStreetMap-Mitwirkende","sourceUrl":"https://www.openstreetmap.org/way/23706673","license":"ODbL 1.0","licenseUrl":"https://opendatacommons.org/licenses/odbl/1-0/","dataAsOf":"2026-09-18T10:54:21Z","positionNote":"Mittelpunkt des OSM-Umgrenzungsrechtecks; kein Eingang"}},{"type":"Feature","id":"osm-way-23706694","geometry":{"type":"Point","coordinates":[6.9638356,50.9602016]},"properties":{"theme":"parks","name":"Park · OSM 23706694","place":"Köln","isDemo":false,"source":"© OpenStreetMap-Mitwirkende","sourceUrl":"https://www.openstreetmap.org/way/23706694","license":"ODbL 1.0","licenseUrl":"https://opendatacommons.org/licenses/odbl/1-0/","dataAsOf":"2026-09-18T10:54:21Z","positionNote":"Mittelpunkt des OSM-Umgrenzungsrechtecks; kein Eingang"}},{"type":"Feature","id":"osm-way-23840699","geometry":{"type":"Point","coordinates":[7.0091242,50.9840162]},"properties":{"theme":"parks","name":"Park · OSM 23840699","place":"Köln","isDemo":false,"source":"© OpenStreetMap-Mitwirkende","sourceUrl":"https://www.openstreetmap.org/way/23840699","license":"ODbL 1.0","licenseUrl":"https://opendatacommons.org/licenses/odbl/1-0/","dataAsOf":"2026-09-18T10:54:21Z","positionNote":"Mittelpunkt des OSM-Umgrenzungsrechtecks; kein Eingang"}},{"type":"Feature","id":"osm-way-23951164","geometry":{"type":"Point","coordinates":[6.8936491,50.9583538]},"properties":{"theme":"parks","name":"Park · OSM 23951164","place":"Köln","isDemo":false,"source":"© OpenStreetMap-Mitwirkende","sourceUrl":"https://www.openstreetmap.org/way/23951164","license":"ODbL 1.0","licenseUrl":"https://opendatacommons.org/licenses/odbl/1-0/","dataAsOf":"2026-09-18T10:54:21Z","positionNote":"Mittelpunkt des OSM-Umgrenzungsrechtecks; kein Eingang"}},{"type":"Feature","id":"osm-way-24059042","geometry":{"type":"Point","coordinates":[6.8827495,50.9411786]},"properties":{"theme":"parks","name":"Park · OSM 24059042","place":"Köln","isDemo":false,"source":"© OpenStreetMap-Mitwirkende","sourceUrl":"https://www.openstreetmap.org/way/24059042","license":"ODbL 1.0","licenseUrl":"https://opendatacommons.org/licenses/odbl/1-0/","dataAsOf":"2026-09-18T10:54:21Z","positionNote":"Mittelpunkt des OSM-Umgrenzungsrechtecks; kein Eingang"}},{"type":"Feature","id":"osm-way-241687376","geometry":{"type":"Point","coordinates":[6.921034,50.9352283]},"properties":{"theme":"parks","name":"Park · OSM 241687376","place":"Köln","isDemo":false,"source":"© OpenStreetMap-Mitwirkende","sourceUrl":"https://www.openstreetmap.org/way/241687376","license":"ODbL 1.0","licenseUrl":"https://opendatacommons.org/licenses/odbl/1-0/","dataAsOf":"2026-09-18T10:54:21Z","positionNote":"Mittelpunkt des OSM-Umgrenzungsrechtecks; kein Eingang"}},{"type":"Feature","id":"osm-way-24326691","geometry":{"type":"Point","coordinates":[6.917441,50.9086284]},"properties":{"theme":"parks","name":"Park · OSM 24326691","place":"Köln","isDemo":false,"source":"© OpenStreetMap-Mitwirkende","sourceUrl":"https://www.openstreetmap.org/way/24326691","license":"ODbL 1.0","licenseUrl":"https://opendatacommons.org/licenses/odbl/1-0/","dataAsOf":"2026-09-18T10:54:21Z","positionNote":"Mittelpunkt des OSM-Umgrenzungsrechtecks; kein Eingang"}},{"type":"Feature","id":"osm-way-24345502","geometry":{"type":"Point","coordinates":[6.914716,50.9163474]},"properties":{"theme":"parks","name":"Park · OSM 24345502","place":"Köln","isDemo":false,"source":"© OpenStreetMap-Mitwirkende","sourceUrl":"https://www.openstreetmap.org/way/24345502","license":"ODbL 1.0","licenseUrl":"https://opendatacommons.org/licenses/odbl/1-0/","dataAsOf":"2026-09-18T10:54:21Z","positionNote":"Mittelpunkt des OSM-Umgrenzungsrechtecks; kein Eingang"}},{"type":"Feature","id":"osm-way-24391848","geometry":{"type":"Point","coordinates":[6.9720253,50.9579533]},"properties":{"theme":"parks","name":"Park · OSM 24391848","place":"Köln","isDemo":false,"source":"© OpenStreetMap-Mitwirkende","sourceUrl":"https://www.openstreetmap.org/way/24391848","license":"ODbL 1.0","licenseUrl":"https://opendatacommons.org/licenses/odbl/1-0/","dataAsOf":"2026-09-18T10:54:21Z","positionNote":"Mittelpunkt des OSM-Umgrenzungsrechtecks; kein Eingang"}},{"type":"Feature","id":"osm-way-24453907","geometry":{"type":"Point","coordinates":[6.8690199,50.9417201]},"properties":{"theme":"parks","name":"Park · OSM 24453907","place":"Köln","isDemo":false,"source":"© OpenStreetMap-Mitwirkende","sourceUrl":"https://www.openstreetmap.org/way/24453907","license":"ODbL 1.0","licenseUrl":"https://opendatacommons.org/licenses/odbl/1-0/","dataAsOf":"2026-09-18T10:54:21Z","positionNote":"Mittelpunkt des OSM-Umgrenzungsrechtecks; kein Eingang"}},{"type":"Feature","id":"osm-way-246686200","geometry":{"type":"Point","coordinates":[6.9636147,50.9764904]},"properties":{"theme":"parks","name":"Park · OSM 246686200","place":"Köln","isDemo":false,"source":"© OpenStreetMap-Mitwirkende","sourceUrl":"https://www.openstreetmap.org/way/246686200","license":"ODbL 1.0","licenseUrl":"https://opendatacommons.org/licenses/odbl/1-0/","dataAsOf":"2026-09-18T10:54:21Z","positionNote":"Mittelpunkt des OSM-Umgrenzungsrechtecks; kein Eingang"}},{"type":"Feature","id":"osm-way-247569545","geometry":{"type":"Point","coordinates":[6.8736735,50.9997988]},"properties":{"theme":"parks","name":"Park · OSM 247569545","place":"Köln","isDemo":false,"source":"© OpenStreetMap-Mitwirkende","sourceUrl":"https://www.openstreetmap.org/way/247569545","license":"ODbL 1.0","licenseUrl":"https://opendatacommons.org/licenses/odbl/1-0/","dataAsOf":"2026-09-18T10:54:21Z","positionNote":"Mittelpunkt des OSM-Umgrenzungsrechtecks; kein Eingang"}},{"type":"Feature","id":"osm-way-24810994","geometry":{"type":"Point","coordinates":[6.9482504,50.9559228]},"properties":{"theme":"parks","name":"Park · OSM 24810994","place":"Köln","isDemo":false,"source":"© OpenStreetMap-Mitwirkende","sourceUrl":"https://www.openstreetmap.org/way/24810994","license":"ODbL 1.0","licenseUrl":"https://opendatacommons.org/licenses/odbl/1-0/","dataAsOf":"2026-09-18T10:54:21Z","positionNote":"Mittelpunkt des OSM-Umgrenzungsrechtecks; kein Eingang"}},{"type":"Feature","id":"osm-way-250764989","geometry":{"type":"Point","coordinates":[7.0733023,50.8875065]},"properties":{"theme":"parks","name":"Park · OSM 250764989","place":"Köln","isDemo":false,"source":"© OpenStreetMap-Mitwirkende","sourceUrl":"https://www.openstreetmap.org/way/250764989","license":"ODbL 1.0","licenseUrl":"https://opendatacommons.org/licenses/odbl/1-0/","dataAsOf":"2026-09-18T10:54:21Z","positionNote":"Mittelpunkt des OSM-Umgrenzungsrechtecks; kein Eingang"}},{"type":"Feature","id":"osm-way-250767144","geometry":{"type":"Point","coordinates":[7.0710713,50.8898077]},"properties":{"theme":"parks","name":"Park · OSM 250767144","place":"Köln","isDemo":false,"source":"© OpenStreetMap-Mitwirkende","sourceUrl":"https://www.openstreetmap.org/way/250767144","license":"ODbL 1.0","licenseUrl":"https://opendatacommons.org/licenses/odbl/1-0/","dataAsOf":"2026-09-18T10:54:21Z","positionNote":"Mittelpunkt des OSM-Umgrenzungsrechtecks; kein Eingang"}},{"type":"Feature","id":"osm-way-253890959","geometry":{"type":"Point","coordinates":[7.0194916,50.9620351]},"properties":{"theme":"parks","name":"Park · OSM 253890959","place":"Köln","isDemo":false,"source":"© OpenStreetMap-Mitwirkende","sourceUrl":"https://www.openstreetmap.org/way/253890959","license":"ODbL 1.0","licenseUrl":"https://opendatacommons.org/licenses/odbl/1-0/","dataAsOf":"2026-09-18T10:54:21Z","positionNote":"Mittelpunkt des OSM-Umgrenzungsrechtecks; kein Eingang"}},{"type":"Feature","id":"osm-way-254642479","geometry":{"type":"Point","coordinates":[6.8924679,50.9874341]},"properties":{"theme":"parks","name":"Park · OSM 254642479","place":"Köln","isDemo":false,"source":"© OpenStreetMap-Mitwirkende","sourceUrl":"https://www.openstreetmap.org/way/254642479","license":"ODbL 1.0","licenseUrl":"https://opendatacommons.org/licenses/odbl/1-0/","dataAsOf":"2026-09-18T10:54:21Z","positionNote":"Mittelpunkt des OSM-Umgrenzungsrechtecks; kein Eingang"}},{"type":"Feature","id":"osm-way-256747615","geometry":{"type":"Point","coordinates":[6.9832729,50.9672328]},"properties":{"theme":"parks","name":"Park · OSM 256747615","place":"Köln","isDemo":false,"source":"© OpenStreetMap-Mitwirkende","sourceUrl":"https://www.openstreetmap.org/way/256747615","license":"ODbL 1.0","licenseUrl":"https://opendatacommons.org/licenses/odbl/1-0/","dataAsOf":"2026-09-18T10:54:21Z","positionNote":"Mittelpunkt des OSM-Umgrenzungsrechtecks; kein Eingang"}},{"type":"Feature","id":"osm-way-25740916","geometry":{"type":"Point","coordinates":[6.9218564,50.9921153]},"properties":{"theme":"parks","name":"Park · OSM 25740916","place":"Köln","isDemo":false,"source":"© OpenStreetMap-Mitwirkende","sourceUrl":"https://www.openstreetmap.org/way/25740916","license":"ODbL 1.0","licenseUrl":"https://opendatacommons.org/licenses/odbl/1-0/","dataAsOf":"2026-09-18T10:54:21Z","positionNote":"Mittelpunkt des OSM-Umgrenzungsrechtecks; kein Eingang"}},{"type":"Feature","id":"osm-way-25741235","geometry":{"type":"Point","coordinates":[6.9233347,50.9969683]},"properties":{"theme":"parks","name":"Park · OSM 25741235","place":"Köln","isDemo":false,"source":"© OpenStreetMap-Mitwirkende","sourceUrl":"https://www.openstreetmap.org/way/25741235","license":"ODbL 1.0","licenseUrl":"https://opendatacommons.org/licenses/odbl/1-0/","dataAsOf":"2026-09-18T10:54:21Z","positionNote":"Mittelpunkt des OSM-Umgrenzungsrechtecks; kein Eingang"}},{"type":"Feature","id":"osm-way-259913054","geometry":{"type":"Point","coordinates":[6.9052376,50.9883191]},"properties":{"theme":"parks","name":"Park · OSM 259913054","place":"Köln","isDemo":false,"source":"© OpenStreetMap-Mitwirkende","sourceUrl":"https://www.openstreetmap.org/way/259913054","license":"ODbL 1.0","licenseUrl":"https://opendatacommons.org/licenses/odbl/1-0/","dataAsOf":"2026-09-18T10:54:21Z","positionNote":"Mittelpunkt des OSM-Umgrenzungsrechtecks; kein Eingang"}},{"type":"Feature","id":"osm-way-259994286","geometry":{"type":"Point","coordinates":[6.9424079,50.967638]},"properties":{"theme":"parks","name":"Park · OSM 259994286","place":"Köln","isDemo":false,"source":"© OpenStreetMap-Mitwirkende","sourceUrl":"https://www.openstreetmap.org/way/259994286","license":"ODbL 1.0","licenseUrl":"https://opendatacommons.org/licenses/odbl/1-0/","dataAsOf":"2026-09-18T10:54:21Z","positionNote":"Mittelpunkt des OSM-Umgrenzungsrechtecks; kein Eingang"}},{"type":"Feature","id":"osm-way-260588502","geometry":{"type":"Point","coordinates":[6.9630985,50.9227389]},"properties":{"theme":"parks","name":"Park · OSM 260588502","place":"Köln","isDemo":false,"source":"© OpenStreetMap-Mitwirkende","sourceUrl":"https://www.openstreetmap.org/way/260588502","license":"ODbL 1.0","licenseUrl":"https://opendatacommons.org/licenses/odbl/1-0/","dataAsOf":"2026-09-18T10:54:21Z","positionNote":"Mittelpunkt des OSM-Umgrenzungsrechtecks; kein Eingang"}},{"type":"Feature","id":"osm-way-260673119","geometry":{"type":"Point","coordinates":[6.8841871,51.0089293]},"properties":{"theme":"parks","name":"Park · OSM 260673119","place":"Köln","isDemo":false,"source":"© OpenStreetMap-Mitwirkende","sourceUrl":"https://www.openstreetmap.org/way/260673119","license":"ODbL 1.0","licenseUrl":"https://opendatacommons.org/licenses/odbl/1-0/","dataAsOf":"2026-09-18T10:54:21Z","positionNote":"Mittelpunkt des OSM-Umgrenzungsrechtecks; kein Eingang"}},{"type":"Feature","id":"osm-way-261448618","geometry":{"type":"Point","coordinates":[6.9726483,50.9074301]},"properties":{"theme":"parks","name":"Park · OSM 261448618","place":"Köln","isDemo":false,"source":"© OpenStreetMap-Mitwirkende","sourceUrl":"https://www.openstreetmap.org/way/261448618","license":"ODbL 1.0","licenseUrl":"https://opendatacommons.org/licenses/odbl/1-0/","dataAsOf":"2026-09-18T10:54:21Z","positionNote":"Mittelpunkt des OSM-Umgrenzungsrechtecks; kein Eingang"}},{"type":"Feature","id":"osm-way-261453800","geometry":{"type":"Point","coordinates":[6.9820117,50.9003588]},"properties":{"theme":"parks","name":"Park · OSM 261453800","place":"Köln","isDemo":false,"source":"© OpenStreetMap-Mitwirkende","sourceUrl":"https://www.openstreetmap.org/way/261453800","license":"ODbL 1.0","licenseUrl":"https://opendatacommons.org/licenses/odbl/1-0/","dataAsOf":"2026-09-18T10:54:21Z","positionNote":"Mittelpunkt des OSM-Umgrenzungsrechtecks; kein Eingang"}},{"type":"Feature","id":"osm-way-261534632","geometry":{"type":"Point","coordinates":[6.9900937,50.8970056]},"properties":{"theme":"parks","name":"Park · OSM 261534632","place":"Köln","isDemo":false,"source":"© OpenStreetMap-Mitwirkende","sourceUrl":"https://www.openstreetmap.org/way/261534632","license":"ODbL 1.0","licenseUrl":"https://opendatacommons.org/licenses/odbl/1-0/","dataAsOf":"2026-09-18T10:54:21Z","positionNote":"Mittelpunkt des OSM-Umgrenzungsrechtecks; kein Eingang"}},{"type":"Feature","id":"osm-way-263791905","geometry":{"type":"Point","coordinates":[6.9350135,50.9922447]},"properties":{"theme":"parks","name":"Park · OSM 263791905","place":"Köln","isDemo":false,"source":"© OpenStreetMap-Mitwirkende","sourceUrl":"https://www.openstreetmap.org/way/263791905","license":"ODbL 1.0","licenseUrl":"https://opendatacommons.org/licenses/odbl/1-0/","dataAsOf":"2026-09-18T10:54:21Z","positionNote":"Mittelpunkt des OSM-Umgrenzungsrechtecks; kein Eingang"}},{"type":"Feature","id":"osm-way-268165236","geometry":{"type":"Point","coordinates":[6.9928706,50.922926]},"properties":{"theme":"parks","name":"Park · OSM 268165236","place":"Köln","isDemo":false,"source":"© OpenStreetMap-Mitwirkende","sourceUrl":"https://www.openstreetmap.org/way/268165236","license":"ODbL 1.0","licenseUrl":"https://opendatacommons.org/licenses/odbl/1-0/","dataAsOf":"2026-09-18T10:54:21Z","positionNote":"Mittelpunkt des OSM-Umgrenzungsrechtecks; kein Eingang"}},{"type":"Feature","id":"osm-way-268369646","geometry":{"type":"Point","coordinates":[7.0331981,50.8735022]},"properties":{"theme":"parks","name":"Park · OSM 268369646","place":"Köln","isDemo":false,"source":"© OpenStreetMap-Mitwirkende","sourceUrl":"https://www.openstreetmap.org/way/268369646","license":"ODbL 1.0","licenseUrl":"https://opendatacommons.org/licenses/odbl/1-0/","dataAsOf":"2026-09-18T10:54:21Z","positionNote":"Mittelpunkt des OSM-Umgrenzungsrechtecks; kein Eingang"}},{"type":"Feature","id":"osm-way-269376026","geometry":{"type":"Point","coordinates":[6.963344,50.9221002]},"properties":{"theme":"parks","name":"Park · OSM 269376026","place":"Köln","isDemo":false,"source":"© OpenStreetMap-Mitwirkende","sourceUrl":"https://www.openstreetmap.org/way/269376026","license":"ODbL 1.0","licenseUrl":"https://opendatacommons.org/licenses/odbl/1-0/","dataAsOf":"2026-09-18T10:54:21Z","positionNote":"Mittelpunkt des OSM-Umgrenzungsrechtecks; kein Eingang"}},{"type":"Feature","id":"osm-way-269886250","geometry":{"type":"Point","coordinates":[6.9545386,50.9289426]},"properties":{"theme":"parks","name":"Park · OSM 269886250","place":"Köln","isDemo":false,"source":"© OpenStreetMap-Mitwirkende","sourceUrl":"https://www.openstreetmap.org/way/269886250","license":"ODbL 1.0","licenseUrl":"https://opendatacommons.org/licenses/odbl/1-0/","dataAsOf":"2026-09-18T10:54:21Z","positionNote":"Mittelpunkt des OSM-Umgrenzungsrechtecks; kein Eingang"}},{"type":"Feature","id":"osm-way-27004752","geometry":{"type":"Point","coordinates":[6.9714474,50.9407386]},"properties":{"theme":"parks","name":"Park · OSM 27004752","place":"Köln","isDemo":false,"source":"© OpenStreetMap-Mitwirkende","sourceUrl":"https://www.openstreetmap.org/way/27004752","license":"ODbL 1.0","licenseUrl":"https://opendatacommons.org/licenses/odbl/1-0/","dataAsOf":"2026-09-18T10:54:21Z","positionNote":"Mittelpunkt des OSM-Umgrenzungsrechtecks; kein Eingang"}},{"type":"Feature","id":"osm-way-27043978","geometry":{"type":"Point","coordinates":[7.061874,50.966036]},"properties":{"theme":"parks","name":"Park · OSM 27043978","place":"Köln","isDemo":false,"source":"© OpenStreetMap-Mitwirkende","sourceUrl":"https://www.openstreetmap.org/way/27043978","license":"ODbL 1.0","licenseUrl":"https://opendatacommons.org/licenses/odbl/1-0/","dataAsOf":"2026-09-18T10:54:21Z","positionNote":"Mittelpunkt des OSM-Umgrenzungsrechtecks; kein Eingang"}},{"type":"Feature","id":"osm-way-27086553","geometry":{"type":"Point","coordinates":[6.8468456,51.082344]},"properties":{"theme":"parks","name":"Park · OSM 27086553","place":"Köln","isDemo":false,"source":"© OpenStreetMap-Mitwirkende","sourceUrl":"https://www.openstreetmap.org/way/27086553","license":"ODbL 1.0","licenseUrl":"https://opendatacommons.org/licenses/odbl/1-0/","dataAsOf":"2026-09-18T10:54:21Z","positionNote":"Mittelpunkt des OSM-Umgrenzungsrechtecks; kein Eingang"}},{"type":"Feature","id":"osm-way-27351287","geometry":{"type":"Point","coordinates":[6.9459548,50.8993719]},"properties":{"theme":"parks","name":"Park · OSM 27351287","place":"Köln","isDemo":false,"source":"© OpenStreetMap-Mitwirkende","sourceUrl":"https://www.openstreetmap.org/way/27351287","license":"ODbL 1.0","licenseUrl":"https://opendatacommons.org/licenses/odbl/1-0/","dataAsOf":"2026-09-18T10:54:21Z","positionNote":"Mittelpunkt des OSM-Umgrenzungsrechtecks; kein Eingang"}},{"type":"Feature","id":"osm-way-27450279","geometry":{"type":"Point","coordinates":[7.038853,50.9851992]},"properties":{"theme":"parks","name":"Park · OSM 27450279","place":"Köln","isDemo":false,"source":"© OpenStreetMap-Mitwirkende","sourceUrl":"https://www.openstreetmap.org/way/27450279","license":"ODbL 1.0","licenseUrl":"https://opendatacommons.org/licenses/odbl/1-0/","dataAsOf":"2026-09-18T10:54:21Z","positionNote":"Mittelpunkt des OSM-Umgrenzungsrechtecks; kein Eingang"}},{"type":"Feature","id":"osm-way-28233763","geometry":{"type":"Point","coordinates":[7.0201859,50.9357829]},"properties":{"theme":"parks","name":"Park · OSM 28233763","place":"Köln","isDemo":false,"source":"© OpenStreetMap-Mitwirkende","sourceUrl":"https://www.openstreetmap.org/way/28233763","license":"ODbL 1.0","licenseUrl":"https://opendatacommons.org/licenses/odbl/1-0/","dataAsOf":"2026-09-18T10:54:21Z","positionNote":"Mittelpunkt des OSM-Umgrenzungsrechtecks; kein Eingang"}},{"type":"Feature","id":"osm-way-28373533","geometry":{"type":"Point","coordinates":[7.0222141,50.9365492]},"properties":{"theme":"parks","name":"Park · OSM 28373533","place":"Köln","isDemo":false,"source":"© OpenStreetMap-Mitwirkende","sourceUrl":"https://www.openstreetmap.org/way/28373533","license":"ODbL 1.0","licenseUrl":"https://opendatacommons.org/licenses/odbl/1-0/","dataAsOf":"2026-09-18T10:54:21Z","positionNote":"Mittelpunkt des OSM-Umgrenzungsrechtecks; kein Eingang"}},{"type":"Feature","id":"osm-way-28402394","geometry":{"type":"Point","coordinates":[6.9586932,50.9002086]},"properties":{"theme":"parks","name":"Park · OSM 28402394","place":"Köln","isDemo":false,"source":"© OpenStreetMap-Mitwirkende","sourceUrl":"https://www.openstreetmap.org/way/28402394","license":"ODbL 1.0","licenseUrl":"https://opendatacommons.org/licenses/odbl/1-0/","dataAsOf":"2026-09-18T10:54:21Z","positionNote":"Mittelpunkt des OSM-Umgrenzungsrechtecks; kein Eingang"}},{"type":"Feature","id":"osm-way-284459734","geometry":{"type":"Point","coordinates":[6.8654906,50.9509531]},"properties":{"theme":"parks","name":"Park · OSM 284459734","place":"Köln","isDemo":false,"source":"© OpenStreetMap-Mitwirkende","sourceUrl":"https://www.openstreetmap.org/way/284459734","license":"ODbL 1.0","licenseUrl":"https://opendatacommons.org/licenses/odbl/1-0/","dataAsOf":"2026-09-18T10:54:21Z","positionNote":"Mittelpunkt des OSM-Umgrenzungsrechtecks; kein Eingang"}},{"type":"Feature","id":"osm-way-284459735","geometry":{"type":"Point","coordinates":[6.8643943,50.9474977]},"properties":{"theme":"parks","name":"Park · OSM 284459735","place":"Köln","isDemo":false,"source":"© OpenStreetMap-Mitwirkende","sourceUrl":"https://www.openstreetmap.org/way/284459735","license":"ODbL 1.0","licenseUrl":"https://opendatacommons.org/licenses/odbl/1-0/","dataAsOf":"2026-09-18T10:54:21Z","positionNote":"Mittelpunkt des OSM-Umgrenzungsrechtecks; kein Eingang"}},{"type":"Feature","id":"osm-way-28907524","geometry":{"type":"Point","coordinates":[7.0223492,50.9779657]},"properties":{"theme":"parks","name":"Park · OSM 28907524","place":"Köln","isDemo":false,"source":"© OpenStreetMap-Mitwirkende","sourceUrl":"https://www.openstreetmap.org/way/28907524","license":"ODbL 1.0","licenseUrl":"https://opendatacommons.org/licenses/odbl/1-0/","dataAsOf":"2026-09-18T10:54:21Z","positionNote":"Mittelpunkt des OSM-Umgrenzungsrechtecks; kein Eingang"}},{"type":"Feature","id":"osm-way-28947839","geometry":{"type":"Point","coordinates":[6.9548169,50.9863989]},"properties":{"theme":"parks","name":"Park · OSM 28947839","place":"Köln","isDemo":false,"source":"© OpenStreetMap-Mitwirkende","sourceUrl":"https://www.openstreetmap.org/way/28947839","license":"ODbL 1.0","licenseUrl":"https://opendatacommons.org/licenses/odbl/1-0/","dataAsOf":"2026-09-18T10:54:21Z","positionNote":"Mittelpunkt des OSM-Umgrenzungsrechtecks; kein Eingang"}},{"type":"Feature","id":"osm-way-28975295","geometry":{"type":"Point","coordinates":[7.0303958,50.9783386]},"properties":{"theme":"parks","name":"Park · OSM 28975295","place":"Köln","isDemo":false,"source":"© OpenStreetMap-Mitwirkende","sourceUrl":"https://www.openstreetmap.org/way/28975295","license":"ODbL 1.0","licenseUrl":"https://opendatacommons.org/licenses/odbl/1-0/","dataAsOf":"2026-09-18T10:54:21Z","positionNote":"Mittelpunkt des OSM-Umgrenzungsrechtecks; kein Eingang"}},{"type":"Feature","id":"osm-way-29098122","geometry":{"type":"Point","coordinates":[7.0475812,50.9785232]},"properties":{"theme":"parks","name":"Park · OSM 29098122","place":"Köln","isDemo":false,"source":"© OpenStreetMap-Mitwirkende","sourceUrl":"https://www.openstreetmap.org/way/29098122","license":"ODbL 1.0","licenseUrl":"https://opendatacommons.org/licenses/odbl/1-0/","dataAsOf":"2026-09-18T10:54:21Z","positionNote":"Mittelpunkt des OSM-Umgrenzungsrechtecks; kein Eingang"}},{"type":"Feature","id":"osm-way-29158165","geometry":{"type":"Point","coordinates":[7.0410385,50.9776652]},"properties":{"theme":"parks","name":"Park · OSM 29158165","place":"Köln","isDemo":false,"source":"© OpenStreetMap-Mitwirkende","sourceUrl":"https://www.openstreetmap.org/way/29158165","license":"ODbL 1.0","licenseUrl":"https://opendatacommons.org/licenses/odbl/1-0/","dataAsOf":"2026-09-18T10:54:21Z","positionNote":"Mittelpunkt des OSM-Umgrenzungsrechtecks; kein Eingang"}},{"type":"Feature","id":"osm-way-29182145","geometry":{"type":"Point","coordinates":[6.9427587,50.9449842]},"properties":{"theme":"parks","name":"Park · OSM 29182145","place":"Köln","isDemo":false,"source":"© OpenStreetMap-Mitwirkende","sourceUrl":"https://www.openstreetmap.org/way/29182145","license":"ODbL 1.0","licenseUrl":"https://opendatacommons.org/licenses/odbl/1-0/","dataAsOf":"2026-09-18T10:54:21Z","positionNote":"Mittelpunkt des OSM-Umgrenzungsrechtecks; kein Eingang"}},{"type":"Feature","id":"osm-way-29451317","geometry":{"type":"Point","coordinates":[7.0429308,50.9978207]},"properties":{"theme":"parks","name":"Park · OSM 29451317","place":"Köln","isDemo":false,"source":"© OpenStreetMap-Mitwirkende","sourceUrl":"https://www.openstreetmap.org/way/29451317","license":"ODbL 1.0","licenseUrl":"https://opendatacommons.org/licenses/odbl/1-0/","dataAsOf":"2026-09-18T10:54:21Z","positionNote":"Mittelpunkt des OSM-Umgrenzungsrechtecks; kein Eingang"}},{"type":"Feature","id":"osm-way-29451328","geometry":{"type":"Point","coordinates":[7.0459599,50.9963293]},"properties":{"theme":"parks","name":"Park · OSM 29451328","place":"Köln","isDemo":false,"source":"© OpenStreetMap-Mitwirkende","sourceUrl":"https://www.openstreetmap.org/way/29451328","license":"ODbL 1.0","licenseUrl":"https://opendatacommons.org/licenses/odbl/1-0/","dataAsOf":"2026-09-18T10:54:21Z","positionNote":"Mittelpunkt des OSM-Umgrenzungsrechtecks; kein Eingang"}},{"type":"Feature","id":"osm-way-29500690","geometry":{"type":"Point","coordinates":[7.0100233,50.9451761]},"properties":{"theme":"parks","name":"Park · OSM 29500690","place":"Köln","isDemo":false,"source":"© OpenStreetMap-Mitwirkende","sourceUrl":"https://www.openstreetmap.org/way/29500690","license":"ODbL 1.0","licenseUrl":"https://opendatacommons.org/licenses/odbl/1-0/","dataAsOf":"2026-09-18T10:54:21Z","positionNote":"Mittelpunkt des OSM-Umgrenzungsrechtecks; kein Eingang"}},{"type":"Feature","id":"osm-way-295863411","geometry":{"type":"Point","coordinates":[6.9039913,51.0354106]},"properties":{"theme":"parks","name":"Park · OSM 295863411","place":"Köln","isDemo":false,"source":"© OpenStreetMap-Mitwirkende","sourceUrl":"https://www.openstreetmap.org/way/295863411","license":"ODbL 1.0","licenseUrl":"https://opendatacommons.org/licenses/odbl/1-0/","dataAsOf":"2026-09-18T10:54:21Z","positionNote":"Mittelpunkt des OSM-Umgrenzungsrechtecks; kein Eingang"}},{"type":"Feature","id":"osm-way-304807520","geometry":{"type":"Point","coordinates":[6.8576531,50.939438]},"properties":{"theme":"parks","name":"Park · OSM 304807520","place":"Köln","isDemo":false,"source":"© OpenStreetMap-Mitwirkende","sourceUrl":"https://www.openstreetmap.org/way/304807520","license":"ODbL 1.0","licenseUrl":"https://opendatacommons.org/licenses/odbl/1-0/","dataAsOf":"2026-09-18T10:54:21Z","positionNote":"Mittelpunkt des OSM-Umgrenzungsrechtecks; kein Eingang"}},{"type":"Feature","id":"osm-way-316471571","geometry":{"type":"Point","coordinates":[6.9104615,51.0310328]},"properties":{"theme":"parks","name":"Park · OSM 316471571","place":"Köln","isDemo":false,"source":"© OpenStreetMap-Mitwirkende","sourceUrl":"https://www.openstreetmap.org/way/316471571","license":"ODbL 1.0","licenseUrl":"https://opendatacommons.org/licenses/odbl/1-0/","dataAsOf":"2026-09-18T10:54:21Z","positionNote":"Mittelpunkt des OSM-Umgrenzungsrechtecks; kein Eingang"}},{"type":"Feature","id":"osm-way-32029345","geometry":{"type":"Point","coordinates":[6.9579156,50.9317622]},"properties":{"theme":"parks","name":"Park · OSM 32029345","place":"Köln","isDemo":false,"source":"© OpenStreetMap-Mitwirkende","sourceUrl":"https://www.openstreetmap.org/way/32029345","license":"ODbL 1.0","licenseUrl":"https://opendatacommons.org/licenses/odbl/1-0/","dataAsOf":"2026-09-18T10:54:21Z","positionNote":"Mittelpunkt des OSM-Umgrenzungsrechtecks; kein Eingang"}},{"type":"Feature","id":"osm-way-329049396","geometry":{"type":"Point","coordinates":[6.9576072,50.938062]},"properties":{"theme":"parks","name":"Park · OSM 329049396","place":"Köln","isDemo":false,"source":"© OpenStreetMap-Mitwirkende","sourceUrl":"https://www.openstreetmap.org/way/329049396","license":"ODbL 1.0","licenseUrl":"https://opendatacommons.org/licenses/odbl/1-0/","dataAsOf":"2026-09-18T10:54:21Z","positionNote":"Mittelpunkt des OSM-Umgrenzungsrechtecks; kein Eingang"}},{"type":"Feature","id":"osm-way-33116056","geometry":{"type":"Point","coordinates":[7.0088412,50.892263]},"properties":{"theme":"parks","name":"Park · OSM 33116056","place":"Köln","isDemo":false,"source":"© OpenStreetMap-Mitwirkende","sourceUrl":"https://www.openstreetmap.org/way/33116056","license":"ODbL 1.0","licenseUrl":"https://opendatacommons.org/licenses/odbl/1-0/","dataAsOf":"2026-09-18T10:54:21Z","positionNote":"Mittelpunkt des OSM-Umgrenzungsrechtecks; kein Eingang"}},{"type":"Feature","id":"osm-way-33176468","geometry":{"type":"Point","coordinates":[7.0230765,50.9312481]},"properties":{"theme":"parks","name":"Park · OSM 33176468","place":"Köln","isDemo":false,"source":"© OpenStreetMap-Mitwirkende","sourceUrl":"https://www.openstreetmap.org/way/33176468","license":"ODbL 1.0","licenseUrl":"https://opendatacommons.org/licenses/odbl/1-0/","dataAsOf":"2026-09-18T10:54:21Z","positionNote":"Mittelpunkt des OSM-Umgrenzungsrechtecks; kein Eingang"}},{"type":"Feature","id":"osm-way-335982907","geometry":{"type":"Point","coordinates":[7.0580842,50.9315318]},"properties":{"theme":"parks","name":"Park · OSM 335982907","place":"Köln","isDemo":false,"source":"© OpenStreetMap-Mitwirkende","sourceUrl":"https://www.openstreetmap.org/way/335982907","license":"ODbL 1.0","licenseUrl":"https://opendatacommons.org/licenses/odbl/1-0/","dataAsOf":"2026-09-18T10:54:21Z","positionNote":"Mittelpunkt des OSM-Umgrenzungsrechtecks; kein Eingang"}},{"type":"Feature","id":"osm-way-335982909","geometry":{"type":"Point","coordinates":[7.057329,50.9318197]},"properties":{"theme":"parks","name":"Park · OSM 335982909","place":"Köln","isDemo":false,"source":"© OpenStreetMap-Mitwirkende","sourceUrl":"https://www.openstreetmap.org/way/335982909","license":"ODbL 1.0","licenseUrl":"https://opendatacommons.org/licenses/odbl/1-0/","dataAsOf":"2026-09-18T10:54:21Z","positionNote":"Mittelpunkt des OSM-Umgrenzungsrechtecks; kein Eingang"}},{"type":"Feature","id":"osm-way-336434836","geometry":{"type":"Point","coordinates":[7.0123144,50.9764541]},"properties":{"theme":"parks","name":"Park · OSM 336434836","place":"Köln","isDemo":false,"source":"© OpenStreetMap-Mitwirkende","sourceUrl":"https://www.openstreetmap.org/way/336434836","license":"ODbL 1.0","licenseUrl":"https://opendatacommons.org/licenses/odbl/1-0/","dataAsOf":"2026-09-18T10:54:21Z","positionNote":"Mittelpunkt des OSM-Umgrenzungsrechtecks; kein Eingang"}},{"type":"Feature","id":"osm-way-33738735","geometry":{"type":"Point","coordinates":[6.9961211,50.8834992]},"properties":{"theme":"parks","name":"Park · OSM 33738735","place":"Köln","isDemo":false,"source":"© OpenStreetMap-Mitwirkende","sourceUrl":"https://www.openstreetmap.org/way/33738735","license":"ODbL 1.0","licenseUrl":"https://opendatacommons.org/licenses/odbl/1-0/","dataAsOf":"2026-09-18T10:54:21Z","positionNote":"Mittelpunkt des OSM-Umgrenzungsrechtecks; kein Eingang"}},{"type":"Feature","id":"osm-way-346991359","geometry":{"type":"Point","coordinates":[6.9300562,50.9553899]},"properties":{"theme":"parks","name":"Park · OSM 346991359","place":"Köln","isDemo":false,"source":"© OpenStreetMap-Mitwirkende","sourceUrl":"https://www.openstreetmap.org/way/346991359","license":"ODbL 1.0","licenseUrl":"https://opendatacommons.org/licenses/odbl/1-0/","dataAsOf":"2026-09-18T10:54:21Z","positionNote":"Mittelpunkt des OSM-Umgrenzungsrechtecks; kein Eingang"}},{"type":"Feature","id":"osm-way-347200119","geometry":{"type":"Point","coordinates":[6.9705482,50.9023684]},"properties":{"theme":"parks","name":"Park · OSM 347200119","place":"Köln","isDemo":false,"source":"© OpenStreetMap-Mitwirkende","sourceUrl":"https://www.openstreetmap.org/way/347200119","license":"ODbL 1.0","licenseUrl":"https://opendatacommons.org/licenses/odbl/1-0/","dataAsOf":"2026-09-18T10:54:21Z","positionNote":"Mittelpunkt des OSM-Umgrenzungsrechtecks; kein Eingang"}},{"type":"Feature","id":"osm-way-347200121","geometry":{"type":"Point","coordinates":[6.9677698,50.8990565]},"properties":{"theme":"parks","name":"Park · OSM 347200121","place":"Köln","isDemo":false,"source":"© OpenStreetMap-Mitwirkende","sourceUrl":"https://www.openstreetmap.org/way/347200121","license":"ODbL 1.0","licenseUrl":"https://opendatacommons.org/licenses/odbl/1-0/","dataAsOf":"2026-09-18T10:54:21Z","positionNote":"Mittelpunkt des OSM-Umgrenzungsrechtecks; kein Eingang"}},{"type":"Feature","id":"osm-way-34726614","geometry":{"type":"Point","coordinates":[7.0805534,50.9806193]},"properties":{"theme":"parks","name":"Park · OSM 34726614","place":"Köln","isDemo":false,"source":"© OpenStreetMap-Mitwirkende","sourceUrl":"https://www.openstreetmap.org/way/34726614","license":"ODbL 1.0","licenseUrl":"https://opendatacommons.org/licenses/odbl/1-0/","dataAsOf":"2026-09-18T10:54:21Z","positionNote":"Mittelpunkt des OSM-Umgrenzungsrechtecks; kein Eingang"}},{"type":"Feature","id":"osm-way-350447614","geometry":{"type":"Point","coordinates":[7.0100324,50.9721398]},"properties":{"theme":"parks","name":"Park · OSM 350447614","place":"Köln","isDemo":false,"source":"© OpenStreetMap-Mitwirkende","sourceUrl":"https://www.openstreetmap.org/way/350447614","license":"ODbL 1.0","licenseUrl":"https://opendatacommons.org/licenses/odbl/1-0/","dataAsOf":"2026-09-18T10:54:21Z","positionNote":"Mittelpunkt des OSM-Umgrenzungsrechtecks; kein Eingang"}},{"type":"Feature","id":"osm-way-35382743","geometry":{"type":"Point","coordinates":[7.0936602,50.8789883]},"properties":{"theme":"parks","name":"Park · OSM 35382743","place":"Köln","isDemo":false,"source":"© OpenStreetMap-Mitwirkende","sourceUrl":"https://www.openstreetmap.org/way/35382743","license":"ODbL 1.0","licenseUrl":"https://opendatacommons.org/licenses/odbl/1-0/","dataAsOf":"2026-09-18T10:54:21Z","positionNote":"Mittelpunkt des OSM-Umgrenzungsrechtecks; kein Eingang"}},{"type":"Feature","id":"osm-way-362440891","geometry":{"type":"Point","coordinates":[6.9495152,50.9842399]},"properties":{"theme":"parks","name":"Park · OSM 362440891","place":"Köln","isDemo":false,"source":"© OpenStreetMap-Mitwirkende","sourceUrl":"https://www.openstreetmap.org/way/362440891","license":"ODbL 1.0","licenseUrl":"https://opendatacommons.org/licenses/odbl/1-0/","dataAsOf":"2026-09-18T10:54:21Z","positionNote":"Mittelpunkt des OSM-Umgrenzungsrechtecks; kein Eingang"}},{"type":"Feature","id":"osm-way-36903095","geometry":{"type":"Point","coordinates":[6.9625364,50.9280498]},"properties":{"theme":"parks","name":"Park · OSM 36903095","place":"Köln","isDemo":false,"source":"© OpenStreetMap-Mitwirkende","sourceUrl":"https://www.openstreetmap.org/way/36903095","license":"ODbL 1.0","licenseUrl":"https://opendatacommons.org/licenses/odbl/1-0/","dataAsOf":"2026-09-18T10:54:21Z","positionNote":"Mittelpunkt des OSM-Umgrenzungsrechtecks; kein Eingang"}},{"type":"Feature","id":"osm-way-37192318","geometry":{"type":"Point","coordinates":[6.9280432,50.9302474]},"properties":{"theme":"parks","name":"Park · OSM 37192318","place":"Köln","isDemo":false,"source":"© OpenStreetMap-Mitwirkende","sourceUrl":"https://www.openstreetmap.org/way/37192318","license":"ODbL 1.0","licenseUrl":"https://opendatacommons.org/licenses/odbl/1-0/","dataAsOf":"2026-09-18T10:54:21Z","positionNote":"Mittelpunkt des OSM-Umgrenzungsrechtecks; kein Eingang"}},{"type":"Feature","id":"osm-way-37308797","geometry":{"type":"Point","coordinates":[7.0286371,50.9764987]},"properties":{"theme":"parks","name":"Park · OSM 37308797","place":"Köln","isDemo":false,"source":"© OpenStreetMap-Mitwirkende","sourceUrl":"https://www.openstreetmap.org/way/37308797","license":"ODbL 1.0","licenseUrl":"https://opendatacommons.org/licenses/odbl/1-0/","dataAsOf":"2026-09-18T10:54:21Z","positionNote":"Mittelpunkt des OSM-Umgrenzungsrechtecks; kein Eingang"}},{"type":"Feature","id":"osm-way-37633227","geometry":{"type":"Point","coordinates":[6.9612057,50.9136727]},"properties":{"theme":"parks","name":"Park · OSM 37633227","place":"Köln","isDemo":false,"source":"© OpenStreetMap-Mitwirkende","sourceUrl":"https://www.openstreetmap.org/way/37633227","license":"ODbL 1.0","licenseUrl":"https://opendatacommons.org/licenses/odbl/1-0/","dataAsOf":"2026-09-18T10:54:21Z","positionNote":"Mittelpunkt des OSM-Umgrenzungsrechtecks; kein Eingang"}},{"type":"Feature","id":"osm-way-38280829","geometry":{"type":"Point","coordinates":[7.0108813,50.9519517]},"properties":{"theme":"parks","name":"Park · OSM 38280829","place":"Köln","isDemo":false,"source":"© OpenStreetMap-Mitwirkende","sourceUrl":"https://www.openstreetmap.org/way/38280829","license":"ODbL 1.0","licenseUrl":"https://opendatacommons.org/licenses/odbl/1-0/","dataAsOf":"2026-09-18T10:54:21Z","positionNote":"Mittelpunkt des OSM-Umgrenzungsrechtecks; kein Eingang"}},{"type":"Feature","id":"osm-way-38909302","geometry":{"type":"Point","coordinates":[6.8386685,50.9651533]},"properties":{"theme":"parks","name":"Park · OSM 38909302","place":"Köln","isDemo":false,"source":"© OpenStreetMap-Mitwirkende","sourceUrl":"https://www.openstreetmap.org/way/38909302","license":"ODbL 1.0","licenseUrl":"https://opendatacommons.org/licenses/odbl/1-0/","dataAsOf":"2026-09-18T10:54:21Z","positionNote":"Mittelpunkt des OSM-Umgrenzungsrechtecks; kein Eingang"}},{"type":"Feature","id":"osm-way-390187296","geometry":{"type":"Point","coordinates":[6.8326066,50.9612307]},"properties":{"theme":"parks","name":"Park · OSM 390187296","place":"Köln","isDemo":false,"source":"© OpenStreetMap-Mitwirkende","sourceUrl":"https://www.openstreetmap.org/way/390187296","license":"ODbL 1.0","licenseUrl":"https://opendatacommons.org/licenses/odbl/1-0/","dataAsOf":"2026-09-18T10:54:21Z","positionNote":"Mittelpunkt des OSM-Umgrenzungsrechtecks; kein Eingang"}},{"type":"Feature","id":"osm-way-392792496","geometry":{"type":"Point","coordinates":[6.9123364,50.9333515]},"properties":{"theme":"parks","name":"Park · OSM 392792496","place":"Köln","isDemo":false,"source":"© OpenStreetMap-Mitwirkende","sourceUrl":"https://www.openstreetmap.org/way/392792496","license":"ODbL 1.0","licenseUrl":"https://opendatacommons.org/licenses/odbl/1-0/","dataAsOf":"2026-09-18T10:54:21Z","positionNote":"Mittelpunkt des OSM-Umgrenzungsrechtecks; kein Eingang"}},{"type":"Feature","id":"osm-way-41417526","geometry":{"type":"Point","coordinates":[6.8875197,50.96628]},"properties":{"theme":"parks","name":"Park · OSM 41417526","place":"Köln","isDemo":false,"source":"© OpenStreetMap-Mitwirkende","sourceUrl":"https://www.openstreetmap.org/way/41417526","license":"ODbL 1.0","licenseUrl":"https://opendatacommons.org/licenses/odbl/1-0/","dataAsOf":"2026-09-18T10:54:21Z","positionNote":"Mittelpunkt des OSM-Umgrenzungsrechtecks; kein Eingang"}},{"type":"Feature","id":"osm-way-42422411","geometry":{"type":"Point","coordinates":[7.0641253,50.970072]},"properties":{"theme":"parks","name":"Park · OSM 42422411","place":"Köln","isDemo":false,"source":"© OpenStreetMap-Mitwirkende","sourceUrl":"https://www.openstreetmap.org/way/42422411","license":"ODbL 1.0","licenseUrl":"https://opendatacommons.org/licenses/odbl/1-0/","dataAsOf":"2026-09-18T10:54:21Z","positionNote":"Mittelpunkt des OSM-Umgrenzungsrechtecks; kein Eingang"}},{"type":"Feature","id":"osm-way-42422418","geometry":{"type":"Point","coordinates":[7.0679671,50.9711038]},"properties":{"theme":"parks","name":"Park · OSM 42422418","place":"Köln","isDemo":false,"source":"© OpenStreetMap-Mitwirkende","sourceUrl":"https://www.openstreetmap.org/way/42422418","license":"ODbL 1.0","licenseUrl":"https://opendatacommons.org/licenses/odbl/1-0/","dataAsOf":"2026-09-18T10:54:21Z","positionNote":"Mittelpunkt des OSM-Umgrenzungsrechtecks; kein Eingang"}},{"type":"Feature","id":"osm-way-42682692","geometry":{"type":"Point","coordinates":[6.9620674,50.980032]},"properties":{"theme":"parks","name":"Park · OSM 42682692","place":"Köln","isDemo":false,"source":"© OpenStreetMap-Mitwirkende","sourceUrl":"https://www.openstreetmap.org/way/42682692","license":"ODbL 1.0","licenseUrl":"https://opendatacommons.org/licenses/odbl/1-0/","dataAsOf":"2026-09-18T10:54:21Z","positionNote":"Mittelpunkt des OSM-Umgrenzungsrechtecks; kein Eingang"}},{"type":"Feature","id":"osm-way-43402690","geometry":{"type":"Point","coordinates":[6.9773755,50.9067216]},"properties":{"theme":"parks","name":"Park · OSM 43402690","place":"Köln","isDemo":false,"source":"© OpenStreetMap-Mitwirkende","sourceUrl":"https://www.openstreetmap.org/way/43402690","license":"ODbL 1.0","licenseUrl":"https://opendatacommons.org/licenses/odbl/1-0/","dataAsOf":"2026-09-18T10:54:21Z","positionNote":"Mittelpunkt des OSM-Umgrenzungsrechtecks; kein Eingang"}},{"type":"Feature","id":"osm-way-434374842","geometry":{"type":"Point","coordinates":[7.0245014,50.9618725]},"properties":{"theme":"parks","name":"Park · OSM 434374842","place":"Köln","isDemo":false,"source":"© OpenStreetMap-Mitwirkende","sourceUrl":"https://www.openstreetmap.org/way/434374842","license":"ODbL 1.0","licenseUrl":"https://opendatacommons.org/licenses/odbl/1-0/","dataAsOf":"2026-09-18T10:54:21Z","positionNote":"Mittelpunkt des OSM-Umgrenzungsrechtecks; kein Eingang"}},{"type":"Feature","id":"osm-way-44043423","geometry":{"type":"Point","coordinates":[7.0188966,50.9415014]},"properties":{"theme":"parks","name":"Park · OSM 44043423","place":"Köln","isDemo":false,"source":"© OpenStreetMap-Mitwirkende","sourceUrl":"https://www.openstreetmap.org/way/44043423","license":"ODbL 1.0","licenseUrl":"https://opendatacommons.org/licenses/odbl/1-0/","dataAsOf":"2026-09-18T10:54:21Z","positionNote":"Mittelpunkt des OSM-Umgrenzungsrechtecks; kein Eingang"}},{"type":"Feature","id":"osm-way-44685166","geometry":{"type":"Point","coordinates":[6.9695973,50.9450174]},"properties":{"theme":"parks","name":"Park · OSM 44685166","place":"Köln","isDemo":false,"source":"© OpenStreetMap-Mitwirkende","sourceUrl":"https://www.openstreetmap.org/way/44685166","license":"ODbL 1.0","licenseUrl":"https://opendatacommons.org/licenses/odbl/1-0/","dataAsOf":"2026-09-18T10:54:21Z","positionNote":"Mittelpunkt des OSM-Umgrenzungsrechtecks; kein Eingang"}},{"type":"Feature","id":"osm-way-45073029","geometry":{"type":"Point","coordinates":[6.9414526,50.9436484]},"properties":{"theme":"parks","name":"Park · OSM 45073029","place":"Köln","isDemo":false,"source":"© OpenStreetMap-Mitwirkende","sourceUrl":"https://www.openstreetmap.org/way/45073029","license":"ODbL 1.0","licenseUrl":"https://opendatacommons.org/licenses/odbl/1-0/","dataAsOf":"2026-09-18T10:54:21Z","positionNote":"Mittelpunkt des OSM-Umgrenzungsrechtecks; kein Eingang"}},{"type":"Feature","id":"osm-way-452311602","geometry":{"type":"Point","coordinates":[6.8571587,50.9514075]},"properties":{"theme":"parks","name":"Park · OSM 452311602","place":"Köln","isDemo":false,"source":"© OpenStreetMap-Mitwirkende","sourceUrl":"https://www.openstreetmap.org/way/452311602","license":"ODbL 1.0","licenseUrl":"https://opendatacommons.org/licenses/odbl/1-0/","dataAsOf":"2026-09-18T10:54:21Z","positionNote":"Mittelpunkt des OSM-Umgrenzungsrechtecks; kein Eingang"}},{"type":"Feature","id":"osm-way-477907892","geometry":{"type":"Point","coordinates":[7.0159084,50.8780851]},"properties":{"theme":"parks","name":"Park · OSM 477907892","place":"Köln","isDemo":false,"source":"© OpenStreetMap-Mitwirkende","sourceUrl":"https://www.openstreetmap.org/way/477907892","license":"ODbL 1.0","licenseUrl":"https://opendatacommons.org/licenses/odbl/1-0/","dataAsOf":"2026-09-18T10:54:21Z","positionNote":"Mittelpunkt des OSM-Umgrenzungsrechtecks; kein Eingang"}},{"type":"Feature","id":"osm-way-49190710","geometry":{"type":"Point","coordinates":[6.8740349,50.9595486]},"properties":{"theme":"parks","name":"Park · OSM 49190710","place":"Köln","isDemo":false,"source":"© OpenStreetMap-Mitwirkende","sourceUrl":"https://www.openstreetmap.org/way/49190710","license":"ODbL 1.0","licenseUrl":"https://opendatacommons.org/licenses/odbl/1-0/","dataAsOf":"2026-09-18T10:54:21Z","positionNote":"Mittelpunkt des OSM-Umgrenzungsrechtecks; kein Eingang"}},{"type":"Feature","id":"osm-way-496441699","geometry":{"type":"Point","coordinates":[6.993,50.9115473]},"properties":{"theme":"parks","name":"Park · OSM 496441699","place":"Köln","isDemo":false,"source":"© OpenStreetMap-Mitwirkende","sourceUrl":"https://www.openstreetmap.org/way/496441699","license":"ODbL 1.0","licenseUrl":"https://opendatacommons.org/licenses/odbl/1-0/","dataAsOf":"2026-09-18T10:54:21Z","positionNote":"Mittelpunkt des OSM-Umgrenzungsrechtecks; kein Eingang"}},{"type":"Feature","id":"osm-way-496978638","geometry":{"type":"Point","coordinates":[7.0156815,50.8744945]},"properties":{"theme":"parks","name":"Park · OSM 496978638","place":"Köln","isDemo":false,"source":"© OpenStreetMap-Mitwirkende","sourceUrl":"https://www.openstreetmap.org/way/496978638","license":"ODbL 1.0","licenseUrl":"https://opendatacommons.org/licenses/odbl/1-0/","dataAsOf":"2026-09-18T10:54:21Z","positionNote":"Mittelpunkt des OSM-Umgrenzungsrechtecks; kein Eingang"}},{"type":"Feature","id":"osm-way-49939619","geometry":{"type":"Point","coordinates":[7.0349978,50.9275626]},"properties":{"theme":"parks","name":"Park · OSM 49939619","place":"Köln","isDemo":false,"source":"© OpenStreetMap-Mitwirkende","sourceUrl":"https://www.openstreetmap.org/way/49939619","license":"ODbL 1.0","licenseUrl":"https://opendatacommons.org/licenses/odbl/1-0/","dataAsOf":"2026-09-18T10:54:21Z","positionNote":"Mittelpunkt des OSM-Umgrenzungsrechtecks; kein Eingang"}},{"type":"Feature","id":"osm-way-503032934","geometry":{"type":"Point","coordinates":[6.9201075,50.96469]},"properties":{"theme":"parks","name":"Park · OSM 503032934","place":"Köln","isDemo":false,"source":"© OpenStreetMap-Mitwirkende","sourceUrl":"https://www.openstreetmap.org/way/503032934","license":"ODbL 1.0","licenseUrl":"https://opendatacommons.org/licenses/odbl/1-0/","dataAsOf":"2026-09-18T10:54:21Z","positionNote":"Mittelpunkt des OSM-Umgrenzungsrechtecks; kein Eingang"}},{"type":"Feature","id":"osm-way-529216421","geometry":{"type":"Point","coordinates":[7.0348546,50.9788513]},"properties":{"theme":"parks","name":"Park · OSM 529216421","place":"Köln","isDemo":false,"source":"© OpenStreetMap-Mitwirkende","sourceUrl":"https://www.openstreetmap.org/way/529216421","license":"ODbL 1.0","licenseUrl":"https://opendatacommons.org/licenses/odbl/1-0/","dataAsOf":"2026-09-18T10:54:21Z","positionNote":"Mittelpunkt des OSM-Umgrenzungsrechtecks; kein Eingang"}},{"type":"Feature","id":"osm-way-5552917","geometry":{"type":"Point","coordinates":[6.9315957,50.9540518]},"properties":{"theme":"parks","name":"Park · OSM 5552917","place":"Köln","isDemo":false,"source":"© OpenStreetMap-Mitwirkende","sourceUrl":"https://www.openstreetmap.org/way/5552917","license":"ODbL 1.0","licenseUrl":"https://opendatacommons.org/licenses/odbl/1-0/","dataAsOf":"2026-09-18T10:54:21Z","positionNote":"Mittelpunkt des OSM-Umgrenzungsrechtecks; kein Eingang"}},{"type":"Feature","id":"osm-way-559381176","geometry":{"type":"Point","coordinates":[6.947142,50.9797036]},"properties":{"theme":"parks","name":"Park · OSM 559381176","place":"Köln","isDemo":false,"source":"© OpenStreetMap-Mitwirkende","sourceUrl":"https://www.openstreetmap.org/way/559381176","license":"ODbL 1.0","licenseUrl":"https://opendatacommons.org/licenses/odbl/1-0/","dataAsOf":"2026-09-18T10:54:21Z","positionNote":"Mittelpunkt des OSM-Umgrenzungsrechtecks; kein Eingang"}},{"type":"Feature","id":"osm-way-56196991","geometry":{"type":"Point","coordinates":[6.9141987,50.9057294]},"properties":{"theme":"parks","name":"Park · OSM 56196991","place":"Köln","isDemo":false,"source":"© OpenStreetMap-Mitwirkende","sourceUrl":"https://www.openstreetmap.org/way/56196991","license":"ODbL 1.0","licenseUrl":"https://opendatacommons.org/licenses/odbl/1-0/","dataAsOf":"2026-09-18T10:54:21Z","positionNote":"Mittelpunkt des OSM-Umgrenzungsrechtecks; kein Eingang"}},{"type":"Feature","id":"osm-way-578725771","geometry":{"type":"Point","coordinates":[7.0076612,50.9268757]},"properties":{"theme":"parks","name":"Park · OSM 578725771","place":"Köln","isDemo":false,"source":"© OpenStreetMap-Mitwirkende","sourceUrl":"https://www.openstreetmap.org/way/578725771","license":"ODbL 1.0","licenseUrl":"https://opendatacommons.org/licenses/odbl/1-0/","dataAsOf":"2026-09-18T10:54:21Z","positionNote":"Mittelpunkt des OSM-Umgrenzungsrechtecks; kein Eingang"}},{"type":"Feature","id":"osm-way-58555042","geometry":{"type":"Point","coordinates":[6.9008123,50.9793803]},"properties":{"theme":"parks","name":"Park · OSM 58555042","place":"Köln","isDemo":false,"source":"© OpenStreetMap-Mitwirkende","sourceUrl":"https://www.openstreetmap.org/way/58555042","license":"ODbL 1.0","licenseUrl":"https://opendatacommons.org/licenses/odbl/1-0/","dataAsOf":"2026-09-18T10:54:21Z","positionNote":"Mittelpunkt des OSM-Umgrenzungsrechtecks; kein Eingang"}},{"type":"Feature","id":"osm-way-586074598","geometry":{"type":"Point","coordinates":[6.9259894,50.9375029]},"properties":{"theme":"parks","name":"Park · OSM 586074598","place":"Köln","isDemo":false,"source":"© OpenStreetMap-Mitwirkende","sourceUrl":"https://www.openstreetmap.org/way/586074598","license":"ODbL 1.0","licenseUrl":"https://opendatacommons.org/licenses/odbl/1-0/","dataAsOf":"2026-09-18T10:54:21Z","positionNote":"Mittelpunkt des OSM-Umgrenzungsrechtecks; kein Eingang"}},{"type":"Feature","id":"osm-way-58663211","geometry":{"type":"Point","coordinates":[6.9225471,51.0281832]},"properties":{"theme":"parks","name":"Park · OSM 58663211","place":"Köln","isDemo":false,"source":"© OpenStreetMap-Mitwirkende","sourceUrl":"https://www.openstreetmap.org/way/58663211","license":"ODbL 1.0","licenseUrl":"https://opendatacommons.org/licenses/odbl/1-0/","dataAsOf":"2026-09-18T10:54:21Z","positionNote":"Mittelpunkt des OSM-Umgrenzungsrechtecks; kein Eingang"}},{"type":"Feature","id":"osm-way-587816944","geometry":{"type":"Point","coordinates":[6.9485779,50.9672278]},"properties":{"theme":"parks","name":"Park · OSM 587816944","place":"Köln","isDemo":false,"source":"© OpenStreetMap-Mitwirkende","sourceUrl":"https://www.openstreetmap.org/way/587816944","license":"ODbL 1.0","licenseUrl":"https://opendatacommons.org/licenses/odbl/1-0/","dataAsOf":"2026-09-18T10:54:21Z","positionNote":"Mittelpunkt des OSM-Umgrenzungsrechtecks; kein Eingang"}},{"type":"Feature","id":"osm-way-587816948","geometry":{"type":"Point","coordinates":[6.9476707,50.9673095]},"properties":{"theme":"parks","name":"Park · OSM 587816948","place":"Köln","isDemo":false,"source":"© OpenStreetMap-Mitwirkende","sourceUrl":"https://www.openstreetmap.org/way/587816948","license":"ODbL 1.0","licenseUrl":"https://opendatacommons.org/licenses/odbl/1-0/","dataAsOf":"2026-09-18T10:54:21Z","positionNote":"Mittelpunkt des OSM-Umgrenzungsrechtecks; kein Eingang"}},{"type":"Feature","id":"osm-way-587823516","geometry":{"type":"Point","coordinates":[6.9618338,50.9471468]},"properties":{"theme":"parks","name":"Park · OSM 587823516","place":"Köln","isDemo":false,"source":"© OpenStreetMap-Mitwirkende","sourceUrl":"https://www.openstreetmap.org/way/587823516","license":"ODbL 1.0","licenseUrl":"https://opendatacommons.org/licenses/odbl/1-0/","dataAsOf":"2026-09-18T10:54:21Z","positionNote":"Mittelpunkt des OSM-Umgrenzungsrechtecks; kein Eingang"}},{"type":"Feature","id":"osm-way-587922014","geometry":{"type":"Point","coordinates":[6.8871861,50.9392626]},"properties":{"theme":"parks","name":"Park · OSM 587922014","place":"Köln","isDemo":false,"source":"© OpenStreetMap-Mitwirkende","sourceUrl":"https://www.openstreetmap.org/way/587922014","license":"ODbL 1.0","licenseUrl":"https://opendatacommons.org/licenses/odbl/1-0/","dataAsOf":"2026-09-18T10:54:21Z","positionNote":"Mittelpunkt des OSM-Umgrenzungsrechtecks; kein Eingang"}},{"type":"Feature","id":"osm-way-58830863","geometry":{"type":"Point","coordinates":[6.9196408,50.974737]},"properties":{"theme":"parks","name":"Park · OSM 58830863","place":"Köln","isDemo":false,"source":"© OpenStreetMap-Mitwirkende","sourceUrl":"https://www.openstreetmap.org/way/58830863","license":"ODbL 1.0","licenseUrl":"https://opendatacommons.org/licenses/odbl/1-0/","dataAsOf":"2026-09-18T10:54:21Z","positionNote":"Mittelpunkt des OSM-Umgrenzungsrechtecks; kein Eingang"}},{"type":"Feature","id":"osm-way-59180923","geometry":{"type":"Point","coordinates":[6.8735185,50.9652993]},"properties":{"theme":"parks","name":"Park · OSM 59180923","place":"Köln","isDemo":false,"source":"© OpenStreetMap-Mitwirkende","sourceUrl":"https://www.openstreetmap.org/way/59180923","license":"ODbL 1.0","licenseUrl":"https://opendatacommons.org/licenses/odbl/1-0/","dataAsOf":"2026-09-18T10:54:21Z","positionNote":"Mittelpunkt des OSM-Umgrenzungsrechtecks; kein Eingang"}},{"type":"Feature","id":"osm-way-591858489","geometry":{"type":"Point","coordinates":[6.9275842,50.9751957]},"properties":{"theme":"parks","name":"Park · OSM 591858489","place":"Köln","isDemo":false,"source":"© OpenStreetMap-Mitwirkende","sourceUrl":"https://www.openstreetmap.org/way/591858489","license":"ODbL 1.0","licenseUrl":"https://opendatacommons.org/licenses/odbl/1-0/","dataAsOf":"2026-09-18T10:54:21Z","positionNote":"Mittelpunkt des OSM-Umgrenzungsrechtecks; kein Eingang"}},{"type":"Feature","id":"osm-way-592460657","geometry":{"type":"Point","coordinates":[6.857862,50.9773364]},"properties":{"theme":"parks","name":"Park · OSM 592460657","place":"Köln","isDemo":false,"source":"© OpenStreetMap-Mitwirkende","sourceUrl":"https://www.openstreetmap.org/way/592460657","license":"ODbL 1.0","licenseUrl":"https://opendatacommons.org/licenses/odbl/1-0/","dataAsOf":"2026-09-18T10:54:21Z","positionNote":"Mittelpunkt des OSM-Umgrenzungsrechtecks; kein Eingang"}},{"type":"Feature","id":"osm-way-592865079","geometry":{"type":"Point","coordinates":[6.8640963,50.9803948]},"properties":{"theme":"parks","name":"Park · OSM 592865079","place":"Köln","isDemo":false,"source":"© OpenStreetMap-Mitwirkende","sourceUrl":"https://www.openstreetmap.org/way/592865079","license":"ODbL 1.0","licenseUrl":"https://opendatacommons.org/licenses/odbl/1-0/","dataAsOf":"2026-09-18T10:54:21Z","positionNote":"Mittelpunkt des OSM-Umgrenzungsrechtecks; kein Eingang"}},{"type":"Feature","id":"osm-way-602878663","geometry":{"type":"Point","coordinates":[6.8444663,50.9416699]},"properties":{"theme":"parks","name":"Park · OSM 602878663","place":"Köln","isDemo":false,"source":"© OpenStreetMap-Mitwirkende","sourceUrl":"https://www.openstreetmap.org/way/602878663","license":"ODbL 1.0","licenseUrl":"https://opendatacommons.org/licenses/odbl/1-0/","dataAsOf":"2026-09-18T10:54:21Z","positionNote":"Mittelpunkt des OSM-Umgrenzungsrechtecks; kein Eingang"}},{"type":"Feature","id":"osm-way-608136035","geometry":{"type":"Point","coordinates":[6.8352245,50.9423853]},"properties":{"theme":"parks","name":"Park · OSM 608136035","place":"Köln","isDemo":false,"source":"© OpenStreetMap-Mitwirkende","sourceUrl":"https://www.openstreetmap.org/way/608136035","license":"ODbL 1.0","licenseUrl":"https://opendatacommons.org/licenses/odbl/1-0/","dataAsOf":"2026-09-18T10:54:21Z","positionNote":"Mittelpunkt des OSM-Umgrenzungsrechtecks; kein Eingang"}},{"type":"Feature","id":"osm-way-608279860","geometry":{"type":"Point","coordinates":[6.8355007,50.940308]},"properties":{"theme":"parks","name":"Park · OSM 608279860","place":"Köln","isDemo":false,"source":"© OpenStreetMap-Mitwirkende","sourceUrl":"https://www.openstreetmap.org/way/608279860","license":"ODbL 1.0","licenseUrl":"https://opendatacommons.org/licenses/odbl/1-0/","dataAsOf":"2026-09-18T10:54:21Z","positionNote":"Mittelpunkt des OSM-Umgrenzungsrechtecks; kein Eingang"}},{"type":"Feature","id":"osm-way-60860927","geometry":{"type":"Point","coordinates":[6.9695976,50.9568759]},"properties":{"theme":"parks","name":"Park · OSM 60860927","place":"Köln","isDemo":false,"source":"© OpenStreetMap-Mitwirkende","sourceUrl":"https://www.openstreetmap.org/way/60860927","license":"ODbL 1.0","licenseUrl":"https://opendatacommons.org/licenses/odbl/1-0/","dataAsOf":"2026-09-18T10:54:21Z","positionNote":"Mittelpunkt des OSM-Umgrenzungsrechtecks; kein Eingang"}},{"type":"Feature","id":"osm-way-61230292","geometry":{"type":"Point","coordinates":[7.0100389,50.9623232]},"properties":{"theme":"parks","name":"Park · OSM 61230292","place":"Köln","isDemo":false,"source":"© OpenStreetMap-Mitwirkende","sourceUrl":"https://www.openstreetmap.org/way/61230292","license":"ODbL 1.0","licenseUrl":"https://opendatacommons.org/licenses/odbl/1-0/","dataAsOf":"2026-09-18T10:54:21Z","positionNote":"Mittelpunkt des OSM-Umgrenzungsrechtecks; kein Eingang"}},{"type":"Feature","id":"osm-way-627357073","geometry":{"type":"Point","coordinates":[6.9282246,50.9299548]},"properties":{"theme":"parks","name":"Park · OSM 627357073","place":"Köln","isDemo":false,"source":"© OpenStreetMap-Mitwirkende","sourceUrl":"https://www.openstreetmap.org/way/627357073","license":"ODbL 1.0","licenseUrl":"https://opendatacommons.org/licenses/odbl/1-0/","dataAsOf":"2026-09-18T10:54:21Z","positionNote":"Mittelpunkt des OSM-Umgrenzungsrechtecks; kein Eingang"}},{"type":"Feature","id":"osm-way-627357075","geometry":{"type":"Point","coordinates":[6.9284001,50.9296743]},"properties":{"theme":"parks","name":"Park · OSM 627357075","place":"Köln","isDemo":false,"source":"© OpenStreetMap-Mitwirkende","sourceUrl":"https://www.openstreetmap.org/way/627357075","license":"ODbL 1.0","licenseUrl":"https://opendatacommons.org/licenses/odbl/1-0/","dataAsOf":"2026-09-18T10:54:21Z","positionNote":"Mittelpunkt des OSM-Umgrenzungsrechtecks; kein Eingang"}},{"type":"Feature","id":"osm-way-641333702","geometry":{"type":"Point","coordinates":[6.8747575,50.9661629]},"properties":{"theme":"parks","name":"Park · OSM 641333702","place":"Köln","isDemo":false,"source":"© OpenStreetMap-Mitwirkende","sourceUrl":"https://www.openstreetmap.org/way/641333702","license":"ODbL 1.0","licenseUrl":"https://opendatacommons.org/licenses/odbl/1-0/","dataAsOf":"2026-09-18T10:54:21Z","positionNote":"Mittelpunkt des OSM-Umgrenzungsrechtecks; kein Eingang"}},{"type":"Feature","id":"osm-way-648080992","geometry":{"type":"Point","coordinates":[6.8961955,50.9814911]},"properties":{"theme":"parks","name":"Park · OSM 648080992","place":"Köln","isDemo":false,"source":"© OpenStreetMap-Mitwirkende","sourceUrl":"https://www.openstreetmap.org/way/648080992","license":"ODbL 1.0","licenseUrl":"https://opendatacommons.org/licenses/odbl/1-0/","dataAsOf":"2026-09-18T10:54:21Z","positionNote":"Mittelpunkt des OSM-Umgrenzungsrechtecks; kein Eingang"}},{"type":"Feature","id":"osm-way-654109353","geometry":{"type":"Point","coordinates":[6.907248,51.0246414]},"properties":{"theme":"parks","name":"Park · OSM 654109353","place":"Köln","isDemo":false,"source":"© OpenStreetMap-Mitwirkende","sourceUrl":"https://www.openstreetmap.org/way/654109353","license":"ODbL 1.0","licenseUrl":"https://opendatacommons.org/licenses/odbl/1-0/","dataAsOf":"2026-09-18T10:54:21Z","positionNote":"Mittelpunkt des OSM-Umgrenzungsrechtecks; kein Eingang"}},{"type":"Feature","id":"osm-way-662313536","geometry":{"type":"Point","coordinates":[6.9132861,50.9427292]},"properties":{"theme":"parks","name":"Park · OSM 662313536","place":"Köln","isDemo":false,"source":"© OpenStreetMap-Mitwirkende","sourceUrl":"https://www.openstreetmap.org/way/662313536","license":"ODbL 1.0","licenseUrl":"https://opendatacommons.org/licenses/odbl/1-0/","dataAsOf":"2026-09-18T10:54:21Z","positionNote":"Mittelpunkt des OSM-Umgrenzungsrechtecks; kein Eingang"}},{"type":"Feature","id":"osm-way-666063539","geometry":{"type":"Point","coordinates":[7.01202,50.8772379]},"properties":{"theme":"parks","name":"Park · OSM 666063539","place":"Köln","isDemo":false,"source":"© OpenStreetMap-Mitwirkende","sourceUrl":"https://www.openstreetmap.org/way/666063539","license":"ODbL 1.0","licenseUrl":"https://opendatacommons.org/licenses/odbl/1-0/","dataAsOf":"2026-09-18T10:54:21Z","positionNote":"Mittelpunkt des OSM-Umgrenzungsrechtecks; kein Eingang"}},{"type":"Feature","id":"osm-way-666328194","geometry":{"type":"Point","coordinates":[7.0118744,50.8788429]},"properties":{"theme":"parks","name":"Park · OSM 666328194","place":"Köln","isDemo":false,"source":"© OpenStreetMap-Mitwirkende","sourceUrl":"https://www.openstreetmap.org/way/666328194","license":"ODbL 1.0","licenseUrl":"https://opendatacommons.org/licenses/odbl/1-0/","dataAsOf":"2026-09-18T10:54:21Z","positionNote":"Mittelpunkt des OSM-Umgrenzungsrechtecks; kein Eingang"}},{"type":"Feature","id":"osm-way-675423227","geometry":{"type":"Point","coordinates":[6.8533438,51.0119951]},"properties":{"theme":"parks","name":"Park · OSM 675423227","place":"Köln","isDemo":false,"source":"© OpenStreetMap-Mitwirkende","sourceUrl":"https://www.openstreetmap.org/way/675423227","license":"ODbL 1.0","licenseUrl":"https://opendatacommons.org/licenses/odbl/1-0/","dataAsOf":"2026-09-18T10:54:21Z","positionNote":"Mittelpunkt des OSM-Umgrenzungsrechtecks; kein Eingang"}},{"type":"Feature","id":"osm-way-681561944","geometry":{"type":"Point","coordinates":[7.0647419,50.9842166]},"properties":{"theme":"parks","name":"Park · OSM 681561944","place":"Köln","isDemo":false,"source":"© OpenStreetMap-Mitwirkende","sourceUrl":"https://www.openstreetmap.org/way/681561944","license":"ODbL 1.0","licenseUrl":"https://opendatacommons.org/licenses/odbl/1-0/","dataAsOf":"2026-09-18T10:54:21Z","positionNote":"Mittelpunkt des OSM-Umgrenzungsrechtecks; kein Eingang"}},{"type":"Feature","id":"osm-way-68468834","geometry":{"type":"Point","coordinates":[7.0522646,50.9376473]},"properties":{"theme":"parks","name":"Park · OSM 68468834","place":"Köln","isDemo":false,"source":"© OpenStreetMap-Mitwirkende","sourceUrl":"https://www.openstreetmap.org/way/68468834","license":"ODbL 1.0","licenseUrl":"https://opendatacommons.org/licenses/odbl/1-0/","dataAsOf":"2026-09-18T10:54:21Z","positionNote":"Mittelpunkt des OSM-Umgrenzungsrechtecks; kein Eingang"}},{"type":"Feature","id":"osm-way-68469005","geometry":{"type":"Point","coordinates":[7.0465869,50.9381321]},"properties":{"theme":"parks","name":"Park · OSM 68469005","place":"Köln","isDemo":false,"source":"© OpenStreetMap-Mitwirkende","sourceUrl":"https://www.openstreetmap.org/way/68469005","license":"ODbL 1.0","licenseUrl":"https://opendatacommons.org/licenses/odbl/1-0/","dataAsOf":"2026-09-18T10:54:21Z","positionNote":"Mittelpunkt des OSM-Umgrenzungsrechtecks; kein Eingang"}},{"type":"Feature","id":"osm-way-68915281","geometry":{"type":"Point","coordinates":[7.0500956,50.9353105]},"properties":{"theme":"parks","name":"Park · OSM 68915281","place":"Köln","isDemo":false,"source":"© OpenStreetMap-Mitwirkende","sourceUrl":"https://www.openstreetmap.org/way/68915281","license":"ODbL 1.0","licenseUrl":"https://opendatacommons.org/licenses/odbl/1-0/","dataAsOf":"2026-09-18T10:54:21Z","positionNote":"Mittelpunkt des OSM-Umgrenzungsrechtecks; kein Eingang"}},{"type":"Feature","id":"osm-way-69091711","geometry":{"type":"Point","coordinates":[7.0744224,50.9462731]},"properties":{"theme":"parks","name":"Park · OSM 69091711","place":"Köln","isDemo":false,"source":"© OpenStreetMap-Mitwirkende","sourceUrl":"https://www.openstreetmap.org/way/69091711","license":"ODbL 1.0","licenseUrl":"https://opendatacommons.org/licenses/odbl/1-0/","dataAsOf":"2026-09-18T10:54:21Z","positionNote":"Mittelpunkt des OSM-Umgrenzungsrechtecks; kein Eingang"}},{"type":"Feature","id":"osm-way-693718546","geometry":{"type":"Point","coordinates":[6.903223,51.0092776]},"properties":{"theme":"parks","name":"Park · OSM 693718546","place":"Köln","isDemo":false,"source":"© OpenStreetMap-Mitwirkende","sourceUrl":"https://www.openstreetmap.org/way/693718546","license":"ODbL 1.0","licenseUrl":"https://opendatacommons.org/licenses/odbl/1-0/","dataAsOf":"2026-09-18T10:54:21Z","positionNote":"Mittelpunkt des OSM-Umgrenzungsrechtecks; kein Eingang"}},{"type":"Feature","id":"osm-way-698098081","geometry":{"type":"Point","coordinates":[6.9738447,50.9081578]},"properties":{"theme":"parks","name":"Park · OSM 698098081","place":"Köln","isDemo":false,"source":"© OpenStreetMap-Mitwirkende","sourceUrl":"https://www.openstreetmap.org/way/698098081","license":"ODbL 1.0","licenseUrl":"https://opendatacommons.org/licenses/odbl/1-0/","dataAsOf":"2026-09-18T10:54:21Z","positionNote":"Mittelpunkt des OSM-Umgrenzungsrechtecks; kein Eingang"}},{"type":"Feature","id":"osm-way-782448896","geometry":{"type":"Point","coordinates":[6.9607989,50.9784078]},"properties":{"theme":"parks","name":"Park · OSM 782448896","place":"Köln","isDemo":false,"source":"© OpenStreetMap-Mitwirkende","sourceUrl":"https://www.openstreetmap.org/way/782448896","license":"ODbL 1.0","licenseUrl":"https://opendatacommons.org/licenses/odbl/1-0/","dataAsOf":"2026-09-18T10:54:21Z","positionNote":"Mittelpunkt des OSM-Umgrenzungsrechtecks; kein Eingang"}},{"type":"Feature","id":"osm-way-785364356","geometry":{"type":"Point","coordinates":[7.0441607,50.9707833]},"properties":{"theme":"parks","name":"Park · OSM 785364356","place":"Köln","isDemo":false,"source":"© OpenStreetMap-Mitwirkende","sourceUrl":"https://www.openstreetmap.org/way/785364356","license":"ODbL 1.0","licenseUrl":"https://opendatacommons.org/licenses/odbl/1-0/","dataAsOf":"2026-09-18T10:54:21Z","positionNote":"Mittelpunkt des OSM-Umgrenzungsrechtecks; kein Eingang"}},{"type":"Feature","id":"osm-way-799469865","geometry":{"type":"Point","coordinates":[6.9663052,50.8735489]},"properties":{"theme":"parks","name":"Park · OSM 799469865","place":"Köln","isDemo":false,"source":"© OpenStreetMap-Mitwirkende","sourceUrl":"https://www.openstreetmap.org/way/799469865","license":"ODbL 1.0","licenseUrl":"https://opendatacommons.org/licenses/odbl/1-0/","dataAsOf":"2026-09-18T10:54:21Z","positionNote":"Mittelpunkt des OSM-Umgrenzungsrechtecks; kein Eingang"}},{"type":"Feature","id":"osm-way-800510159","geometry":{"type":"Point","coordinates":[7.0076688,50.8790051]},"properties":{"theme":"parks","name":"Park · OSM 800510159","place":"Köln","isDemo":false,"source":"© OpenStreetMap-Mitwirkende","sourceUrl":"https://www.openstreetmap.org/way/800510159","license":"ODbL 1.0","licenseUrl":"https://opendatacommons.org/licenses/odbl/1-0/","dataAsOf":"2026-09-18T10:54:21Z","positionNote":"Mittelpunkt des OSM-Umgrenzungsrechtecks; kein Eingang"}},{"type":"Feature","id":"osm-way-81147915","geometry":{"type":"Point","coordinates":[6.8643607,50.9726166]},"properties":{"theme":"parks","name":"Park · OSM 81147915","place":"Köln","isDemo":false,"source":"© OpenStreetMap-Mitwirkende","sourceUrl":"https://www.openstreetmap.org/way/81147915","license":"ODbL 1.0","licenseUrl":"https://opendatacommons.org/licenses/odbl/1-0/","dataAsOf":"2026-09-18T10:54:21Z","positionNote":"Mittelpunkt des OSM-Umgrenzungsrechtecks; kein Eingang"}},{"type":"Feature","id":"osm-way-86331212","geometry":{"type":"Point","coordinates":[6.958669,50.9298432]},"properties":{"theme":"parks","name":"Park · OSM 86331212","place":"Köln","isDemo":false,"source":"© OpenStreetMap-Mitwirkende","sourceUrl":"https://www.openstreetmap.org/way/86331212","license":"ODbL 1.0","licenseUrl":"https://opendatacommons.org/licenses/odbl/1-0/","dataAsOf":"2026-09-18T10:54:21Z","positionNote":"Mittelpunkt des OSM-Umgrenzungsrechtecks; kein Eingang"}},{"type":"Feature","id":"osm-way-880336544","geometry":{"type":"Point","coordinates":[6.837203,50.9451686]},"properties":{"theme":"parks","name":"Park · OSM 880336544","place":"Köln","isDemo":false,"source":"© OpenStreetMap-Mitwirkende","sourceUrl":"https://www.openstreetmap.org/way/880336544","license":"ODbL 1.0","licenseUrl":"https://opendatacommons.org/licenses/odbl/1-0/","dataAsOf":"2026-09-18T10:54:21Z","positionNote":"Mittelpunkt des OSM-Umgrenzungsrechtecks; kein Eingang"}},{"type":"Feature","id":"osm-way-981055415","geometry":{"type":"Point","coordinates":[6.9026352,51.0265697]},"properties":{"theme":"parks","name":"Park · OSM 981055415","place":"Köln","isDemo":false,"source":"© OpenStreetMap-Mitwirkende","sourceUrl":"https://www.openstreetmap.org/way/981055415","license":"ODbL 1.0","licenseUrl":"https://opendatacommons.org/licenses/odbl/1-0/","dataAsOf":"2026-09-18T10:54:21Z","positionNote":"Mittelpunkt des OSM-Umgrenzungsrechtecks; kein Eingang"}},{"type":"Feature","id":"osm-way-985910913","geometry":{"type":"Point","coordinates":[6.8556117,50.9703176]},"properties":{"theme":"parks","name":"Park · OSM 985910913","place":"Köln","isDemo":false,"source":"© OpenStreetMap-Mitwirkende","sourceUrl":"https://www.openstreetmap.org/way/985910913","license":"ODbL 1.0","licenseUrl":"https://opendatacommons.org/licenses/odbl/1-0/","dataAsOf":"2026-09-18T10:54:21Z","positionNote":"Mittelpunkt des OSM-Umgrenzungsrechtecks; kein Eingang"}},{"type":"Feature","id":"osm-way-989350056","geometry":{"type":"Point","coordinates":[6.995421,50.9306243]},"properties":{"theme":"parks","name":"Park · OSM 989350056","place":"Köln","isDemo":false,"source":"© OpenStreetMap-Mitwirkende","sourceUrl":"https://www.openstreetmap.org/way/989350056","license":"ODbL 1.0","licenseUrl":"https://opendatacommons.org/licenses/odbl/1-0/","dataAsOf":"2026-09-18T10:54:21Z","positionNote":"Mittelpunkt des OSM-Umgrenzungsrechtecks; kein Eingang"}},{"type":"Feature","id":"osm-node-11954317204","geometry":{"type":"Point","coordinates":[6.945036,50.9144227]},"properties":{"theme":"play","name":"Spielplatz · OSM 11954317204","place":"Köln","isDemo":false,"source":"© OpenStreetMap-Mitwirkende","sourceUrl":"https://www.openstreetmap.org/node/11954317204","license":"ODbL 1.0","licenseUrl":"https://opendatacommons.org/licenses/odbl/1-0/","dataAsOf":"2026-09-18T10:54:21Z","positionNote":"OSM-Punktstandort"}},{"type":"Feature","id":"osm-node-12097509939","geometry":{"type":"Point","coordinates":[7.0499795,50.9407708]},"properties":{"theme":"play","name":"Spielplatz · OSM 12097509939","place":"Köln","isDemo":false,"source":"© OpenStreetMap-Mitwirkende","sourceUrl":"https://www.openstreetmap.org/node/12097509939","license":"ODbL 1.0","licenseUrl":"https://opendatacommons.org/licenses/odbl/1-0/","dataAsOf":"2026-09-18T10:54:21Z","positionNote":"OSM-Punktstandort"}},{"type":"Feature","id":"osm-node-12140104192","geometry":{"type":"Point","coordinates":[6.8993978,50.9501999]},"properties":{"theme":"play","name":"Spielplatz · OSM 12140104192","place":"Köln","isDemo":false,"source":"© OpenStreetMap-Mitwirkende","sourceUrl":"https://www.openstreetmap.org/node/12140104192","license":"ODbL 1.0","licenseUrl":"https://opendatacommons.org/licenses/odbl/1-0/","dataAsOf":"2026-09-18T10:54:21Z","positionNote":"OSM-Punktstandort"}},{"type":"Feature","id":"osm-node-12151813592","geometry":{"type":"Point","coordinates":[6.8993565,50.9315766]},"properties":{"theme":"play","name":"Spielplatz · OSM 12151813592","place":"Köln","isDemo":false,"source":"© OpenStreetMap-Mitwirkende","sourceUrl":"https://www.openstreetmap.org/node/12151813592","license":"ODbL 1.0","licenseUrl":"https://opendatacommons.org/licenses/odbl/1-0/","dataAsOf":"2026-09-18T10:54:21Z","positionNote":"OSM-Punktstandort"}},{"type":"Feature","id":"osm-node-12201957880","geometry":{"type":"Point","coordinates":[6.9904116,50.8863446]},"properties":{"theme":"play","name":"Spielplatz · OSM 12201957880","place":"Köln","isDemo":false,"source":"© OpenStreetMap-Mitwirkende","sourceUrl":"https://www.openstreetmap.org/node/12201957880","license":"ODbL 1.0","licenseUrl":"https://opendatacommons.org/licenses/odbl/1-0/","dataAsOf":"2026-09-18T10:54:21Z","positionNote":"OSM-Punktstandort"}},{"type":"Feature","id":"osm-node-12496042717","geometry":{"type":"Point","coordinates":[6.9936516,50.992231]},"properties":{"theme":"play","name":"Spielplatz · OSM 12496042717","place":"Köln","isDemo":false,"source":"© OpenStreetMap-Mitwirkende","sourceUrl":"https://www.openstreetmap.org/node/12496042717","license":"ODbL 1.0","licenseUrl":"https://opendatacommons.org/licenses/odbl/1-0/","dataAsOf":"2026-09-18T10:54:21Z","positionNote":"OSM-Punktstandort"}},{"type":"Feature","id":"osm-node-13235569985","geometry":{"type":"Point","coordinates":[6.9011928,50.950659]},"properties":{"theme":"play","name":"Spielplatz · OSM 13235569985","place":"Köln","isDemo":false,"source":"© OpenStreetMap-Mitwirkende","sourceUrl":"https://www.openstreetmap.org/node/13235569985","license":"ODbL 1.0","licenseUrl":"https://opendatacommons.org/licenses/odbl/1-0/","dataAsOf":"2026-09-18T10:54:21Z","positionNote":"OSM-Punktstandort"}},{"type":"Feature","id":"osm-node-13272577732","geometry":{"type":"Point","coordinates":[7.0527055,50.9747932]},"properties":{"theme":"play","name":"Spielplatz · OSM 13272577732","place":"Köln","isDemo":false,"source":"© OpenStreetMap-Mitwirkende","sourceUrl":"https://www.openstreetmap.org/node/13272577732","license":"ODbL 1.0","licenseUrl":"https://opendatacommons.org/licenses/odbl/1-0/","dataAsOf":"2026-09-18T10:54:21Z","positionNote":"OSM-Punktstandort"}},{"type":"Feature","id":"osm-node-13329443913","geometry":{"type":"Point","coordinates":[6.925109,50.9727107]},"properties":{"theme":"play","name":"Spielplatz · OSM 13329443913","place":"Köln","isDemo":false,"source":"© OpenStreetMap-Mitwirkende","sourceUrl":"https://www.openstreetmap.org/node/13329443913","license":"ODbL 1.0","licenseUrl":"https://opendatacommons.org/licenses/odbl/1-0/","dataAsOf":"2026-09-18T10:54:21Z","positionNote":"OSM-Punktstandort"}},{"type":"Feature","id":"osm-node-13442678120","geometry":{"type":"Point","coordinates":[6.8582211,50.9386663]},"properties":{"theme":"play","name":"Spielplatz · OSM 13442678120","place":"Köln","isDemo":false,"source":"© OpenStreetMap-Mitwirkende","sourceUrl":"https://www.openstreetmap.org/node/13442678120","license":"ODbL 1.0","licenseUrl":"https://opendatacommons.org/licenses/odbl/1-0/","dataAsOf":"2026-09-18T10:54:21Z","positionNote":"OSM-Punktstandort"}},{"type":"Feature","id":"osm-node-13442678121","geometry":{"type":"Point","coordinates":[6.8569795,50.9386858]},"properties":{"theme":"play","name":"Spielplatz · OSM 13442678121","place":"Köln","isDemo":false,"source":"© OpenStreetMap-Mitwirkende","sourceUrl":"https://www.openstreetmap.org/node/13442678121","license":"ODbL 1.0","licenseUrl":"https://opendatacommons.org/licenses/odbl/1-0/","dataAsOf":"2026-09-18T10:54:21Z","positionNote":"OSM-Punktstandort"}},{"type":"Feature","id":"osm-node-13442678122","geometry":{"type":"Point","coordinates":[6.8570649,50.9385521]},"properties":{"theme":"play","name":"Spielplatz · OSM 13442678122","place":"Köln","isDemo":false,"source":"© OpenStreetMap-Mitwirkende","sourceUrl":"https://www.openstreetmap.org/node/13442678122","license":"ODbL 1.0","licenseUrl":"https://opendatacommons.org/licenses/odbl/1-0/","dataAsOf":"2026-09-18T10:54:21Z","positionNote":"OSM-Punktstandort"}},{"type":"Feature","id":"osm-node-13442678123","geometry":{"type":"Point","coordinates":[6.8565835,50.9390717]},"properties":{"theme":"play","name":"Spielplatz · OSM 13442678123","place":"Köln","isDemo":false,"source":"© OpenStreetMap-Mitwirkende","sourceUrl":"https://www.openstreetmap.org/node/13442678123","license":"ODbL 1.0","licenseUrl":"https://opendatacommons.org/licenses/odbl/1-0/","dataAsOf":"2026-09-18T10:54:21Z","positionNote":"OSM-Punktstandort"}},{"type":"Feature","id":"osm-node-13442678124","geometry":{"type":"Point","coordinates":[6.8578707,50.9389799]},"properties":{"theme":"play","name":"Spielplatz · OSM 13442678124","place":"Köln","isDemo":false,"source":"© OpenStreetMap-Mitwirkende","sourceUrl":"https://www.openstreetmap.org/node/13442678124","license":"ODbL 1.0","licenseUrl":"https://opendatacommons.org/licenses/odbl/1-0/","dataAsOf":"2026-09-18T10:54:21Z","positionNote":"OSM-Punktstandort"}},{"type":"Feature","id":"osm-node-13448772836","geometry":{"type":"Point","coordinates":[6.9544509,50.9279206]},"properties":{"theme":"play","name":"Spielplatz · OSM 13448772836","place":"Köln","isDemo":false,"source":"© OpenStreetMap-Mitwirkende","sourceUrl":"https://www.openstreetmap.org/node/13448772836","license":"ODbL 1.0","licenseUrl":"https://opendatacommons.org/licenses/odbl/1-0/","dataAsOf":"2026-09-18T10:54:21Z","positionNote":"OSM-Punktstandort"}},{"type":"Feature","id":"osm-node-13448789325","geometry":{"type":"Point","coordinates":[6.9544181,50.9291504]},"properties":{"theme":"play","name":"Spielplatz · OSM 13448789325","place":"Köln","isDemo":false,"source":"© OpenStreetMap-Mitwirkende","sourceUrl":"https://www.openstreetmap.org/node/13448789325","license":"ODbL 1.0","licenseUrl":"https://opendatacommons.org/licenses/odbl/1-0/","dataAsOf":"2026-09-18T10:54:21Z","positionNote":"OSM-Punktstandort"}},{"type":"Feature","id":"osm-node-13753233894","geometry":{"type":"Point","coordinates":[6.8834357,50.9449108]},"properties":{"theme":"play","name":"Spielplatz · OSM 13753233894","place":"Köln","isDemo":false,"source":"© OpenStreetMap-Mitwirkende","sourceUrl":"https://www.openstreetmap.org/node/13753233894","license":"ODbL 1.0","licenseUrl":"https://opendatacommons.org/licenses/odbl/1-0/","dataAsOf":"2026-09-18T10:54:21Z","positionNote":"OSM-Punktstandort"}},{"type":"Feature","id":"osm-node-13814342679","geometry":{"type":"Point","coordinates":[7.1234737,50.8786241]},"properties":{"theme":"play","name":"Spielplatz · OSM 13814342679","place":"Köln","isDemo":false,"source":"© OpenStreetMap-Mitwirkende","sourceUrl":"https://www.openstreetmap.org/node/13814342679","license":"ODbL 1.0","licenseUrl":"https://opendatacommons.org/licenses/odbl/1-0/","dataAsOf":"2026-09-18T10:54:21Z","positionNote":"OSM-Punktstandort"}},{"type":"Feature","id":"osm-node-13958044019","geometry":{"type":"Point","coordinates":[7.0126867,50.9423865]},"properties":{"theme":"play","name":"Spielplatz · OSM 13958044019","place":"Köln","isDemo":false,"source":"© OpenStreetMap-Mitwirkende","sourceUrl":"https://www.openstreetmap.org/node/13958044019","license":"ODbL 1.0","licenseUrl":"https://opendatacommons.org/licenses/odbl/1-0/","dataAsOf":"2026-09-18T10:54:21Z","positionNote":"OSM-Punktstandort"}},{"type":"Feature","id":"osm-node-14032063869","geometry":{"type":"Point","coordinates":[7.0587333,50.9947592]},"properties":{"theme":"play","name":"Spielplatz · OSM 14032063869","place":"Köln","isDemo":false,"source":"© OpenStreetMap-Mitwirkende","sourceUrl":"https://www.openstreetmap.org/node/14032063869","license":"ODbL 1.0","licenseUrl":"https://opendatacommons.org/licenses/odbl/1-0/","dataAsOf":"2026-09-18T10:54:21Z","positionNote":"OSM-Punktstandort"}},{"type":"Feature","id":"osm-node-14163023547","geometry":{"type":"Point","coordinates":[7.0501964,50.9412865]},"properties":{"theme":"play","name":"Spielplatz · OSM 14163023547","place":"Köln","isDemo":false,"source":"© OpenStreetMap-Mitwirkende","sourceUrl":"https://www.openstreetmap.org/node/14163023547","license":"ODbL 1.0","licenseUrl":"https://opendatacommons.org/licenses/odbl/1-0/","dataAsOf":"2026-09-18T10:54:21Z","positionNote":"OSM-Punktstandort"}},{"type":"Feature","id":"osm-node-410726132","geometry":{"type":"Point","coordinates":[7.133027,50.9059439]},"properties":{"theme":"play","name":"Spielplatz · OSM 410726132","place":"Köln","isDemo":false,"source":"© OpenStreetMap-Mitwirkende","sourceUrl":"https://www.openstreetmap.org/node/410726132","license":"ODbL 1.0","licenseUrl":"https://opendatacommons.org/licenses/odbl/1-0/","dataAsOf":"2026-09-18T10:54:21Z","positionNote":"OSM-Punktstandort"}},{"type":"Feature","id":"osm-relation-19428027","geometry":{"type":"Point","coordinates":[6.9101687,50.9659956]},"properties":{"theme":"play","name":"Spielplatz · OSM 19428027","place":"Köln","isDemo":false,"source":"© OpenStreetMap-Mitwirkende","sourceUrl":"https://www.openstreetmap.org/relation/19428027","license":"ODbL 1.0","licenseUrl":"https://opendatacommons.org/licenses/odbl/1-0/","dataAsOf":"2026-09-18T10:54:21Z","positionNote":"Mittelpunkt des OSM-Umgrenzungsrechtecks; kein Eingang"}},{"type":"Feature","id":"osm-relation-3208177","geometry":{"type":"Point","coordinates":[6.9946738,50.9519022]},"properties":{"theme":"play","name":"Spielplatz · OSM 3208177","place":"Köln","isDemo":false,"source":"© OpenStreetMap-Mitwirkende","sourceUrl":"https://www.openstreetmap.org/relation/3208177","license":"ODbL 1.0","licenseUrl":"https://opendatacommons.org/licenses/odbl/1-0/","dataAsOf":"2026-09-18T10:54:21Z","positionNote":"Mittelpunkt des OSM-Umgrenzungsrechtecks; kein Eingang"}},{"type":"Feature","id":"osm-way-1000588944","geometry":{"type":"Point","coordinates":[6.9879711,50.9180691]},"properties":{"theme":"play","name":"Spielplatz · OSM 1000588944","place":"Köln","isDemo":false,"source":"© OpenStreetMap-Mitwirkende","sourceUrl":"https://www.openstreetmap.org/way/1000588944","license":"ODbL 1.0","licenseUrl":"https://opendatacommons.org/licenses/odbl/1-0/","dataAsOf":"2026-09-18T10:54:21Z","positionNote":"Mittelpunkt des OSM-Umgrenzungsrechtecks; kein Eingang"}},{"type":"Feature","id":"osm-way-1000617611","geometry":{"type":"Point","coordinates":[6.894216,50.9392685]},"properties":{"theme":"play","name":"Spielplatz · OSM 1000617611","place":"Köln","isDemo":false,"source":"© OpenStreetMap-Mitwirkende","sourceUrl":"https://www.openstreetmap.org/way/1000617611","license":"ODbL 1.0","licenseUrl":"https://opendatacommons.org/licenses/odbl/1-0/","dataAsOf":"2026-09-18T10:54:21Z","positionNote":"Mittelpunkt des OSM-Umgrenzungsrechtecks; kein Eingang"}},{"type":"Feature","id":"osm-way-1000617612","geometry":{"type":"Point","coordinates":[6.8941086,50.9388285]},"properties":{"theme":"play","name":"Spielplatz · OSM 1000617612","place":"Köln","isDemo":false,"source":"© OpenStreetMap-Mitwirkende","sourceUrl":"https://www.openstreetmap.org/way/1000617612","license":"ODbL 1.0","licenseUrl":"https://opendatacommons.org/licenses/odbl/1-0/","dataAsOf":"2026-09-18T10:54:21Z","positionNote":"Mittelpunkt des OSM-Umgrenzungsrechtecks; kein Eingang"}},{"type":"Feature","id":"osm-way-1001570449","geometry":{"type":"Point","coordinates":[6.9168781,50.9154897]},"properties":{"theme":"play","name":"Spielplatz · OSM 1001570449","place":"Köln","isDemo":false,"source":"© OpenStreetMap-Mitwirkende","sourceUrl":"https://www.openstreetmap.org/way/1001570449","license":"ODbL 1.0","licenseUrl":"https://opendatacommons.org/licenses/odbl/1-0/","dataAsOf":"2026-09-18T10:54:21Z","positionNote":"Mittelpunkt des OSM-Umgrenzungsrechtecks; kein Eingang"}},{"type":"Feature","id":"osm-way-1002273398","geometry":{"type":"Point","coordinates":[6.9208843,50.9444643]},"properties":{"theme":"play","name":"Spielplatz · OSM 1002273398","place":"Köln","isDemo":false,"source":"© OpenStreetMap-Mitwirkende","sourceUrl":"https://www.openstreetmap.org/way/1002273398","license":"ODbL 1.0","licenseUrl":"https://opendatacommons.org/licenses/odbl/1-0/","dataAsOf":"2026-09-18T10:54:21Z","positionNote":"Mittelpunkt des OSM-Umgrenzungsrechtecks; kein Eingang"}},{"type":"Feature","id":"osm-way-1003130967","geometry":{"type":"Point","coordinates":[6.9966529,50.9412622]},"properties":{"theme":"play","name":"Spielplatz · OSM 1003130967","place":"Köln","isDemo":false,"source":"© OpenStreetMap-Mitwirkende","sourceUrl":"https://www.openstreetmap.org/way/1003130967","license":"ODbL 1.0","licenseUrl":"https://opendatacommons.org/licenses/odbl/1-0/","dataAsOf":"2026-09-18T10:54:21Z","positionNote":"Mittelpunkt des OSM-Umgrenzungsrechtecks; kein Eingang"}},{"type":"Feature","id":"osm-way-1003130968","geometry":{"type":"Point","coordinates":[6.9956356,50.9411229]},"properties":{"theme":"play","name":"Spielplatz · OSM 1003130968","place":"Köln","isDemo":false,"source":"© OpenStreetMap-Mitwirkende","sourceUrl":"https://www.openstreetmap.org/way/1003130968","license":"ODbL 1.0","licenseUrl":"https://opendatacommons.org/licenses/odbl/1-0/","dataAsOf":"2026-09-18T10:54:21Z","positionNote":"Mittelpunkt des OSM-Umgrenzungsrechtecks; kein Eingang"}},{"type":"Feature","id":"osm-way-1003130969","geometry":{"type":"Point","coordinates":[6.9957219,50.9409257]},"properties":{"theme":"play","name":"Spielplatz · OSM 1003130969","place":"Köln","isDemo":false,"source":"© OpenStreetMap-Mitwirkende","sourceUrl":"https://www.openstreetmap.org/way/1003130969","license":"ODbL 1.0","licenseUrl":"https://opendatacommons.org/licenses/odbl/1-0/","dataAsOf":"2026-09-18T10:54:21Z","positionNote":"Mittelpunkt des OSM-Umgrenzungsrechtecks; kein Eingang"}},{"type":"Feature","id":"osm-way-1003163371","geometry":{"type":"Point","coordinates":[6.9977049,50.9415367]},"properties":{"theme":"play","name":"Spielplatz · OSM 1003163371","place":"Köln","isDemo":false,"source":"© OpenStreetMap-Mitwirkende","sourceUrl":"https://www.openstreetmap.org/way/1003163371","license":"ODbL 1.0","licenseUrl":"https://opendatacommons.org/licenses/odbl/1-0/","dataAsOf":"2026-09-18T10:54:21Z","positionNote":"Mittelpunkt des OSM-Umgrenzungsrechtecks; kein Eingang"}},{"type":"Feature","id":"osm-way-1003163372","geometry":{"type":"Point","coordinates":[6.9976467,50.9421246]},"properties":{"theme":"play","name":"Spielplatz · OSM 1003163372","place":"Köln","isDemo":false,"source":"© OpenStreetMap-Mitwirkende","sourceUrl":"https://www.openstreetmap.org/way/1003163372","license":"ODbL 1.0","licenseUrl":"https://opendatacommons.org/licenses/odbl/1-0/","dataAsOf":"2026-09-18T10:54:21Z","positionNote":"Mittelpunkt des OSM-Umgrenzungsrechtecks; kein Eingang"}},{"type":"Feature","id":"osm-way-1003272832","geometry":{"type":"Point","coordinates":[7.003109,50.9548539]},"properties":{"theme":"play","name":"Spielplatz · OSM 1003272832","place":"Köln","isDemo":false,"source":"© OpenStreetMap-Mitwirkende","sourceUrl":"https://www.openstreetmap.org/way/1003272832","license":"ODbL 1.0","licenseUrl":"https://opendatacommons.org/licenses/odbl/1-0/","dataAsOf":"2026-09-18T10:54:21Z","positionNote":"Mittelpunkt des OSM-Umgrenzungsrechtecks; kein Eingang"}},{"type":"Feature","id":"osm-way-1003272833","geometry":{"type":"Point","coordinates":[7.0034922,50.9545749]},"properties":{"theme":"play","name":"Spielplatz · OSM 1003272833","place":"Köln","isDemo":false,"source":"© OpenStreetMap-Mitwirkende","sourceUrl":"https://www.openstreetmap.org/way/1003272833","license":"ODbL 1.0","licenseUrl":"https://opendatacommons.org/licenses/odbl/1-0/","dataAsOf":"2026-09-18T10:54:21Z","positionNote":"Mittelpunkt des OSM-Umgrenzungsrechtecks; kein Eingang"}},{"type":"Feature","id":"osm-way-1003272834","geometry":{"type":"Point","coordinates":[7.0027687,50.9551091]},"properties":{"theme":"play","name":"Spielplatz · OSM 1003272834","place":"Köln","isDemo":false,"source":"© OpenStreetMap-Mitwirkende","sourceUrl":"https://www.openstreetmap.org/way/1003272834","license":"ODbL 1.0","licenseUrl":"https://opendatacommons.org/licenses/odbl/1-0/","dataAsOf":"2026-09-18T10:54:21Z","positionNote":"Mittelpunkt des OSM-Umgrenzungsrechtecks; kein Eingang"}},{"type":"Feature","id":"osm-way-1003272835","geometry":{"type":"Point","coordinates":[7.0021031,50.9551396]},"properties":{"theme":"play","name":"Spielplatz · OSM 1003272835","place":"Köln","isDemo":false,"source":"© OpenStreetMap-Mitwirkende","sourceUrl":"https://www.openstreetmap.org/way/1003272835","license":"ODbL 1.0","licenseUrl":"https://opendatacommons.org/licenses/odbl/1-0/","dataAsOf":"2026-09-18T10:54:21Z","positionNote":"Mittelpunkt des OSM-Umgrenzungsrechtecks; kein Eingang"}},{"type":"Feature","id":"osm-way-1004142541","geometry":{"type":"Point","coordinates":[6.9153708,50.9533425]},"properties":{"theme":"play","name":"Spielplatz · OSM 1004142541","place":"Köln","isDemo":false,"source":"© OpenStreetMap-Mitwirkende","sourceUrl":"https://www.openstreetmap.org/way/1004142541","license":"ODbL 1.0","licenseUrl":"https://opendatacommons.org/licenses/odbl/1-0/","dataAsOf":"2026-09-18T10:54:21Z","positionNote":"Mittelpunkt des OSM-Umgrenzungsrechtecks; kein Eingang"}},{"type":"Feature","id":"osm-way-1004161206","geometry":{"type":"Point","coordinates":[6.8641383,50.9275436]},"properties":{"theme":"play","name":"Spielplatz · OSM 1004161206","place":"Köln","isDemo":false,"source":"© OpenStreetMap-Mitwirkende","sourceUrl":"https://www.openstreetmap.org/way/1004161206","license":"ODbL 1.0","licenseUrl":"https://opendatacommons.org/licenses/odbl/1-0/","dataAsOf":"2026-09-18T10:54:21Z","positionNote":"Mittelpunkt des OSM-Umgrenzungsrechtecks; kein Eingang"}},{"type":"Feature","id":"osm-way-1004161207","geometry":{"type":"Point","coordinates":[6.865196,50.9262758]},"properties":{"theme":"play","name":"Spielplatz · OSM 1004161207","place":"Köln","isDemo":false,"source":"© OpenStreetMap-Mitwirkende","sourceUrl":"https://www.openstreetmap.org/way/1004161207","license":"ODbL 1.0","licenseUrl":"https://opendatacommons.org/licenses/odbl/1-0/","dataAsOf":"2026-09-18T10:54:21Z","positionNote":"Mittelpunkt des OSM-Umgrenzungsrechtecks; kein Eingang"}},{"type":"Feature","id":"osm-way-1004587577","geometry":{"type":"Point","coordinates":[7.023217,50.9444888]},"properties":{"theme":"play","name":"Spielplatz · OSM 1004587577","place":"Köln","isDemo":false,"source":"© OpenStreetMap-Mitwirkende","sourceUrl":"https://www.openstreetmap.org/way/1004587577","license":"ODbL 1.0","licenseUrl":"https://opendatacommons.org/licenses/odbl/1-0/","dataAsOf":"2026-09-18T10:54:21Z","positionNote":"Mittelpunkt des OSM-Umgrenzungsrechtecks; kein Eingang"}},{"type":"Feature","id":"osm-way-1007493371","geometry":{"type":"Point","coordinates":[7.0587525,50.8758077]},"properties":{"theme":"play","name":"Spielplatz · OSM 1007493371","place":"Köln","isDemo":false,"source":"© OpenStreetMap-Mitwirkende","sourceUrl":"https://www.openstreetmap.org/way/1007493371","license":"ODbL 1.0","licenseUrl":"https://opendatacommons.org/licenses/odbl/1-0/","dataAsOf":"2026-09-18T10:54:21Z","positionNote":"Mittelpunkt des OSM-Umgrenzungsrechtecks; kein Eingang"}},{"type":"Feature","id":"osm-way-1007493372","geometry":{"type":"Point","coordinates":[7.0592285,50.8746371]},"properties":{"theme":"play","name":"Spielplatz · OSM 1007493372","place":"Köln","isDemo":false,"source":"© OpenStreetMap-Mitwirkende","sourceUrl":"https://www.openstreetmap.org/way/1007493372","license":"ODbL 1.0","licenseUrl":"https://opendatacommons.org/licenses/odbl/1-0/","dataAsOf":"2026-09-18T10:54:21Z","positionNote":"Mittelpunkt des OSM-Umgrenzungsrechtecks; kein Eingang"}},{"type":"Feature","id":"osm-way-1007493373","geometry":{"type":"Point","coordinates":[7.0583862,50.8749707]},"properties":{"theme":"play","name":"Spielplatz · OSM 1007493373","place":"Köln","isDemo":false,"source":"© OpenStreetMap-Mitwirkende","sourceUrl":"https://www.openstreetmap.org/way/1007493373","license":"ODbL 1.0","licenseUrl":"https://opendatacommons.org/licenses/odbl/1-0/","dataAsOf":"2026-09-18T10:54:21Z","positionNote":"Mittelpunkt des OSM-Umgrenzungsrechtecks; kein Eingang"}},{"type":"Feature","id":"osm-way-1007494685","geometry":{"type":"Point","coordinates":[7.0569976,50.8756924]},"properties":{"theme":"play","name":"Spielplatz · OSM 1007494685","place":"Köln","isDemo":false,"source":"© OpenStreetMap-Mitwirkende","sourceUrl":"https://www.openstreetmap.org/way/1007494685","license":"ODbL 1.0","licenseUrl":"https://opendatacommons.org/licenses/odbl/1-0/","dataAsOf":"2026-09-18T10:54:21Z","positionNote":"Mittelpunkt des OSM-Umgrenzungsrechtecks; kein Eingang"}},{"type":"Feature","id":"osm-way-1008222233","geometry":{"type":"Point","coordinates":[7.0103173,50.8770147]},"properties":{"theme":"play","name":"Spielplatz · OSM 1008222233","place":"Köln","isDemo":false,"source":"© OpenStreetMap-Mitwirkende","sourceUrl":"https://www.openstreetmap.org/way/1008222233","license":"ODbL 1.0","licenseUrl":"https://opendatacommons.org/licenses/odbl/1-0/","dataAsOf":"2026-09-18T10:54:21Z","positionNote":"Mittelpunkt des OSM-Umgrenzungsrechtecks; kein Eingang"}},{"type":"Feature","id":"osm-way-1008708265","geometry":{"type":"Point","coordinates":[7.0331169,50.9247658]},"properties":{"theme":"play","name":"Spielplatz · OSM 1008708265","place":"Köln","isDemo":false,"source":"© OpenStreetMap-Mitwirkende","sourceUrl":"https://www.openstreetmap.org/way/1008708265","license":"ODbL 1.0","licenseUrl":"https://opendatacommons.org/licenses/odbl/1-0/","dataAsOf":"2026-09-18T10:54:21Z","positionNote":"Mittelpunkt des OSM-Umgrenzungsrechtecks; kein Eingang"}},{"type":"Feature","id":"osm-way-1008750851","geometry":{"type":"Point","coordinates":[7.0364695,50.9266267]},"properties":{"theme":"play","name":"Spielplatz · OSM 1008750851","place":"Köln","isDemo":false,"source":"© OpenStreetMap-Mitwirkende","sourceUrl":"https://www.openstreetmap.org/way/1008750851","license":"ODbL 1.0","licenseUrl":"https://opendatacommons.org/licenses/odbl/1-0/","dataAsOf":"2026-09-18T10:54:21Z","positionNote":"Mittelpunkt des OSM-Umgrenzungsrechtecks; kein Eingang"}},{"type":"Feature","id":"osm-way-1009617863","geometry":{"type":"Point","coordinates":[7.0159529,50.8716485]},"properties":{"theme":"play","name":"Spielplatz · OSM 1009617863","place":"Köln","isDemo":false,"source":"© OpenStreetMap-Mitwirkende","sourceUrl":"https://www.openstreetmap.org/way/1009617863","license":"ODbL 1.0","licenseUrl":"https://opendatacommons.org/licenses/odbl/1-0/","dataAsOf":"2026-09-18T10:54:21Z","positionNote":"Mittelpunkt des OSM-Umgrenzungsrechtecks; kein Eingang"}},{"type":"Feature","id":"osm-way-1009617864","geometry":{"type":"Point","coordinates":[7.0151195,50.8712727]},"properties":{"theme":"play","name":"Spielplatz · OSM 1009617864","place":"Köln","isDemo":false,"source":"© OpenStreetMap-Mitwirkende","sourceUrl":"https://www.openstreetmap.org/way/1009617864","license":"ODbL 1.0","licenseUrl":"https://opendatacommons.org/licenses/odbl/1-0/","dataAsOf":"2026-09-18T10:54:21Z","positionNote":"Mittelpunkt des OSM-Umgrenzungsrechtecks; kein Eingang"}},{"type":"Feature","id":"osm-way-101072087","geometry":{"type":"Point","coordinates":[7.0239256,50.9408353]},"properties":{"theme":"play","name":"Spielplatz · OSM 101072087","place":"Köln","isDemo":false,"source":"© OpenStreetMap-Mitwirkende","sourceUrl":"https://www.openstreetmap.org/way/101072087","license":"ODbL 1.0","licenseUrl":"https://opendatacommons.org/licenses/odbl/1-0/","dataAsOf":"2026-09-18T10:54:21Z","positionNote":"Mittelpunkt des OSM-Umgrenzungsrechtecks; kein Eingang"}},{"type":"Feature","id":"osm-way-1013392530","geometry":{"type":"Point","coordinates":[6.9503484,50.9698792]},"properties":{"theme":"play","name":"Spielplatz · OSM 1013392530","place":"Köln","isDemo":false,"source":"© OpenStreetMap-Mitwirkende","sourceUrl":"https://www.openstreetmap.org/way/1013392530","license":"ODbL 1.0","licenseUrl":"https://opendatacommons.org/licenses/odbl/1-0/","dataAsOf":"2026-09-18T10:54:21Z","positionNote":"Mittelpunkt des OSM-Umgrenzungsrechtecks; kein Eingang"}},{"type":"Feature","id":"osm-way-1017984841","geometry":{"type":"Point","coordinates":[6.9015222,50.9565843]},"properties":{"theme":"play","name":"Spielplatz · OSM 1017984841","place":"Köln","isDemo":false,"source":"© OpenStreetMap-Mitwirkende","sourceUrl":"https://www.openstreetmap.org/way/1017984841","license":"ODbL 1.0","licenseUrl":"https://opendatacommons.org/licenses/odbl/1-0/","dataAsOf":"2026-09-18T10:54:21Z","positionNote":"Mittelpunkt des OSM-Umgrenzungsrechtecks; kein Eingang"}},{"type":"Feature","id":"osm-way-1018658218","geometry":{"type":"Point","coordinates":[7.0380904,50.9724241]},"properties":{"theme":"play","name":"Spielplatz · OSM 1018658218","place":"Köln","isDemo":false,"source":"© OpenStreetMap-Mitwirkende","sourceUrl":"https://www.openstreetmap.org/way/1018658218","license":"ODbL 1.0","licenseUrl":"https://opendatacommons.org/licenses/odbl/1-0/","dataAsOf":"2026-09-18T10:54:21Z","positionNote":"Mittelpunkt des OSM-Umgrenzungsrechtecks; kein Eingang"}},{"type":"Feature","id":"osm-way-10212523","geometry":{"type":"Point","coordinates":[6.9477713,50.9298567]},"properties":{"theme":"play","name":"Spielplatz · OSM 10212523","place":"Köln","isDemo":false,"source":"© OpenStreetMap-Mitwirkende","sourceUrl":"https://www.openstreetmap.org/way/10212523","license":"ODbL 1.0","licenseUrl":"https://opendatacommons.org/licenses/odbl/1-0/","dataAsOf":"2026-09-18T10:54:21Z","positionNote":"Mittelpunkt des OSM-Umgrenzungsrechtecks; kein Eingang"}},{"type":"Feature","id":"osm-way-1023031143","geometry":{"type":"Point","coordinates":[6.9789979,50.9993228]},"properties":{"theme":"play","name":"Spielplatz · OSM 1023031143","place":"Köln","isDemo":false,"source":"© OpenStreetMap-Mitwirkende","sourceUrl":"https://www.openstreetmap.org/way/1023031143","license":"ODbL 1.0","licenseUrl":"https://opendatacommons.org/licenses/odbl/1-0/","dataAsOf":"2026-09-18T10:54:21Z","positionNote":"Mittelpunkt des OSM-Umgrenzungsrechtecks; kein Eingang"}},{"type":"Feature","id":"osm-way-1026364904","geometry":{"type":"Point","coordinates":[6.9598637,50.9655891]},"properties":{"theme":"play","name":"Spielplatz · OSM 1026364904","place":"Köln","isDemo":false,"source":"© OpenStreetMap-Mitwirkende","sourceUrl":"https://www.openstreetmap.org/way/1026364904","license":"ODbL 1.0","licenseUrl":"https://opendatacommons.org/licenses/odbl/1-0/","dataAsOf":"2026-09-18T10:54:21Z","positionNote":"Mittelpunkt des OSM-Umgrenzungsrechtecks; kein Eingang"}},{"type":"Feature","id":"osm-way-1029386343","geometry":{"type":"Point","coordinates":[7.0580917,50.8765223]},"properties":{"theme":"play","name":"Spielplatz · OSM 1029386343","place":"Köln","isDemo":false,"source":"© OpenStreetMap-Mitwirkende","sourceUrl":"https://www.openstreetmap.org/way/1029386343","license":"ODbL 1.0","licenseUrl":"https://opendatacommons.org/licenses/odbl/1-0/","dataAsOf":"2026-09-18T10:54:21Z","positionNote":"Mittelpunkt des OSM-Umgrenzungsrechtecks; kein Eingang"}},{"type":"Feature","id":"osm-way-1036023964","geometry":{"type":"Point","coordinates":[6.949445,50.9559061]},"properties":{"theme":"play","name":"Spielplatz · OSM 1036023964","place":"Köln","isDemo":false,"source":"© OpenStreetMap-Mitwirkende","sourceUrl":"https://www.openstreetmap.org/way/1036023964","license":"ODbL 1.0","licenseUrl":"https://opendatacommons.org/licenses/odbl/1-0/","dataAsOf":"2026-09-18T10:54:21Z","positionNote":"Mittelpunkt des OSM-Umgrenzungsrechtecks; kein Eingang"}},{"type":"Feature","id":"osm-way-1036868147","geometry":{"type":"Point","coordinates":[6.9454725,50.96426]},"properties":{"theme":"play","name":"Spielplatz · OSM 1036868147","place":"Köln","isDemo":false,"source":"© OpenStreetMap-Mitwirkende","sourceUrl":"https://www.openstreetmap.org/way/1036868147","license":"ODbL 1.0","licenseUrl":"https://opendatacommons.org/licenses/odbl/1-0/","dataAsOf":"2026-09-18T10:54:21Z","positionNote":"Mittelpunkt des OSM-Umgrenzungsrechtecks; kein Eingang"}},{"type":"Feature","id":"osm-way-1036868148","geometry":{"type":"Point","coordinates":[6.9459652,50.96517]},"properties":{"theme":"play","name":"Spielplatz · OSM 1036868148","place":"Köln","isDemo":false,"source":"© OpenStreetMap-Mitwirkende","sourceUrl":"https://www.openstreetmap.org/way/1036868148","license":"ODbL 1.0","licenseUrl":"https://opendatacommons.org/licenses/odbl/1-0/","dataAsOf":"2026-09-18T10:54:21Z","positionNote":"Mittelpunkt des OSM-Umgrenzungsrechtecks; kein Eingang"}},{"type":"Feature","id":"osm-way-1038838925","geometry":{"type":"Point","coordinates":[6.9715729,50.9092039]},"properties":{"theme":"play","name":"Spielplatz · OSM 1038838925","place":"Köln","isDemo":false,"source":"© OpenStreetMap-Mitwirkende","sourceUrl":"https://www.openstreetmap.org/way/1038838925","license":"ODbL 1.0","licenseUrl":"https://opendatacommons.org/licenses/odbl/1-0/","dataAsOf":"2026-09-18T10:54:21Z","positionNote":"Mittelpunkt des OSM-Umgrenzungsrechtecks; kein Eingang"}},{"type":"Feature","id":"osm-way-1039411729","geometry":{"type":"Point","coordinates":[6.8920672,50.96214]},"properties":{"theme":"play","name":"Spielplatz · OSM 1039411729","place":"Köln","isDemo":false,"source":"© OpenStreetMap-Mitwirkende","sourceUrl":"https://www.openstreetmap.org/way/1039411729","license":"ODbL 1.0","licenseUrl":"https://opendatacommons.org/licenses/odbl/1-0/","dataAsOf":"2026-09-18T10:54:21Z","positionNote":"Mittelpunkt des OSM-Umgrenzungsrechtecks; kein Eingang"}},{"type":"Feature","id":"osm-way-1039459406","geometry":{"type":"Point","coordinates":[6.8873375,50.9475532]},"properties":{"theme":"play","name":"Spielplatz · OSM 1039459406","place":"Köln","isDemo":false,"source":"© OpenStreetMap-Mitwirkende","sourceUrl":"https://www.openstreetmap.org/way/1039459406","license":"ODbL 1.0","licenseUrl":"https://opendatacommons.org/licenses/odbl/1-0/","dataAsOf":"2026-09-18T10:54:21Z","positionNote":"Mittelpunkt des OSM-Umgrenzungsrechtecks; kein Eingang"}},{"type":"Feature","id":"osm-way-1040326659","geometry":{"type":"Point","coordinates":[6.9778912,50.971098]},"properties":{"theme":"play","name":"Spielplatz · OSM 1040326659","place":"Köln","isDemo":false,"source":"© OpenStreetMap-Mitwirkende","sourceUrl":"https://www.openstreetmap.org/way/1040326659","license":"ODbL 1.0","licenseUrl":"https://opendatacommons.org/licenses/odbl/1-0/","dataAsOf":"2026-09-18T10:54:21Z","positionNote":"Mittelpunkt des OSM-Umgrenzungsrechtecks; kein Eingang"}},{"type":"Feature","id":"osm-way-1043581609","geometry":{"type":"Point","coordinates":[6.9132398,50.9622222]},"properties":{"theme":"play","name":"Spielplatz · OSM 1043581609","place":"Köln","isDemo":false,"source":"© OpenStreetMap-Mitwirkende","sourceUrl":"https://www.openstreetmap.org/way/1043581609","license":"ODbL 1.0","licenseUrl":"https://opendatacommons.org/licenses/odbl/1-0/","dataAsOf":"2026-09-18T10:54:21Z","positionNote":"Mittelpunkt des OSM-Umgrenzungsrechtecks; kein Eingang"}},{"type":"Feature","id":"osm-way-1050634452","geometry":{"type":"Point","coordinates":[6.9314459,50.8573161]},"properties":{"theme":"play","name":"Spielplatz · OSM 1050634452","place":"Köln","isDemo":false,"source":"© OpenStreetMap-Mitwirkende","sourceUrl":"https://www.openstreetmap.org/way/1050634452","license":"ODbL 1.0","licenseUrl":"https://opendatacommons.org/licenses/odbl/1-0/","dataAsOf":"2026-09-18T10:54:21Z","positionNote":"Mittelpunkt des OSM-Umgrenzungsrechtecks; kein Eingang"}},{"type":"Feature","id":"osm-way-1051157523","geometry":{"type":"Point","coordinates":[6.8882735,51.0054875]},"properties":{"theme":"play","name":"Spielplatz · OSM 1051157523","place":"Köln","isDemo":false,"source":"© OpenStreetMap-Mitwirkende","sourceUrl":"https://www.openstreetmap.org/way/1051157523","license":"ODbL 1.0","licenseUrl":"https://opendatacommons.org/licenses/odbl/1-0/","dataAsOf":"2026-09-18T10:54:21Z","positionNote":"Mittelpunkt des OSM-Umgrenzungsrechtecks; kein Eingang"}},{"type":"Feature","id":"osm-way-1051298812","geometry":{"type":"Point","coordinates":[6.9238332,50.9730818]},"properties":{"theme":"play","name":"Spielplatz · OSM 1051298812","place":"Köln","isDemo":false,"source":"© OpenStreetMap-Mitwirkende","sourceUrl":"https://www.openstreetmap.org/way/1051298812","license":"ODbL 1.0","licenseUrl":"https://opendatacommons.org/licenses/odbl/1-0/","dataAsOf":"2026-09-18T10:54:21Z","positionNote":"Mittelpunkt des OSM-Umgrenzungsrechtecks; kein Eingang"}},{"type":"Feature","id":"osm-way-1051307850","geometry":{"type":"Point","coordinates":[6.9102071,50.9461921]},"properties":{"theme":"play","name":"Spielplatz · OSM 1051307850","place":"Köln","isDemo":false,"source":"© OpenStreetMap-Mitwirkende","sourceUrl":"https://www.openstreetmap.org/way/1051307850","license":"ODbL 1.0","licenseUrl":"https://opendatacommons.org/licenses/odbl/1-0/","dataAsOf":"2026-09-18T10:54:21Z","positionNote":"Mittelpunkt des OSM-Umgrenzungsrechtecks; kein Eingang"}},{"type":"Feature","id":"osm-way-1051307852","geometry":{"type":"Point","coordinates":[6.9104679,50.9467793]},"properties":{"theme":"play","name":"Spielplatz · OSM 1051307852","place":"Köln","isDemo":false,"source":"© OpenStreetMap-Mitwirkende","sourceUrl":"https://www.openstreetmap.org/way/1051307852","license":"ODbL 1.0","licenseUrl":"https://opendatacommons.org/licenses/odbl/1-0/","dataAsOf":"2026-09-18T10:54:21Z","positionNote":"Mittelpunkt des OSM-Umgrenzungsrechtecks; kein Eingang"}},{"type":"Feature","id":"osm-way-1051307853","geometry":{"type":"Point","coordinates":[6.9113123,50.9476487]},"properties":{"theme":"play","name":"Spielplatz · OSM 1051307853","place":"Köln","isDemo":false,"source":"© OpenStreetMap-Mitwirkende","sourceUrl":"https://www.openstreetmap.org/way/1051307853","license":"ODbL 1.0","licenseUrl":"https://opendatacommons.org/licenses/odbl/1-0/","dataAsOf":"2026-09-18T10:54:21Z","positionNote":"Mittelpunkt des OSM-Umgrenzungsrechtecks; kein Eingang"}},{"type":"Feature","id":"osm-way-105276749","geometry":{"type":"Point","coordinates":[7.0188947,50.9286448]},"properties":{"theme":"play","name":"Spielplatz · OSM 105276749","place":"Köln","isDemo":false,"source":"© OpenStreetMap-Mitwirkende","sourceUrl":"https://www.openstreetmap.org/way/105276749","license":"ODbL 1.0","licenseUrl":"https://opendatacommons.org/licenses/odbl/1-0/","dataAsOf":"2026-09-18T10:54:21Z","positionNote":"Mittelpunkt des OSM-Umgrenzungsrechtecks; kein Eingang"}},{"type":"Feature","id":"osm-way-1053460134","geometry":{"type":"Point","coordinates":[6.8943133,51.0307432]},"properties":{"theme":"play","name":"Spielplatz · OSM 1053460134","place":"Köln","isDemo":false,"source":"© OpenStreetMap-Mitwirkende","sourceUrl":"https://www.openstreetmap.org/way/1053460134","license":"ODbL 1.0","licenseUrl":"https://opendatacommons.org/licenses/odbl/1-0/","dataAsOf":"2026-09-18T10:54:21Z","positionNote":"Mittelpunkt des OSM-Umgrenzungsrechtecks; kein Eingang"}},{"type":"Feature","id":"osm-way-1055473381","geometry":{"type":"Point","coordinates":[7.0807243,50.885553]},"properties":{"theme":"play","name":"Spielplatz · OSM 1055473381","place":"Köln","isDemo":false,"source":"© OpenStreetMap-Mitwirkende","sourceUrl":"https://www.openstreetmap.org/way/1055473381","license":"ODbL 1.0","licenseUrl":"https://opendatacommons.org/licenses/odbl/1-0/","dataAsOf":"2026-09-18T10:54:21Z","positionNote":"Mittelpunkt des OSM-Umgrenzungsrechtecks; kein Eingang"}},{"type":"Feature","id":"osm-way-105640886","geometry":{"type":"Point","coordinates":[7.0562496,50.9423618]},"properties":{"theme":"play","name":"Spielplatz · OSM 105640886","place":"Köln","isDemo":false,"source":"© OpenStreetMap-Mitwirkende","sourceUrl":"https://www.openstreetmap.org/way/105640886","license":"ODbL 1.0","licenseUrl":"https://opendatacommons.org/licenses/odbl/1-0/","dataAsOf":"2026-09-18T10:54:21Z","positionNote":"Mittelpunkt des OSM-Umgrenzungsrechtecks; kein Eingang"}},{"type":"Feature","id":"osm-way-1056729384","geometry":{"type":"Point","coordinates":[7.0693198,50.8866104]},"properties":{"theme":"play","name":"Spielplatz · OSM 1056729384","place":"Köln","isDemo":false,"source":"© OpenStreetMap-Mitwirkende","sourceUrl":"https://www.openstreetmap.org/way/1056729384","license":"ODbL 1.0","licenseUrl":"https://opendatacommons.org/licenses/odbl/1-0/","dataAsOf":"2026-09-18T10:54:21Z","positionNote":"Mittelpunkt des OSM-Umgrenzungsrechtecks; kein Eingang"}},{"type":"Feature","id":"osm-way-1056732595","geometry":{"type":"Point","coordinates":[7.068203,50.8948983]},"properties":{"theme":"play","name":"Spielplatz · OSM 1056732595","place":"Köln","isDemo":false,"source":"© OpenStreetMap-Mitwirkende","sourceUrl":"https://www.openstreetmap.org/way/1056732595","license":"ODbL 1.0","licenseUrl":"https://opendatacommons.org/licenses/odbl/1-0/","dataAsOf":"2026-09-18T10:54:21Z","positionNote":"Mittelpunkt des OSM-Umgrenzungsrechtecks; kein Eingang"}},{"type":"Feature","id":"osm-way-1064207812","geometry":{"type":"Point","coordinates":[7.0233683,50.9416258]},"properties":{"theme":"play","name":"Spielplatz · OSM 1064207812","place":"Köln","isDemo":false,"source":"© OpenStreetMap-Mitwirkende","sourceUrl":"https://www.openstreetmap.org/way/1064207812","license":"ODbL 1.0","licenseUrl":"https://opendatacommons.org/licenses/odbl/1-0/","dataAsOf":"2026-09-18T10:54:21Z","positionNote":"Mittelpunkt des OSM-Umgrenzungsrechtecks; kein Eingang"}},{"type":"Feature","id":"osm-way-1068914844","geometry":{"type":"Point","coordinates":[6.8933629,51.0218356]},"properties":{"theme":"play","name":"Spielplatz · OSM 1068914844","place":"Köln","isDemo":false,"source":"© OpenStreetMap-Mitwirkende","sourceUrl":"https://www.openstreetmap.org/way/1068914844","license":"ODbL 1.0","licenseUrl":"https://opendatacommons.org/licenses/odbl/1-0/","dataAsOf":"2026-09-18T10:54:21Z","positionNote":"Mittelpunkt des OSM-Umgrenzungsrechtecks; kein Eingang"}},{"type":"Feature","id":"osm-way-1070082830","geometry":{"type":"Point","coordinates":[7.0528658,50.8770533]},"properties":{"theme":"play","name":"Spielplatz · OSM 1070082830","place":"Köln","isDemo":false,"source":"© OpenStreetMap-Mitwirkende","sourceUrl":"https://www.openstreetmap.org/way/1070082830","license":"ODbL 1.0","licenseUrl":"https://opendatacommons.org/licenses/odbl/1-0/","dataAsOf":"2026-09-18T10:54:21Z","positionNote":"Mittelpunkt des OSM-Umgrenzungsrechtecks; kein Eingang"}},{"type":"Feature","id":"osm-way-1070139530","geometry":{"type":"Point","coordinates":[6.9014098,51.0225734]},"properties":{"theme":"play","name":"Spielplatz · OSM 1070139530","place":"Köln","isDemo":false,"source":"© OpenStreetMap-Mitwirkende","sourceUrl":"https://www.openstreetmap.org/way/1070139530","license":"ODbL 1.0","licenseUrl":"https://opendatacommons.org/licenses/odbl/1-0/","dataAsOf":"2026-09-18T10:54:21Z","positionNote":"Mittelpunkt des OSM-Umgrenzungsrechtecks; kein Eingang"}},{"type":"Feature","id":"osm-way-1072419607","geometry":{"type":"Point","coordinates":[7.0482371,50.975883]},"properties":{"theme":"play","name":"Spielplatz · OSM 1072419607","place":"Köln","isDemo":false,"source":"© OpenStreetMap-Mitwirkende","sourceUrl":"https://www.openstreetmap.org/way/1072419607","license":"ODbL 1.0","licenseUrl":"https://opendatacommons.org/licenses/odbl/1-0/","dataAsOf":"2026-09-18T10:54:21Z","positionNote":"Mittelpunkt des OSM-Umgrenzungsrechtecks; kein Eingang"}},{"type":"Feature","id":"osm-way-107300422","geometry":{"type":"Point","coordinates":[7.0258654,50.9371555]},"properties":{"theme":"play","name":"Spielplatz · OSM 107300422","place":"Köln","isDemo":false,"source":"© OpenStreetMap-Mitwirkende","sourceUrl":"https://www.openstreetmap.org/way/107300422","license":"ODbL 1.0","licenseUrl":"https://opendatacommons.org/licenses/odbl/1-0/","dataAsOf":"2026-09-18T10:54:21Z","positionNote":"Mittelpunkt des OSM-Umgrenzungsrechtecks; kein Eingang"}},{"type":"Feature","id":"osm-way-107300435","geometry":{"type":"Point","coordinates":[7.0275243,50.9341943]},"properties":{"theme":"play","name":"Spielplatz · OSM 107300435","place":"Köln","isDemo":false,"source":"© OpenStreetMap-Mitwirkende","sourceUrl":"https://www.openstreetmap.org/way/107300435","license":"ODbL 1.0","licenseUrl":"https://opendatacommons.org/licenses/odbl/1-0/","dataAsOf":"2026-09-18T10:54:21Z","positionNote":"Mittelpunkt des OSM-Umgrenzungsrechtecks; kein Eingang"}},{"type":"Feature","id":"osm-way-107479720","geometry":{"type":"Point","coordinates":[7.0161155,50.9549226]},"properties":{"theme":"play","name":"Spielplatz · OSM 107479720","place":"Köln","isDemo":false,"source":"© OpenStreetMap-Mitwirkende","sourceUrl":"https://www.openstreetmap.org/way/107479720","license":"ODbL 1.0","licenseUrl":"https://opendatacommons.org/licenses/odbl/1-0/","dataAsOf":"2026-09-18T10:54:21Z","positionNote":"Mittelpunkt des OSM-Umgrenzungsrechtecks; kein Eingang"}},{"type":"Feature","id":"osm-way-107479723","geometry":{"type":"Point","coordinates":[7.0172632,50.9551439]},"properties":{"theme":"play","name":"Spielplatz · OSM 107479723","place":"Köln","isDemo":false,"source":"© OpenStreetMap-Mitwirkende","sourceUrl":"https://www.openstreetmap.org/way/107479723","license":"ODbL 1.0","licenseUrl":"https://opendatacommons.org/licenses/odbl/1-0/","dataAsOf":"2026-09-18T10:54:21Z","positionNote":"Mittelpunkt des OSM-Umgrenzungsrechtecks; kein Eingang"}},{"type":"Feature","id":"osm-way-1076816377","geometry":{"type":"Point","coordinates":[6.896527,51.0244363]},"properties":{"theme":"play","name":"Spielplatz · OSM 1076816377","place":"Köln","isDemo":false,"source":"© OpenStreetMap-Mitwirkende","sourceUrl":"https://www.openstreetmap.org/way/1076816377","license":"ODbL 1.0","licenseUrl":"https://opendatacommons.org/licenses/odbl/1-0/","dataAsOf":"2026-09-18T10:54:21Z","positionNote":"Mittelpunkt des OSM-Umgrenzungsrechtecks; kein Eingang"}},{"type":"Feature","id":"osm-way-1077455335","geometry":{"type":"Point","coordinates":[6.8979069,51.0240398]},"properties":{"theme":"play","name":"Spielplatz · OSM 1077455335","place":"Köln","isDemo":false,"source":"© OpenStreetMap-Mitwirkende","sourceUrl":"https://www.openstreetmap.org/way/1077455335","license":"ODbL 1.0","licenseUrl":"https://opendatacommons.org/licenses/odbl/1-0/","dataAsOf":"2026-09-18T10:54:21Z","positionNote":"Mittelpunkt des OSM-Umgrenzungsrechtecks; kein Eingang"}},{"type":"Feature","id":"osm-way-108095297","geometry":{"type":"Point","coordinates":[6.9126436,50.9229273]},"properties":{"theme":"play","name":"Spielplatz · OSM 108095297","place":"Köln","isDemo":false,"source":"© OpenStreetMap-Mitwirkende","sourceUrl":"https://www.openstreetmap.org/way/108095297","license":"ODbL 1.0","licenseUrl":"https://opendatacommons.org/licenses/odbl/1-0/","dataAsOf":"2026-09-18T10:54:21Z","positionNote":"Mittelpunkt des OSM-Umgrenzungsrechtecks; kein Eingang"}},{"type":"Feature","id":"osm-way-108095316","geometry":{"type":"Point","coordinates":[6.9143198,50.9188283]},"properties":{"theme":"play","name":"Spielplatz · OSM 108095316","place":"Köln","isDemo":false,"source":"© OpenStreetMap-Mitwirkende","sourceUrl":"https://www.openstreetmap.org/way/108095316","license":"ODbL 1.0","licenseUrl":"https://opendatacommons.org/licenses/odbl/1-0/","dataAsOf":"2026-09-18T10:54:21Z","positionNote":"Mittelpunkt des OSM-Umgrenzungsrechtecks; kein Eingang"}},{"type":"Feature","id":"osm-way-1081268155","geometry":{"type":"Point","coordinates":[6.9915689,50.9288955]},"properties":{"theme":"play","name":"Spielplatz · OSM 1081268155","place":"Köln","isDemo":false,"source":"© OpenStreetMap-Mitwirkende","sourceUrl":"https://www.openstreetmap.org/way/1081268155","license":"ODbL 1.0","licenseUrl":"https://opendatacommons.org/licenses/odbl/1-0/","dataAsOf":"2026-09-18T10:54:21Z","positionNote":"Mittelpunkt des OSM-Umgrenzungsrechtecks; kein Eingang"}},{"type":"Feature","id":"osm-way-1084490471","geometry":{"type":"Point","coordinates":[7.0240238,50.9844267]},"properties":{"theme":"play","name":"Spielplatz · OSM 1084490471","place":"Köln","isDemo":false,"source":"© OpenStreetMap-Mitwirkende","sourceUrl":"https://www.openstreetmap.org/way/1084490471","license":"ODbL 1.0","licenseUrl":"https://opendatacommons.org/licenses/odbl/1-0/","dataAsOf":"2026-09-18T10:54:21Z","positionNote":"Mittelpunkt des OSM-Umgrenzungsrechtecks; kein Eingang"}},{"type":"Feature","id":"osm-way-1092472039","geometry":{"type":"Point","coordinates":[6.922927,50.9439112]},"properties":{"theme":"play","name":"Spielplatz · OSM 1092472039","place":"Köln","isDemo":false,"source":"© OpenStreetMap-Mitwirkende","sourceUrl":"https://www.openstreetmap.org/way/1092472039","license":"ODbL 1.0","licenseUrl":"https://opendatacommons.org/licenses/odbl/1-0/","dataAsOf":"2026-09-18T10:54:21Z","positionNote":"Mittelpunkt des OSM-Umgrenzungsrechtecks; kein Eingang"}},{"type":"Feature","id":"osm-way-1092728813","geometry":{"type":"Point","coordinates":[6.90853,50.9522302]},"properties":{"theme":"play","name":"Spielplatz · OSM 1092728813","place":"Köln","isDemo":false,"source":"© OpenStreetMap-Mitwirkende","sourceUrl":"https://www.openstreetmap.org/way/1092728813","license":"ODbL 1.0","licenseUrl":"https://opendatacommons.org/licenses/odbl/1-0/","dataAsOf":"2026-09-18T10:54:21Z","positionNote":"Mittelpunkt des OSM-Umgrenzungsrechtecks; kein Eingang"}},{"type":"Feature","id":"osm-way-1093666550","geometry":{"type":"Point","coordinates":[6.9401754,50.9579749]},"properties":{"theme":"play","name":"Spielplatz · OSM 1093666550","place":"Köln","isDemo":false,"source":"© OpenStreetMap-Mitwirkende","sourceUrl":"https://www.openstreetmap.org/way/1093666550","license":"ODbL 1.0","licenseUrl":"https://opendatacommons.org/licenses/odbl/1-0/","dataAsOf":"2026-09-18T10:54:21Z","positionNote":"Mittelpunkt des OSM-Umgrenzungsrechtecks; kein Eingang"}},{"type":"Feature","id":"osm-way-1094494077","geometry":{"type":"Point","coordinates":[7.044954,50.9916586]},"properties":{"theme":"play","name":"Spielplatz · OSM 1094494077","place":"Köln","isDemo":false,"source":"© OpenStreetMap-Mitwirkende","sourceUrl":"https://www.openstreetmap.org/way/1094494077","license":"ODbL 1.0","licenseUrl":"https://opendatacommons.org/licenses/odbl/1-0/","dataAsOf":"2026-09-18T10:54:21Z","positionNote":"Mittelpunkt des OSM-Umgrenzungsrechtecks; kein Eingang"}},{"type":"Feature","id":"osm-way-1095018208","geometry":{"type":"Point","coordinates":[6.9046654,50.9682357]},"properties":{"theme":"play","name":"Spielplatz · OSM 1095018208","place":"Köln","isDemo":false,"source":"© OpenStreetMap-Mitwirkende","sourceUrl":"https://www.openstreetmap.org/way/1095018208","license":"ODbL 1.0","licenseUrl":"https://opendatacommons.org/licenses/odbl/1-0/","dataAsOf":"2026-09-18T10:54:21Z","positionNote":"Mittelpunkt des OSM-Umgrenzungsrechtecks; kein Eingang"}},{"type":"Feature","id":"osm-way-1095018209","geometry":{"type":"Point","coordinates":[6.9024112,50.9683155]},"properties":{"theme":"play","name":"Spielplatz · OSM 1095018209","place":"Köln","isDemo":false,"source":"© OpenStreetMap-Mitwirkende","sourceUrl":"https://www.openstreetmap.org/way/1095018209","license":"ODbL 1.0","licenseUrl":"https://opendatacommons.org/licenses/odbl/1-0/","dataAsOf":"2026-09-18T10:54:21Z","positionNote":"Mittelpunkt des OSM-Umgrenzungsrechtecks; kein Eingang"}},{"type":"Feature","id":"osm-way-1095018216","geometry":{"type":"Point","coordinates":[6.9035096,50.9682169]},"properties":{"theme":"play","name":"Spielplatz · OSM 1095018216","place":"Köln","isDemo":false,"source":"© OpenStreetMap-Mitwirkende","sourceUrl":"https://www.openstreetmap.org/way/1095018216","license":"ODbL 1.0","licenseUrl":"https://opendatacommons.org/licenses/odbl/1-0/","dataAsOf":"2026-09-18T10:54:21Z","positionNote":"Mittelpunkt des OSM-Umgrenzungsrechtecks; kein Eingang"}},{"type":"Feature","id":"osm-way-109724936","geometry":{"type":"Point","coordinates":[6.8799839,51.0211467]},"properties":{"theme":"play","name":"Spielplatz · OSM 109724936","place":"Köln","isDemo":false,"source":"© OpenStreetMap-Mitwirkende","sourceUrl":"https://www.openstreetmap.org/way/109724936","license":"ODbL 1.0","licenseUrl":"https://opendatacommons.org/licenses/odbl/1-0/","dataAsOf":"2026-09-18T10:54:21Z","positionNote":"Mittelpunkt des OSM-Umgrenzungsrechtecks; kein Eingang"}},{"type":"Feature","id":"osm-way-1101483226","geometry":{"type":"Point","coordinates":[6.8437273,50.934948]},"properties":{"theme":"play","name":"Spielplatz · OSM 1101483226","place":"Köln","isDemo":false,"source":"© OpenStreetMap-Mitwirkende","sourceUrl":"https://www.openstreetmap.org/way/1101483226","license":"ODbL 1.0","licenseUrl":"https://opendatacommons.org/licenses/odbl/1-0/","dataAsOf":"2026-09-18T10:54:21Z","positionNote":"Mittelpunkt des OSM-Umgrenzungsrechtecks; kein Eingang"}},{"type":"Feature","id":"osm-way-1106442165","geometry":{"type":"Point","coordinates":[7.0257271,50.9327555]},"properties":{"theme":"play","name":"Spielplatz · OSM 1106442165","place":"Köln","isDemo":false,"source":"© OpenStreetMap-Mitwirkende","sourceUrl":"https://www.openstreetmap.org/way/1106442165","license":"ODbL 1.0","licenseUrl":"https://opendatacommons.org/licenses/odbl/1-0/","dataAsOf":"2026-09-18T10:54:21Z","positionNote":"Mittelpunkt des OSM-Umgrenzungsrechtecks; kein Eingang"}},{"type":"Feature","id":"osm-way-1126580144","geometry":{"type":"Point","coordinates":[6.9914894,50.9912241]},"properties":{"theme":"play","name":"Spielplatz · OSM 1126580144","place":"Köln","isDemo":false,"source":"© OpenStreetMap-Mitwirkende","sourceUrl":"https://www.openstreetmap.org/way/1126580144","license":"ODbL 1.0","licenseUrl":"https://opendatacommons.org/licenses/odbl/1-0/","dataAsOf":"2026-09-18T10:54:21Z","positionNote":"Mittelpunkt des OSM-Umgrenzungsrechtecks; kein Eingang"}},{"type":"Feature","id":"osm-way-1133892965","geometry":{"type":"Point","coordinates":[7.1282738,50.8905338]},"properties":{"theme":"play","name":"Spielplatz · OSM 1133892965","place":"Köln","isDemo":false,"source":"© OpenStreetMap-Mitwirkende","sourceUrl":"https://www.openstreetmap.org/way/1133892965","license":"ODbL 1.0","licenseUrl":"https://opendatacommons.org/licenses/odbl/1-0/","dataAsOf":"2026-09-18T10:54:21Z","positionNote":"Mittelpunkt des OSM-Umgrenzungsrechtecks; kein Eingang"}},{"type":"Feature","id":"osm-way-1134056580","geometry":{"type":"Point","coordinates":[6.9276373,50.9247219]},"properties":{"theme":"play","name":"Spielplatz · OSM 1134056580","place":"Köln","isDemo":false,"source":"© OpenStreetMap-Mitwirkende","sourceUrl":"https://www.openstreetmap.org/way/1134056580","license":"ODbL 1.0","licenseUrl":"https://opendatacommons.org/licenses/odbl/1-0/","dataAsOf":"2026-09-18T10:54:21Z","positionNote":"Mittelpunkt des OSM-Umgrenzungsrechtecks; kein Eingang"}},{"type":"Feature","id":"osm-way-1139748261","geometry":{"type":"Point","coordinates":[6.883371,50.9619358]},"properties":{"theme":"play","name":"Spielplatz · OSM 1139748261","place":"Köln","isDemo":false,"source":"© OpenStreetMap-Mitwirkende","sourceUrl":"https://www.openstreetmap.org/way/1139748261","license":"ODbL 1.0","licenseUrl":"https://opendatacommons.org/licenses/odbl/1-0/","dataAsOf":"2026-09-18T10:54:21Z","positionNote":"Mittelpunkt des OSM-Umgrenzungsrechtecks; kein Eingang"}},{"type":"Feature","id":"osm-way-1152398181","geometry":{"type":"Point","coordinates":[7.0075126,50.9422589]},"properties":{"theme":"play","name":"Spielplatz · OSM 1152398181","place":"Köln","isDemo":false,"source":"© OpenStreetMap-Mitwirkende","sourceUrl":"https://www.openstreetmap.org/way/1152398181","license":"ODbL 1.0","licenseUrl":"https://opendatacommons.org/licenses/odbl/1-0/","dataAsOf":"2026-09-18T10:54:21Z","positionNote":"Mittelpunkt des OSM-Umgrenzungsrechtecks; kein Eingang"}},{"type":"Feature","id":"osm-way-1152460974","geometry":{"type":"Point","coordinates":[7.0040875,50.9433064]},"properties":{"theme":"play","name":"Spielplatz · OSM 1152460974","place":"Köln","isDemo":false,"source":"© OpenStreetMap-Mitwirkende","sourceUrl":"https://www.openstreetmap.org/way/1152460974","license":"ODbL 1.0","licenseUrl":"https://opendatacommons.org/licenses/odbl/1-0/","dataAsOf":"2026-09-18T10:54:21Z","positionNote":"Mittelpunkt des OSM-Umgrenzungsrechtecks; kein Eingang"}},{"type":"Feature","id":"osm-way-1152460981","geometry":{"type":"Point","coordinates":[7.0081779,50.9423314]},"properties":{"theme":"play","name":"Spielplatz · OSM 1152460981","place":"Köln","isDemo":false,"source":"© OpenStreetMap-Mitwirkende","sourceUrl":"https://www.openstreetmap.org/way/1152460981","license":"ODbL 1.0","licenseUrl":"https://opendatacommons.org/licenses/odbl/1-0/","dataAsOf":"2026-09-18T10:54:21Z","positionNote":"Mittelpunkt des OSM-Umgrenzungsrechtecks; kein Eingang"}},{"type":"Feature","id":"osm-way-115379449","geometry":{"type":"Point","coordinates":[7.0318217,50.9280947]},"properties":{"theme":"play","name":"Spielplatz · OSM 115379449","place":"Köln","isDemo":false,"source":"© OpenStreetMap-Mitwirkende","sourceUrl":"https://www.openstreetmap.org/way/115379449","license":"ODbL 1.0","licenseUrl":"https://opendatacommons.org/licenses/odbl/1-0/","dataAsOf":"2026-09-18T10:54:21Z","positionNote":"Mittelpunkt des OSM-Umgrenzungsrechtecks; kein Eingang"}},{"type":"Feature","id":"osm-way-1157175879","geometry":{"type":"Point","coordinates":[7.0405415,50.9828208]},"properties":{"theme":"play","name":"Spielplatz · OSM 1157175879","place":"Köln","isDemo":false,"source":"© OpenStreetMap-Mitwirkende","sourceUrl":"https://www.openstreetmap.org/way/1157175879","license":"ODbL 1.0","licenseUrl":"https://opendatacommons.org/licenses/odbl/1-0/","dataAsOf":"2026-09-18T10:54:21Z","positionNote":"Mittelpunkt des OSM-Umgrenzungsrechtecks; kein Eingang"}},{"type":"Feature","id":"osm-way-1171073097","geometry":{"type":"Point","coordinates":[7.0250008,50.8721376]},"properties":{"theme":"play","name":"Spielplatz · OSM 1171073097","place":"Köln","isDemo":false,"source":"© OpenStreetMap-Mitwirkende","sourceUrl":"https://www.openstreetmap.org/way/1171073097","license":"ODbL 1.0","licenseUrl":"https://opendatacommons.org/licenses/odbl/1-0/","dataAsOf":"2026-09-18T10:54:21Z","positionNote":"Mittelpunkt des OSM-Umgrenzungsrechtecks; kein Eingang"}},{"type":"Feature","id":"osm-way-1171098314","geometry":{"type":"Point","coordinates":[7.0258371,50.8743632]},"properties":{"theme":"play","name":"Spielplatz · OSM 1171098314","place":"Köln","isDemo":false,"source":"© OpenStreetMap-Mitwirkende","sourceUrl":"https://www.openstreetmap.org/way/1171098314","license":"ODbL 1.0","licenseUrl":"https://opendatacommons.org/licenses/odbl/1-0/","dataAsOf":"2026-09-18T10:54:21Z","positionNote":"Mittelpunkt des OSM-Umgrenzungsrechtecks; kein Eingang"}},{"type":"Feature","id":"osm-way-1175559733","geometry":{"type":"Point","coordinates":[7.0815647,50.8951664]},"properties":{"theme":"play","name":"Spielplatz · OSM 1175559733","place":"Köln","isDemo":false,"source":"© OpenStreetMap-Mitwirkende","sourceUrl":"https://www.openstreetmap.org/way/1175559733","license":"ODbL 1.0","licenseUrl":"https://opendatacommons.org/licenses/odbl/1-0/","dataAsOf":"2026-09-18T10:54:21Z","positionNote":"Mittelpunkt des OSM-Umgrenzungsrechtecks; kein Eingang"}},{"type":"Feature","id":"osm-way-1177566815","geometry":{"type":"Point","coordinates":[6.9311445,50.8867453]},"properties":{"theme":"play","name":"Spielplatz · OSM 1177566815","place":"Köln","isDemo":false,"source":"© OpenStreetMap-Mitwirkende","sourceUrl":"https://www.openstreetmap.org/way/1177566815","license":"ODbL 1.0","licenseUrl":"https://opendatacommons.org/licenses/odbl/1-0/","dataAsOf":"2026-09-18T10:54:21Z","positionNote":"Mittelpunkt des OSM-Umgrenzungsrechtecks; kein Eingang"}},{"type":"Feature","id":"osm-way-1178422550","geometry":{"type":"Point","coordinates":[6.9618954,50.966801]},"properties":{"theme":"play","name":"Spielplatz · OSM 1178422550","place":"Köln","isDemo":false,"source":"© OpenStreetMap-Mitwirkende","sourceUrl":"https://www.openstreetmap.org/way/1178422550","license":"ODbL 1.0","licenseUrl":"https://opendatacommons.org/licenses/odbl/1-0/","dataAsOf":"2026-09-18T10:54:21Z","positionNote":"Mittelpunkt des OSM-Umgrenzungsrechtecks; kein Eingang"}},{"type":"Feature","id":"osm-way-1178422551","geometry":{"type":"Point","coordinates":[6.96213,50.9667711]},"properties":{"theme":"play","name":"Spielplatz · OSM 1178422551","place":"Köln","isDemo":false,"source":"© OpenStreetMap-Mitwirkende","sourceUrl":"https://www.openstreetmap.org/way/1178422551","license":"ODbL 1.0","licenseUrl":"https://opendatacommons.org/licenses/odbl/1-0/","dataAsOf":"2026-09-18T10:54:21Z","positionNote":"Mittelpunkt des OSM-Umgrenzungsrechtecks; kein Eingang"}},{"type":"Feature","id":"osm-way-1178422552","geometry":{"type":"Point","coordinates":[6.9621908,50.9668949]},"properties":{"theme":"play","name":"Spielplatz · OSM 1178422552","place":"Köln","isDemo":false,"source":"© OpenStreetMap-Mitwirkende","sourceUrl":"https://www.openstreetmap.org/way/1178422552","license":"ODbL 1.0","licenseUrl":"https://opendatacommons.org/licenses/odbl/1-0/","dataAsOf":"2026-09-18T10:54:21Z","positionNote":"Mittelpunkt des OSM-Umgrenzungsrechtecks; kein Eingang"}},{"type":"Feature","id":"osm-way-1178422553","geometry":{"type":"Point","coordinates":[6.9624355,50.9668647]},"properties":{"theme":"play","name":"Spielplatz · OSM 1178422553","place":"Köln","isDemo":false,"source":"© OpenStreetMap-Mitwirkende","sourceUrl":"https://www.openstreetmap.org/way/1178422553","license":"ODbL 1.0","licenseUrl":"https://opendatacommons.org/licenses/odbl/1-0/","dataAsOf":"2026-09-18T10:54:21Z","positionNote":"Mittelpunkt des OSM-Umgrenzungsrechtecks; kein Eingang"}},{"type":"Feature","id":"osm-way-1178422554","geometry":{"type":"Point","coordinates":[6.9628136,50.9665761]},"properties":{"theme":"play","name":"Spielplatz · OSM 1178422554","place":"Köln","isDemo":false,"source":"© OpenStreetMap-Mitwirkende","sourceUrl":"https://www.openstreetmap.org/way/1178422554","license":"ODbL 1.0","licenseUrl":"https://opendatacommons.org/licenses/odbl/1-0/","dataAsOf":"2026-09-18T10:54:21Z","positionNote":"Mittelpunkt des OSM-Umgrenzungsrechtecks; kein Eingang"}},{"type":"Feature","id":"osm-way-118021896","geometry":{"type":"Point","coordinates":[6.9130959,51.0516221]},"properties":{"theme":"play","name":"Spielplatz · OSM 118021896","place":"Köln","isDemo":false,"source":"© OpenStreetMap-Mitwirkende","sourceUrl":"https://www.openstreetmap.org/way/118021896","license":"ODbL 1.0","licenseUrl":"https://opendatacommons.org/licenses/odbl/1-0/","dataAsOf":"2026-09-18T10:54:21Z","positionNote":"Mittelpunkt des OSM-Umgrenzungsrechtecks; kein Eingang"}},{"type":"Feature","id":"osm-way-118030620","geometry":{"type":"Point","coordinates":[6.886888,51.0333404]},"properties":{"theme":"play","name":"Spielplatz · OSM 118030620","place":"Köln","isDemo":false,"source":"© OpenStreetMap-Mitwirkende","sourceUrl":"https://www.openstreetmap.org/way/118030620","license":"ODbL 1.0","licenseUrl":"https://opendatacommons.org/licenses/odbl/1-0/","dataAsOf":"2026-09-18T10:54:21Z","positionNote":"Mittelpunkt des OSM-Umgrenzungsrechtecks; kein Eingang"}},{"type":"Feature","id":"osm-way-118107689","geometry":{"type":"Point","coordinates":[7.036016,50.8664277]},"properties":{"theme":"play","name":"Spielplatz · OSM 118107689","place":"Köln","isDemo":false,"source":"© OpenStreetMap-Mitwirkende","sourceUrl":"https://www.openstreetmap.org/way/118107689","license":"ODbL 1.0","licenseUrl":"https://opendatacommons.org/licenses/odbl/1-0/","dataAsOf":"2026-09-18T10:54:21Z","positionNote":"Mittelpunkt des OSM-Umgrenzungsrechtecks; kein Eingang"}},{"type":"Feature","id":"osm-way-118447902","geometry":{"type":"Point","coordinates":[7.093623,50.8790891]},"properties":{"theme":"play","name":"Spielplatz · OSM 118447902","place":"Köln","isDemo":false,"source":"© OpenStreetMap-Mitwirkende","sourceUrl":"https://www.openstreetmap.org/way/118447902","license":"ODbL 1.0","licenseUrl":"https://opendatacommons.org/licenses/odbl/1-0/","dataAsOf":"2026-09-18T10:54:21Z","positionNote":"Mittelpunkt des OSM-Umgrenzungsrechtecks; kein Eingang"}},{"type":"Feature","id":"osm-way-1184890287","geometry":{"type":"Point","coordinates":[7.0244384,50.9852854]},"properties":{"theme":"play","name":"Spielplatz · OSM 1184890287","place":"Köln","isDemo":false,"source":"© OpenStreetMap-Mitwirkende","sourceUrl":"https://www.openstreetmap.org/way/1184890287","license":"ODbL 1.0","licenseUrl":"https://opendatacommons.org/licenses/odbl/1-0/","dataAsOf":"2026-09-18T10:54:21Z","positionNote":"Mittelpunkt des OSM-Umgrenzungsrechtecks; kein Eingang"}},{"type":"Feature","id":"osm-way-1186583158","geometry":{"type":"Point","coordinates":[6.9916847,50.996182]},"properties":{"theme":"play","name":"Spielplatz · OSM 1186583158","place":"Köln","isDemo":false,"source":"© OpenStreetMap-Mitwirkende","sourceUrl":"https://www.openstreetmap.org/way/1186583158","license":"ODbL 1.0","licenseUrl":"https://opendatacommons.org/licenses/odbl/1-0/","dataAsOf":"2026-09-18T10:54:21Z","positionNote":"Mittelpunkt des OSM-Umgrenzungsrechtecks; kein Eingang"}},{"type":"Feature","id":"osm-way-1187359137","geometry":{"type":"Point","coordinates":[6.9038725,50.9508001]},"properties":{"theme":"play","name":"Spielplatz · OSM 1187359137","place":"Köln","isDemo":false,"source":"© OpenStreetMap-Mitwirkende","sourceUrl":"https://www.openstreetmap.org/way/1187359137","license":"ODbL 1.0","licenseUrl":"https://opendatacommons.org/licenses/odbl/1-0/","dataAsOf":"2026-09-18T10:54:21Z","positionNote":"Mittelpunkt des OSM-Umgrenzungsrechtecks; kein Eingang"}},{"type":"Feature","id":"osm-way-1188586485","geometry":{"type":"Point","coordinates":[6.996497,50.9368391]},"properties":{"theme":"play","name":"Spielplatz · OSM 1188586485","place":"Köln","isDemo":false,"source":"© OpenStreetMap-Mitwirkende","sourceUrl":"https://www.openstreetmap.org/way/1188586485","license":"ODbL 1.0","licenseUrl":"https://opendatacommons.org/licenses/odbl/1-0/","dataAsOf":"2026-09-18T10:54:21Z","positionNote":"Mittelpunkt des OSM-Umgrenzungsrechtecks; kein Eingang"}},{"type":"Feature","id":"osm-way-1188635136","geometry":{"type":"Point","coordinates":[6.999627,50.9357089]},"properties":{"theme":"play","name":"Spielplatz · OSM 1188635136","place":"Köln","isDemo":false,"source":"© OpenStreetMap-Mitwirkende","sourceUrl":"https://www.openstreetmap.org/way/1188635136","license":"ODbL 1.0","licenseUrl":"https://opendatacommons.org/licenses/odbl/1-0/","dataAsOf":"2026-09-18T10:54:21Z","positionNote":"Mittelpunkt des OSM-Umgrenzungsrechtecks; kein Eingang"}},{"type":"Feature","id":"osm-way-1188635137","geometry":{"type":"Point","coordinates":[7.0003364,50.9358879]},"properties":{"theme":"play","name":"Spielplatz · OSM 1188635137","place":"Köln","isDemo":false,"source":"© OpenStreetMap-Mitwirkende","sourceUrl":"https://www.openstreetmap.org/way/1188635137","license":"ODbL 1.0","licenseUrl":"https://opendatacommons.org/licenses/odbl/1-0/","dataAsOf":"2026-09-18T10:54:21Z","positionNote":"Mittelpunkt des OSM-Umgrenzungsrechtecks; kein Eingang"}},{"type":"Feature","id":"osm-way-1188635138","geometry":{"type":"Point","coordinates":[7.0003204,50.935693]},"properties":{"theme":"play","name":"Spielplatz · OSM 1188635138","place":"Köln","isDemo":false,"source":"© OpenStreetMap-Mitwirkende","sourceUrl":"https://www.openstreetmap.org/way/1188635138","license":"ODbL 1.0","licenseUrl":"https://opendatacommons.org/licenses/odbl/1-0/","dataAsOf":"2026-09-18T10:54:21Z","positionNote":"Mittelpunkt des OSM-Umgrenzungsrechtecks; kein Eingang"}},{"type":"Feature","id":"osm-way-1188635139","geometry":{"type":"Point","coordinates":[7.0002991,50.936175]},"properties":{"theme":"play","name":"Spielplatz · OSM 1188635139","place":"Köln","isDemo":false,"source":"© OpenStreetMap-Mitwirkende","sourceUrl":"https://www.openstreetmap.org/way/1188635139","license":"ODbL 1.0","licenseUrl":"https://opendatacommons.org/licenses/odbl/1-0/","dataAsOf":"2026-09-18T10:54:21Z","positionNote":"Mittelpunkt des OSM-Umgrenzungsrechtecks; kein Eingang"}},{"type":"Feature","id":"osm-way-1188722584","geometry":{"type":"Point","coordinates":[7.0213191,50.8701518]},"properties":{"theme":"play","name":"Spielplatz · OSM 1188722584","place":"Köln","isDemo":false,"source":"© OpenStreetMap-Mitwirkende","sourceUrl":"https://www.openstreetmap.org/way/1188722584","license":"ODbL 1.0","licenseUrl":"https://opendatacommons.org/licenses/odbl/1-0/","dataAsOf":"2026-09-18T10:54:21Z","positionNote":"Mittelpunkt des OSM-Umgrenzungsrechtecks; kein Eingang"}},{"type":"Feature","id":"osm-way-1189178491","geometry":{"type":"Point","coordinates":[6.8541349,50.9284677]},"properties":{"theme":"play","name":"Spielplatz · OSM 1189178491","place":"Köln","isDemo":false,"source":"© OpenStreetMap-Mitwirkende","sourceUrl":"https://www.openstreetmap.org/way/1189178491","license":"ODbL 1.0","licenseUrl":"https://opendatacommons.org/licenses/odbl/1-0/","dataAsOf":"2026-09-18T10:54:21Z","positionNote":"Mittelpunkt des OSM-Umgrenzungsrechtecks; kein Eingang"}},{"type":"Feature","id":"osm-way-1189958151","geometry":{"type":"Point","coordinates":[6.9026031,50.9507663]},"properties":{"theme":"play","name":"Spielplatz · OSM 1189958151","place":"Köln","isDemo":false,"source":"© OpenStreetMap-Mitwirkende","sourceUrl":"https://www.openstreetmap.org/way/1189958151","license":"ODbL 1.0","licenseUrl":"https://opendatacommons.org/licenses/odbl/1-0/","dataAsOf":"2026-09-18T10:54:21Z","positionNote":"Mittelpunkt des OSM-Umgrenzungsrechtecks; kein Eingang"}},{"type":"Feature","id":"osm-way-1189958152","geometry":{"type":"Point","coordinates":[6.9013009,50.9507437]},"properties":{"theme":"play","name":"Spielplatz · OSM 1189958152","place":"Köln","isDemo":false,"source":"© OpenStreetMap-Mitwirkende","sourceUrl":"https://www.openstreetmap.org/way/1189958152","license":"ODbL 1.0","licenseUrl":"https://opendatacommons.org/licenses/odbl/1-0/","dataAsOf":"2026-09-18T10:54:21Z","positionNote":"Mittelpunkt des OSM-Umgrenzungsrechtecks; kein Eingang"}},{"type":"Feature","id":"osm-way-1190261209","geometry":{"type":"Point","coordinates":[6.9003586,50.9681865]},"properties":{"theme":"play","name":"Spielplatz · OSM 1190261209","place":"Köln","isDemo":false,"source":"© OpenStreetMap-Mitwirkende","sourceUrl":"https://www.openstreetmap.org/way/1190261209","license":"ODbL 1.0","licenseUrl":"https://opendatacommons.org/licenses/odbl/1-0/","dataAsOf":"2026-09-18T10:54:21Z","positionNote":"Mittelpunkt des OSM-Umgrenzungsrechtecks; kein Eingang"}},{"type":"Feature","id":"osm-way-1190261210","geometry":{"type":"Point","coordinates":[6.9013242,50.9683108]},"properties":{"theme":"play","name":"Spielplatz · OSM 1190261210","place":"Köln","isDemo":false,"source":"© OpenStreetMap-Mitwirkende","sourceUrl":"https://www.openstreetmap.org/way/1190261210","license":"ODbL 1.0","licenseUrl":"https://opendatacommons.org/licenses/odbl/1-0/","dataAsOf":"2026-09-18T10:54:21Z","positionNote":"Mittelpunkt des OSM-Umgrenzungsrechtecks; kein Eingang"}},{"type":"Feature","id":"osm-way-1190420387","geometry":{"type":"Point","coordinates":[6.896903,51.0036087]},"properties":{"theme":"play","name":"Spielplatz · OSM 1190420387","place":"Köln","isDemo":false,"source":"© OpenStreetMap-Mitwirkende","sourceUrl":"https://www.openstreetmap.org/way/1190420387","license":"ODbL 1.0","licenseUrl":"https://opendatacommons.org/licenses/odbl/1-0/","dataAsOf":"2026-09-18T10:54:21Z","positionNote":"Mittelpunkt des OSM-Umgrenzungsrechtecks; kein Eingang"}},{"type":"Feature","id":"osm-way-1190767090","geometry":{"type":"Point","coordinates":[7.0262019,50.9395756]},"properties":{"theme":"play","name":"Spielplatz · OSM 1190767090","place":"Köln","isDemo":false,"source":"© OpenStreetMap-Mitwirkende","sourceUrl":"https://www.openstreetmap.org/way/1190767090","license":"ODbL 1.0","licenseUrl":"https://opendatacommons.org/licenses/odbl/1-0/","dataAsOf":"2026-09-18T10:54:21Z","positionNote":"Mittelpunkt des OSM-Umgrenzungsrechtecks; kein Eingang"}},{"type":"Feature","id":"osm-way-1190827768","geometry":{"type":"Point","coordinates":[6.9558747,51.0243331]},"properties":{"theme":"play","name":"Spielplatz · OSM 1190827768","place":"Köln","isDemo":false,"source":"© OpenStreetMap-Mitwirkende","sourceUrl":"https://www.openstreetmap.org/way/1190827768","license":"ODbL 1.0","licenseUrl":"https://opendatacommons.org/licenses/odbl/1-0/","dataAsOf":"2026-09-18T10:54:21Z","positionNote":"Mittelpunkt des OSM-Umgrenzungsrechtecks; kein Eingang"}},{"type":"Feature","id":"osm-way-1190864044","geometry":{"type":"Point","coordinates":[6.9599777,50.9635646]},"properties":{"theme":"play","name":"Spielplatz · OSM 1190864044","place":"Köln","isDemo":false,"source":"© OpenStreetMap-Mitwirkende","sourceUrl":"https://www.openstreetmap.org/way/1190864044","license":"ODbL 1.0","licenseUrl":"https://opendatacommons.org/licenses/odbl/1-0/","dataAsOf":"2026-09-18T10:54:21Z","positionNote":"Mittelpunkt des OSM-Umgrenzungsrechtecks; kein Eingang"}},{"type":"Feature","id":"osm-way-1191646082","geometry":{"type":"Point","coordinates":[7.0190615,50.9601803]},"properties":{"theme":"play","name":"Spielplatz · OSM 1191646082","place":"Köln","isDemo":false,"source":"© OpenStreetMap-Mitwirkende","sourceUrl":"https://www.openstreetmap.org/way/1191646082","license":"ODbL 1.0","licenseUrl":"https://opendatacommons.org/licenses/odbl/1-0/","dataAsOf":"2026-09-18T10:54:21Z","positionNote":"Mittelpunkt des OSM-Umgrenzungsrechtecks; kein Eingang"}},{"type":"Feature","id":"osm-way-1191646088","geometry":{"type":"Point","coordinates":[7.0217595,50.960871]},"properties":{"theme":"play","name":"Spielplatz · OSM 1191646088","place":"Köln","isDemo":false,"source":"© OpenStreetMap-Mitwirkende","sourceUrl":"https://www.openstreetmap.org/way/1191646088","license":"ODbL 1.0","licenseUrl":"https://opendatacommons.org/licenses/odbl/1-0/","dataAsOf":"2026-09-18T10:54:21Z","positionNote":"Mittelpunkt des OSM-Umgrenzungsrechtecks; kein Eingang"}},{"type":"Feature","id":"osm-way-1192148391","geometry":{"type":"Point","coordinates":[6.9899651,50.9285529]},"properties":{"theme":"play","name":"Spielplatz · OSM 1192148391","place":"Köln","isDemo":false,"source":"© OpenStreetMap-Mitwirkende","sourceUrl":"https://www.openstreetmap.org/way/1192148391","license":"ODbL 1.0","licenseUrl":"https://opendatacommons.org/licenses/odbl/1-0/","dataAsOf":"2026-09-18T10:54:21Z","positionNote":"Mittelpunkt des OSM-Umgrenzungsrechtecks; kein Eingang"}},{"type":"Feature","id":"osm-way-1192148392","geometry":{"type":"Point","coordinates":[6.9896624,50.9287138]},"properties":{"theme":"play","name":"Spielplatz · OSM 1192148392","place":"Köln","isDemo":false,"source":"© OpenStreetMap-Mitwirkende","sourceUrl":"https://www.openstreetmap.org/way/1192148392","license":"ODbL 1.0","licenseUrl":"https://opendatacommons.org/licenses/odbl/1-0/","dataAsOf":"2026-09-18T10:54:21Z","positionNote":"Mittelpunkt des OSM-Umgrenzungsrechtecks; kein Eingang"}},{"type":"Feature","id":"osm-way-1192148393","geometry":{"type":"Point","coordinates":[6.9889048,50.9289968]},"properties":{"theme":"play","name":"Spielplatz · OSM 1192148393","place":"Köln","isDemo":false,"source":"© OpenStreetMap-Mitwirkende","sourceUrl":"https://www.openstreetmap.org/way/1192148393","license":"ODbL 1.0","licenseUrl":"https://opendatacommons.org/licenses/odbl/1-0/","dataAsOf":"2026-09-18T10:54:21Z","positionNote":"Mittelpunkt des OSM-Umgrenzungsrechtecks; kein Eingang"}},{"type":"Feature","id":"osm-way-1192148394","geometry":{"type":"Point","coordinates":[6.9908098,50.9281742]},"properties":{"theme":"play","name":"Spielplatz · OSM 1192148394","place":"Köln","isDemo":false,"source":"© OpenStreetMap-Mitwirkende","sourceUrl":"https://www.openstreetmap.org/way/1192148394","license":"ODbL 1.0","licenseUrl":"https://opendatacommons.org/licenses/odbl/1-0/","dataAsOf":"2026-09-18T10:54:21Z","positionNote":"Mittelpunkt des OSM-Umgrenzungsrechtecks; kein Eingang"}},{"type":"Feature","id":"osm-way-1192148395","geometry":{"type":"Point","coordinates":[6.991605,50.9278827]},"properties":{"theme":"play","name":"Spielplatz · OSM 1192148395","place":"Köln","isDemo":false,"source":"© OpenStreetMap-Mitwirkende","sourceUrl":"https://www.openstreetmap.org/way/1192148395","license":"ODbL 1.0","licenseUrl":"https://opendatacommons.org/licenses/odbl/1-0/","dataAsOf":"2026-09-18T10:54:21Z","positionNote":"Mittelpunkt des OSM-Umgrenzungsrechtecks; kein Eingang"}},{"type":"Feature","id":"osm-way-1192148396","geometry":{"type":"Point","coordinates":[6.9925646,50.9274544]},"properties":{"theme":"play","name":"Spielplatz · OSM 1192148396","place":"Köln","isDemo":false,"source":"© OpenStreetMap-Mitwirkende","sourceUrl":"https://www.openstreetmap.org/way/1192148396","license":"ODbL 1.0","licenseUrl":"https://opendatacommons.org/licenses/odbl/1-0/","dataAsOf":"2026-09-18T10:54:21Z","positionNote":"Mittelpunkt des OSM-Umgrenzungsrechtecks; kein Eingang"}},{"type":"Feature","id":"osm-way-1192173518","geometry":{"type":"Point","coordinates":[6.9648861,50.8768094]},"properties":{"theme":"play","name":"Spielplatz · OSM 1192173518","place":"Köln","isDemo":false,"source":"© OpenStreetMap-Mitwirkende","sourceUrl":"https://www.openstreetmap.org/way/1192173518","license":"ODbL 1.0","licenseUrl":"https://opendatacommons.org/licenses/odbl/1-0/","dataAsOf":"2026-09-18T10:54:21Z","positionNote":"Mittelpunkt des OSM-Umgrenzungsrechtecks; kein Eingang"}},{"type":"Feature","id":"osm-way-1192173519","geometry":{"type":"Point","coordinates":[6.9646446,50.8766945]},"properties":{"theme":"play","name":"Spielplatz · OSM 1192173519","place":"Köln","isDemo":false,"source":"© OpenStreetMap-Mitwirkende","sourceUrl":"https://www.openstreetmap.org/way/1192173519","license":"ODbL 1.0","licenseUrl":"https://opendatacommons.org/licenses/odbl/1-0/","dataAsOf":"2026-09-18T10:54:21Z","positionNote":"Mittelpunkt des OSM-Umgrenzungsrechtecks; kein Eingang"}},{"type":"Feature","id":"osm-way-1192506865","geometry":{"type":"Point","coordinates":[6.9647315,50.8729587]},"properties":{"theme":"play","name":"Spielplatz · OSM 1192506865","place":"Köln","isDemo":false,"source":"© OpenStreetMap-Mitwirkende","sourceUrl":"https://www.openstreetmap.org/way/1192506865","license":"ODbL 1.0","licenseUrl":"https://opendatacommons.org/licenses/odbl/1-0/","dataAsOf":"2026-09-18T10:54:21Z","positionNote":"Mittelpunkt des OSM-Umgrenzungsrechtecks; kein Eingang"}},{"type":"Feature","id":"osm-way-1192506866","geometry":{"type":"Point","coordinates":[6.9648656,50.8730568]},"properties":{"theme":"play","name":"Spielplatz · OSM 1192506866","place":"Köln","isDemo":false,"source":"© OpenStreetMap-Mitwirkende","sourceUrl":"https://www.openstreetmap.org/way/1192506866","license":"ODbL 1.0","licenseUrl":"https://opendatacommons.org/licenses/odbl/1-0/","dataAsOf":"2026-09-18T10:54:21Z","positionNote":"Mittelpunkt des OSM-Umgrenzungsrechtecks; kein Eingang"}},{"type":"Feature","id":"osm-way-1192512278","geometry":{"type":"Point","coordinates":[6.9615445,50.8810867]},"properties":{"theme":"play","name":"Spielplatz · OSM 1192512278","place":"Köln","isDemo":false,"source":"© OpenStreetMap-Mitwirkende","sourceUrl":"https://www.openstreetmap.org/way/1192512278","license":"ODbL 1.0","licenseUrl":"https://opendatacommons.org/licenses/odbl/1-0/","dataAsOf":"2026-09-18T10:54:21Z","positionNote":"Mittelpunkt des OSM-Umgrenzungsrechtecks; kein Eingang"}},{"type":"Feature","id":"osm-way-1193845886","geometry":{"type":"Point","coordinates":[6.8841395,51.0370547]},"properties":{"theme":"play","name":"Spielplatz · OSM 1193845886","place":"Köln","isDemo":false,"source":"© OpenStreetMap-Mitwirkende","sourceUrl":"https://www.openstreetmap.org/way/1193845886","license":"ODbL 1.0","licenseUrl":"https://opendatacommons.org/licenses/odbl/1-0/","dataAsOf":"2026-09-18T10:54:21Z","positionNote":"Mittelpunkt des OSM-Umgrenzungsrechtecks; kein Eingang"}},{"type":"Feature","id":"osm-way-1193923753","geometry":{"type":"Point","coordinates":[6.9972889,50.9126867]},"properties":{"theme":"play","name":"Spielplatz · OSM 1193923753","place":"Köln","isDemo":false,"source":"© OpenStreetMap-Mitwirkende","sourceUrl":"https://www.openstreetmap.org/way/1193923753","license":"ODbL 1.0","licenseUrl":"https://opendatacommons.org/licenses/odbl/1-0/","dataAsOf":"2026-09-18T10:54:21Z","positionNote":"Mittelpunkt des OSM-Umgrenzungsrechtecks; kein Eingang"}},{"type":"Feature","id":"osm-way-1194869733","geometry":{"type":"Point","coordinates":[6.9393693,50.9072115]},"properties":{"theme":"play","name":"Spielplatz · OSM 1194869733","place":"Köln","isDemo":false,"source":"© OpenStreetMap-Mitwirkende","sourceUrl":"https://www.openstreetmap.org/way/1194869733","license":"ODbL 1.0","licenseUrl":"https://opendatacommons.org/licenses/odbl/1-0/","dataAsOf":"2026-09-18T10:54:21Z","positionNote":"Mittelpunkt des OSM-Umgrenzungsrechtecks; kein Eingang"}},{"type":"Feature","id":"osm-way-1194869734","geometry":{"type":"Point","coordinates":[6.939913,50.90719]},"properties":{"theme":"play","name":"Spielplatz · OSM 1194869734","place":"Köln","isDemo":false,"source":"© OpenStreetMap-Mitwirkende","sourceUrl":"https://www.openstreetmap.org/way/1194869734","license":"ODbL 1.0","licenseUrl":"https://opendatacommons.org/licenses/odbl/1-0/","dataAsOf":"2026-09-18T10:54:21Z","positionNote":"Mittelpunkt des OSM-Umgrenzungsrechtecks; kein Eingang"}},{"type":"Feature","id":"osm-way-1195286580","geometry":{"type":"Point","coordinates":[6.9644603,50.8934305]},"properties":{"theme":"play","name":"Spielplatz · OSM 1195286580","place":"Köln","isDemo":false,"source":"© OpenStreetMap-Mitwirkende","sourceUrl":"https://www.openstreetmap.org/way/1195286580","license":"ODbL 1.0","licenseUrl":"https://opendatacommons.org/licenses/odbl/1-0/","dataAsOf":"2026-09-18T10:54:21Z","positionNote":"Mittelpunkt des OSM-Umgrenzungsrechtecks; kein Eingang"}},{"type":"Feature","id":"osm-way-1195365459","geometry":{"type":"Point","coordinates":[6.9655404,50.9764025]},"properties":{"theme":"play","name":"Spielplatz · OSM 1195365459","place":"Köln","isDemo":false,"source":"© OpenStreetMap-Mitwirkende","sourceUrl":"https://www.openstreetmap.org/way/1195365459","license":"ODbL 1.0","licenseUrl":"https://opendatacommons.org/licenses/odbl/1-0/","dataAsOf":"2026-09-18T10:54:21Z","positionNote":"Mittelpunkt des OSM-Umgrenzungsrechtecks; kein Eingang"}},{"type":"Feature","id":"osm-way-1198773966","geometry":{"type":"Point","coordinates":[6.9667994,50.9738552]},"properties":{"theme":"play","name":"Spielplatz · OSM 1198773966","place":"Köln","isDemo":false,"source":"© OpenStreetMap-Mitwirkende","sourceUrl":"https://www.openstreetmap.org/way/1198773966","license":"ODbL 1.0","licenseUrl":"https://opendatacommons.org/licenses/odbl/1-0/","dataAsOf":"2026-09-18T10:54:21Z","positionNote":"Mittelpunkt des OSM-Umgrenzungsrechtecks; kein Eingang"}},{"type":"Feature","id":"osm-way-1201862561","geometry":{"type":"Point","coordinates":[7.030255,50.9779355]},"properties":{"theme":"play","name":"Spielplatz · OSM 1201862561","place":"Köln","isDemo":false,"source":"© OpenStreetMap-Mitwirkende","sourceUrl":"https://www.openstreetmap.org/way/1201862561","license":"ODbL 1.0","licenseUrl":"https://opendatacommons.org/licenses/odbl/1-0/","dataAsOf":"2026-09-18T10:54:21Z","positionNote":"Mittelpunkt des OSM-Umgrenzungsrechtecks; kein Eingang"}},{"type":"Feature","id":"osm-way-1202493985","geometry":{"type":"Point","coordinates":[6.8933391,50.9415259]},"properties":{"theme":"play","name":"Spielplatz · OSM 1202493985","place":"Köln","isDemo":false,"source":"© OpenStreetMap-Mitwirkende","sourceUrl":"https://www.openstreetmap.org/way/1202493985","license":"ODbL 1.0","licenseUrl":"https://opendatacommons.org/licenses/odbl/1-0/","dataAsOf":"2026-09-18T10:54:21Z","positionNote":"Mittelpunkt des OSM-Umgrenzungsrechtecks; kein Eingang"}},{"type":"Feature","id":"osm-way-1203424433","geometry":{"type":"Point","coordinates":[7.0047203,50.9673545]},"properties":{"theme":"play","name":"Spielplatz · OSM 1203424433","place":"Köln","isDemo":false,"source":"© OpenStreetMap-Mitwirkende","sourceUrl":"https://www.openstreetmap.org/way/1203424433","license":"ODbL 1.0","licenseUrl":"https://opendatacommons.org/licenses/odbl/1-0/","dataAsOf":"2026-09-18T10:54:21Z","positionNote":"Mittelpunkt des OSM-Umgrenzungsrechtecks; kein Eingang"}},{"type":"Feature","id":"osm-way-1204748296","geometry":{"type":"Point","coordinates":[6.9439895,50.9563751]},"properties":{"theme":"play","name":"Spielplatz · OSM 1204748296","place":"Köln","isDemo":false,"source":"© OpenStreetMap-Mitwirkende","sourceUrl":"https://www.openstreetmap.org/way/1204748296","license":"ODbL 1.0","licenseUrl":"https://opendatacommons.org/licenses/odbl/1-0/","dataAsOf":"2026-09-18T10:54:21Z","positionNote":"Mittelpunkt des OSM-Umgrenzungsrechtecks; kein Eingang"}},{"type":"Feature","id":"osm-way-1209038908","geometry":{"type":"Point","coordinates":[7.010076,50.9526451]},"properties":{"theme":"play","name":"Spielplatz · OSM 1209038908","place":"Köln","isDemo":false,"source":"© OpenStreetMap-Mitwirkende","sourceUrl":"https://www.openstreetmap.org/way/1209038908","license":"ODbL 1.0","licenseUrl":"https://opendatacommons.org/licenses/odbl/1-0/","dataAsOf":"2026-09-18T10:54:21Z","positionNote":"Mittelpunkt des OSM-Umgrenzungsrechtecks; kein Eingang"}},{"type":"Feature","id":"osm-way-1211198948","geometry":{"type":"Point","coordinates":[6.8851997,50.9766149]},"properties":{"theme":"play","name":"Spielplatz · OSM 1211198948","place":"Köln","isDemo":false,"source":"© OpenStreetMap-Mitwirkende","sourceUrl":"https://www.openstreetmap.org/way/1211198948","license":"ODbL 1.0","licenseUrl":"https://opendatacommons.org/licenses/odbl/1-0/","dataAsOf":"2026-09-18T10:54:21Z","positionNote":"Mittelpunkt des OSM-Umgrenzungsrechtecks; kein Eingang"}},{"type":"Feature","id":"osm-way-1214109527","geometry":{"type":"Point","coordinates":[6.9281257,50.8606914]},"properties":{"theme":"play","name":"Spielplatz · OSM 1214109527","place":"Köln","isDemo":false,"source":"© OpenStreetMap-Mitwirkende","sourceUrl":"https://www.openstreetmap.org/way/1214109527","license":"ODbL 1.0","licenseUrl":"https://opendatacommons.org/licenses/odbl/1-0/","dataAsOf":"2026-09-18T10:54:21Z","positionNote":"Mittelpunkt des OSM-Umgrenzungsrechtecks; kein Eingang"}},{"type":"Feature","id":"osm-way-1215445184","geometry":{"type":"Point","coordinates":[7.067635,50.8935714]},"properties":{"theme":"play","name":"Spielplatz · OSM 1215445184","place":"Köln","isDemo":false,"source":"© OpenStreetMap-Mitwirkende","sourceUrl":"https://www.openstreetmap.org/way/1215445184","license":"ODbL 1.0","licenseUrl":"https://opendatacommons.org/licenses/odbl/1-0/","dataAsOf":"2026-09-18T10:54:21Z","positionNote":"Mittelpunkt des OSM-Umgrenzungsrechtecks; kein Eingang"}},{"type":"Feature","id":"osm-way-1216597349","geometry":{"type":"Point","coordinates":[7.0343037,50.9408877]},"properties":{"theme":"play","name":"Spielplatz · OSM 1216597349","place":"Köln","isDemo":false,"source":"© OpenStreetMap-Mitwirkende","sourceUrl":"https://www.openstreetmap.org/way/1216597349","license":"ODbL 1.0","licenseUrl":"https://opendatacommons.org/licenses/odbl/1-0/","dataAsOf":"2026-09-18T10:54:21Z","positionNote":"Mittelpunkt des OSM-Umgrenzungsrechtecks; kein Eingang"}},{"type":"Feature","id":"osm-way-1216610509","geometry":{"type":"Point","coordinates":[7.0400925,50.9598408]},"properties":{"theme":"play","name":"Spielplatz · OSM 1216610509","place":"Köln","isDemo":false,"source":"© OpenStreetMap-Mitwirkende","sourceUrl":"https://www.openstreetmap.org/way/1216610509","license":"ODbL 1.0","licenseUrl":"https://opendatacommons.org/licenses/odbl/1-0/","dataAsOf":"2026-09-18T10:54:21Z","positionNote":"Mittelpunkt des OSM-Umgrenzungsrechtecks; kein Eingang"}},{"type":"Feature","id":"osm-way-1216936261","geometry":{"type":"Point","coordinates":[7.0585916,50.9058067]},"properties":{"theme":"play","name":"Spielplatz · OSM 1216936261","place":"Köln","isDemo":false,"source":"© OpenStreetMap-Mitwirkende","sourceUrl":"https://www.openstreetmap.org/way/1216936261","license":"ODbL 1.0","licenseUrl":"https://opendatacommons.org/licenses/odbl/1-0/","dataAsOf":"2026-09-18T10:54:21Z","positionNote":"Mittelpunkt des OSM-Umgrenzungsrechtecks; kein Eingang"}},{"type":"Feature","id":"osm-way-121712650","geometry":{"type":"Point","coordinates":[7.0183174,50.9505703]},"properties":{"theme":"play","name":"Spielplatz · OSM 121712650","place":"Köln","isDemo":false,"source":"© OpenStreetMap-Mitwirkende","sourceUrl":"https://www.openstreetmap.org/way/121712650","license":"ODbL 1.0","licenseUrl":"https://opendatacommons.org/licenses/odbl/1-0/","dataAsOf":"2026-09-18T10:54:21Z","positionNote":"Mittelpunkt des OSM-Umgrenzungsrechtecks; kein Eingang"}},{"type":"Feature","id":"osm-way-1220063701","geometry":{"type":"Point","coordinates":[7.0210026,50.9658505]},"properties":{"theme":"play","name":"Spielplatz · OSM 1220063701","place":"Köln","isDemo":false,"source":"© OpenStreetMap-Mitwirkende","sourceUrl":"https://www.openstreetmap.org/way/1220063701","license":"ODbL 1.0","licenseUrl":"https://opendatacommons.org/licenses/odbl/1-0/","dataAsOf":"2026-09-18T10:54:21Z","positionNote":"Mittelpunkt des OSM-Umgrenzungsrechtecks; kein Eingang"}},{"type":"Feature","id":"osm-way-1220063702","geometry":{"type":"Point","coordinates":[7.0212111,50.9662015]},"properties":{"theme":"play","name":"Spielplatz · OSM 1220063702","place":"Köln","isDemo":false,"source":"© OpenStreetMap-Mitwirkende","sourceUrl":"https://www.openstreetmap.org/way/1220063702","license":"ODbL 1.0","licenseUrl":"https://opendatacommons.org/licenses/odbl/1-0/","dataAsOf":"2026-09-18T10:54:21Z","positionNote":"Mittelpunkt des OSM-Umgrenzungsrechtecks; kein Eingang"}},{"type":"Feature","id":"osm-way-1220063703","geometry":{"type":"Point","coordinates":[7.021415,50.9666322]},"properties":{"theme":"play","name":"Spielplatz · OSM 1220063703","place":"Köln","isDemo":false,"source":"© OpenStreetMap-Mitwirkende","sourceUrl":"https://www.openstreetmap.org/way/1220063703","license":"ODbL 1.0","licenseUrl":"https://opendatacommons.org/licenses/odbl/1-0/","dataAsOf":"2026-09-18T10:54:21Z","positionNote":"Mittelpunkt des OSM-Umgrenzungsrechtecks; kein Eingang"}},{"type":"Feature","id":"osm-way-1220156484","geometry":{"type":"Point","coordinates":[7.0195764,50.9116204]},"properties":{"theme":"play","name":"Spielplatz · OSM 1220156484","place":"Köln","isDemo":false,"source":"© OpenStreetMap-Mitwirkende","sourceUrl":"https://www.openstreetmap.org/way/1220156484","license":"ODbL 1.0","licenseUrl":"https://opendatacommons.org/licenses/odbl/1-0/","dataAsOf":"2026-09-18T10:54:21Z","positionNote":"Mittelpunkt des OSM-Umgrenzungsrechtecks; kein Eingang"}},{"type":"Feature","id":"osm-way-1221858817","geometry":{"type":"Point","coordinates":[7.0022078,50.9268789]},"properties":{"theme":"play","name":"Spielplatz · OSM 1221858817","place":"Köln","isDemo":false,"source":"© OpenStreetMap-Mitwirkende","sourceUrl":"https://www.openstreetmap.org/way/1221858817","license":"ODbL 1.0","licenseUrl":"https://opendatacommons.org/licenses/odbl/1-0/","dataAsOf":"2026-09-18T10:54:21Z","positionNote":"Mittelpunkt des OSM-Umgrenzungsrechtecks; kein Eingang"}},{"type":"Feature","id":"osm-way-1221867895","geometry":{"type":"Point","coordinates":[7.0904958,50.8802833]},"properties":{"theme":"play","name":"Spielplatz · OSM 1221867895","place":"Köln","isDemo":false,"source":"© OpenStreetMap-Mitwirkende","sourceUrl":"https://www.openstreetmap.org/way/1221867895","license":"ODbL 1.0","licenseUrl":"https://opendatacommons.org/licenses/odbl/1-0/","dataAsOf":"2026-09-18T10:54:21Z","positionNote":"Mittelpunkt des OSM-Umgrenzungsrechtecks; kein Eingang"}},{"type":"Feature","id":"osm-way-1221870071","geometry":{"type":"Point","coordinates":[7.0042701,50.8924689]},"properties":{"theme":"play","name":"Spielplatz · OSM 1221870071","place":"Köln","isDemo":false,"source":"© OpenStreetMap-Mitwirkende","sourceUrl":"https://www.openstreetmap.org/way/1221870071","license":"ODbL 1.0","licenseUrl":"https://opendatacommons.org/licenses/odbl/1-0/","dataAsOf":"2026-09-18T10:54:21Z","positionNote":"Mittelpunkt des OSM-Umgrenzungsrechtecks; kein Eingang"}},{"type":"Feature","id":"osm-way-1221873805","geometry":{"type":"Point","coordinates":[6.9109919,50.9632146]},"properties":{"theme":"play","name":"Spielplatz · OSM 1221873805","place":"Köln","isDemo":false,"source":"© OpenStreetMap-Mitwirkende","sourceUrl":"https://www.openstreetmap.org/way/1221873805","license":"ODbL 1.0","licenseUrl":"https://opendatacommons.org/licenses/odbl/1-0/","dataAsOf":"2026-09-18T10:54:21Z","positionNote":"Mittelpunkt des OSM-Umgrenzungsrechtecks; kein Eingang"}},{"type":"Feature","id":"osm-way-1224433700","geometry":{"type":"Point","coordinates":[6.9636218,50.8970569]},"properties":{"theme":"play","name":"Spielplatz · OSM 1224433700","place":"Köln","isDemo":false,"source":"© OpenStreetMap-Mitwirkende","sourceUrl":"https://www.openstreetmap.org/way/1224433700","license":"ODbL 1.0","licenseUrl":"https://opendatacommons.org/licenses/odbl/1-0/","dataAsOf":"2026-09-18T10:54:21Z","positionNote":"Mittelpunkt des OSM-Umgrenzungsrechtecks; kein Eingang"}},{"type":"Feature","id":"osm-way-1226357221","geometry":{"type":"Point","coordinates":[6.8450144,50.9342838]},"properties":{"theme":"play","name":"Spielplatz · OSM 1226357221","place":"Köln","isDemo":false,"source":"© OpenStreetMap-Mitwirkende","sourceUrl":"https://www.openstreetmap.org/way/1226357221","license":"ODbL 1.0","licenseUrl":"https://opendatacommons.org/licenses/odbl/1-0/","dataAsOf":"2026-09-18T10:54:21Z","positionNote":"Mittelpunkt des OSM-Umgrenzungsrechtecks; kein Eingang"}},{"type":"Feature","id":"osm-way-1226357222","geometry":{"type":"Point","coordinates":[6.8451994,50.9341352]},"properties":{"theme":"play","name":"Spielplatz · OSM 1226357222","place":"Köln","isDemo":false,"source":"© OpenStreetMap-Mitwirkende","sourceUrl":"https://www.openstreetmap.org/way/1226357222","license":"ODbL 1.0","licenseUrl":"https://opendatacommons.org/licenses/odbl/1-0/","dataAsOf":"2026-09-18T10:54:21Z","positionNote":"Mittelpunkt des OSM-Umgrenzungsrechtecks; kein Eingang"}},{"type":"Feature","id":"osm-way-1226357223","geometry":{"type":"Point","coordinates":[6.8448202,50.934742]},"properties":{"theme":"play","name":"Spielplatz · OSM 1226357223","place":"Köln","isDemo":false,"source":"© OpenStreetMap-Mitwirkende","sourceUrl":"https://www.openstreetmap.org/way/1226357223","license":"ODbL 1.0","licenseUrl":"https://opendatacommons.org/licenses/odbl/1-0/","dataAsOf":"2026-09-18T10:54:21Z","positionNote":"Mittelpunkt des OSM-Umgrenzungsrechtecks; kein Eingang"}},{"type":"Feature","id":"osm-way-1226529994","geometry":{"type":"Point","coordinates":[6.8941078,51.0215589]},"properties":{"theme":"play","name":"Spielplatz · OSM 1226529994","place":"Köln","isDemo":false,"source":"© OpenStreetMap-Mitwirkende","sourceUrl":"https://www.openstreetmap.org/way/1226529994","license":"ODbL 1.0","licenseUrl":"https://opendatacommons.org/licenses/odbl/1-0/","dataAsOf":"2026-09-18T10:54:21Z","positionNote":"Mittelpunkt des OSM-Umgrenzungsrechtecks; kein Eingang"}},{"type":"Feature","id":"osm-way-1227241318","geometry":{"type":"Point","coordinates":[7.0272496,50.9952803]},"properties":{"theme":"play","name":"Spielplatz · OSM 1227241318","place":"Köln","isDemo":false,"source":"© OpenStreetMap-Mitwirkende","sourceUrl":"https://www.openstreetmap.org/way/1227241318","license":"ODbL 1.0","licenseUrl":"https://opendatacommons.org/licenses/odbl/1-0/","dataAsOf":"2026-09-18T10:54:21Z","positionNote":"Mittelpunkt des OSM-Umgrenzungsrechtecks; kein Eingang"}},{"type":"Feature","id":"osm-way-1227241337","geometry":{"type":"Point","coordinates":[7.0267288,50.9937639]},"properties":{"theme":"play","name":"Spielplatz · OSM 1227241337","place":"Köln","isDemo":false,"source":"© OpenStreetMap-Mitwirkende","sourceUrl":"https://www.openstreetmap.org/way/1227241337","license":"ODbL 1.0","licenseUrl":"https://opendatacommons.org/licenses/odbl/1-0/","dataAsOf":"2026-09-18T10:54:21Z","positionNote":"Mittelpunkt des OSM-Umgrenzungsrechtecks; kein Eingang"}},{"type":"Feature","id":"osm-way-1227894347","geometry":{"type":"Point","coordinates":[6.9444514,50.9631008]},"properties":{"theme":"play","name":"Spielplatz · OSM 1227894347","place":"Köln","isDemo":false,"source":"© OpenStreetMap-Mitwirkende","sourceUrl":"https://www.openstreetmap.org/way/1227894347","license":"ODbL 1.0","licenseUrl":"https://opendatacommons.org/licenses/odbl/1-0/","dataAsOf":"2026-09-18T10:54:21Z","positionNote":"Mittelpunkt des OSM-Umgrenzungsrechtecks; kein Eingang"}},{"type":"Feature","id":"osm-way-1229903074","geometry":{"type":"Point","coordinates":[7.0651864,50.9408776]},"properties":{"theme":"play","name":"Spielplatz · OSM 1229903074","place":"Köln","isDemo":false,"source":"© OpenStreetMap-Mitwirkende","sourceUrl":"https://www.openstreetmap.org/way/1229903074","license":"ODbL 1.0","licenseUrl":"https://opendatacommons.org/licenses/odbl/1-0/","dataAsOf":"2026-09-18T10:54:21Z","positionNote":"Mittelpunkt des OSM-Umgrenzungsrechtecks; kein Eingang"}},{"type":"Feature","id":"osm-way-123002317","geometry":{"type":"Point","coordinates":[7.0225677,50.9306728]},"properties":{"theme":"play","name":"Spielplatz · OSM 123002317","place":"Köln","isDemo":false,"source":"© OpenStreetMap-Mitwirkende","sourceUrl":"https://www.openstreetmap.org/way/123002317","license":"ODbL 1.0","licenseUrl":"https://opendatacommons.org/licenses/odbl/1-0/","dataAsOf":"2026-09-18T10:54:21Z","positionNote":"Mittelpunkt des OSM-Umgrenzungsrechtecks; kein Eingang"}},{"type":"Feature","id":"osm-way-1230443456","geometry":{"type":"Point","coordinates":[7.0559444,50.8792483]},"properties":{"theme":"play","name":"Spielplatz · OSM 1230443456","place":"Köln","isDemo":false,"source":"© OpenStreetMap-Mitwirkende","sourceUrl":"https://www.openstreetmap.org/way/1230443456","license":"ODbL 1.0","licenseUrl":"https://opendatacommons.org/licenses/odbl/1-0/","dataAsOf":"2026-09-18T10:54:21Z","positionNote":"Mittelpunkt des OSM-Umgrenzungsrechtecks; kein Eingang"}},{"type":"Feature","id":"osm-way-1234959031","geometry":{"type":"Point","coordinates":[7.0538529,50.8879037]},"properties":{"theme":"play","name":"Spielplatz · OSM 1234959031","place":"Köln","isDemo":false,"source":"© OpenStreetMap-Mitwirkende","sourceUrl":"https://www.openstreetmap.org/way/1234959031","license":"ODbL 1.0","licenseUrl":"https://opendatacommons.org/licenses/odbl/1-0/","dataAsOf":"2026-09-18T10:54:21Z","positionNote":"Mittelpunkt des OSM-Umgrenzungsrechtecks; kein Eingang"}},{"type":"Feature","id":"osm-way-1236683310","geometry":{"type":"Point","coordinates":[7.0336052,50.8601395]},"properties":{"theme":"play","name":"Spielplatz · OSM 1236683310","place":"Köln","isDemo":false,"source":"© OpenStreetMap-Mitwirkende","sourceUrl":"https://www.openstreetmap.org/way/1236683310","license":"ODbL 1.0","licenseUrl":"https://opendatacommons.org/licenses/odbl/1-0/","dataAsOf":"2026-09-18T10:54:21Z","positionNote":"Mittelpunkt des OSM-Umgrenzungsrechtecks; kein Eingang"}},{"type":"Feature","id":"osm-way-1242329413","geometry":{"type":"Point","coordinates":[6.992214,50.9107511]},"properties":{"theme":"play","name":"Spielplatz · OSM 1242329413","place":"Köln","isDemo":false,"source":"© OpenStreetMap-Mitwirkende","sourceUrl":"https://www.openstreetmap.org/way/1242329413","license":"ODbL 1.0","licenseUrl":"https://opendatacommons.org/licenses/odbl/1-0/","dataAsOf":"2026-09-18T10:54:21Z","positionNote":"Mittelpunkt des OSM-Umgrenzungsrechtecks; kein Eingang"}},{"type":"Feature","id":"osm-way-1243685950","geometry":{"type":"Point","coordinates":[6.9766338,50.9603662]},"properties":{"theme":"play","name":"Spielplatz · OSM 1243685950","place":"Köln","isDemo":false,"source":"© OpenStreetMap-Mitwirkende","sourceUrl":"https://www.openstreetmap.org/way/1243685950","license":"ODbL 1.0","licenseUrl":"https://opendatacommons.org/licenses/odbl/1-0/","dataAsOf":"2026-09-18T10:54:21Z","positionNote":"Mittelpunkt des OSM-Umgrenzungsrechtecks; kein Eingang"}},{"type":"Feature","id":"osm-way-125295055","geometry":{"type":"Point","coordinates":[6.8392045,50.9679733]},"properties":{"theme":"play","name":"Spielplatz · OSM 125295055","place":"Köln","isDemo":false,"source":"© OpenStreetMap-Mitwirkende","sourceUrl":"https://www.openstreetmap.org/way/125295055","license":"ODbL 1.0","licenseUrl":"https://opendatacommons.org/licenses/odbl/1-0/","dataAsOf":"2026-09-18T10:54:21Z","positionNote":"Mittelpunkt des OSM-Umgrenzungsrechtecks; kein Eingang"}},{"type":"Feature","id":"osm-way-1252994380","geometry":{"type":"Point","coordinates":[6.9462221,50.8719969]},"properties":{"theme":"play","name":"Spielplatz · OSM 1252994380","place":"Köln","isDemo":false,"source":"© OpenStreetMap-Mitwirkende","sourceUrl":"https://www.openstreetmap.org/way/1252994380","license":"ODbL 1.0","licenseUrl":"https://opendatacommons.org/licenses/odbl/1-0/","dataAsOf":"2026-09-18T10:54:21Z","positionNote":"Mittelpunkt des OSM-Umgrenzungsrechtecks; kein Eingang"}},{"type":"Feature","id":"osm-way-1257606898","geometry":{"type":"Point","coordinates":[6.9373712,50.9191318]},"properties":{"theme":"play","name":"Spielplatz · OSM 1257606898","place":"Köln","isDemo":false,"source":"© OpenStreetMap-Mitwirkende","sourceUrl":"https://www.openstreetmap.org/way/1257606898","license":"ODbL 1.0","licenseUrl":"https://opendatacommons.org/licenses/odbl/1-0/","dataAsOf":"2026-09-18T10:54:21Z","positionNote":"Mittelpunkt des OSM-Umgrenzungsrechtecks; kein Eingang"}},{"type":"Feature","id":"osm-way-1257616513","geometry":{"type":"Point","coordinates":[7.0300896,50.8992799]},"properties":{"theme":"play","name":"Spielplatz · OSM 1257616513","place":"Köln","isDemo":false,"source":"© OpenStreetMap-Mitwirkende","sourceUrl":"https://www.openstreetmap.org/way/1257616513","license":"ODbL 1.0","licenseUrl":"https://opendatacommons.org/licenses/odbl/1-0/","dataAsOf":"2026-09-18T10:54:21Z","positionNote":"Mittelpunkt des OSM-Umgrenzungsrechtecks; kein Eingang"}},{"type":"Feature","id":"osm-way-1259445511","geometry":{"type":"Point","coordinates":[6.9564824,50.9184347]},"properties":{"theme":"play","name":"Spielplatz · OSM 1259445511","place":"Köln","isDemo":false,"source":"© OpenStreetMap-Mitwirkende","sourceUrl":"https://www.openstreetmap.org/way/1259445511","license":"ODbL 1.0","licenseUrl":"https://opendatacommons.org/licenses/odbl/1-0/","dataAsOf":"2026-09-18T10:54:21Z","positionNote":"Mittelpunkt des OSM-Umgrenzungsrechtecks; kein Eingang"}},{"type":"Feature","id":"osm-way-1259800825","geometry":{"type":"Point","coordinates":[6.9916706,50.9108238]},"properties":{"theme":"play","name":"Spielplatz · OSM 1259800825","place":"Köln","isDemo":false,"source":"© OpenStreetMap-Mitwirkende","sourceUrl":"https://www.openstreetmap.org/way/1259800825","license":"ODbL 1.0","licenseUrl":"https://opendatacommons.org/licenses/odbl/1-0/","dataAsOf":"2026-09-18T10:54:21Z","positionNote":"Mittelpunkt des OSM-Umgrenzungsrechtecks; kein Eingang"}},{"type":"Feature","id":"osm-way-1265920470","geometry":{"type":"Point","coordinates":[7.0929138,50.8766634]},"properties":{"theme":"play","name":"Spielplatz · OSM 1265920470","place":"Köln","isDemo":false,"source":"© OpenStreetMap-Mitwirkende","sourceUrl":"https://www.openstreetmap.org/way/1265920470","license":"ODbL 1.0","licenseUrl":"https://opendatacommons.org/licenses/odbl/1-0/","dataAsOf":"2026-09-18T10:54:21Z","positionNote":"Mittelpunkt des OSM-Umgrenzungsrechtecks; kein Eingang"}},{"type":"Feature","id":"osm-way-1265920471","geometry":{"type":"Point","coordinates":[7.0913864,50.8767299]},"properties":{"theme":"play","name":"Spielplatz · OSM 1265920471","place":"Köln","isDemo":false,"source":"© OpenStreetMap-Mitwirkende","sourceUrl":"https://www.openstreetmap.org/way/1265920471","license":"ODbL 1.0","licenseUrl":"https://opendatacommons.org/licenses/odbl/1-0/","dataAsOf":"2026-09-18T10:54:21Z","positionNote":"Mittelpunkt des OSM-Umgrenzungsrechtecks; kein Eingang"}},{"type":"Feature","id":"osm-way-1266768006","geometry":{"type":"Point","coordinates":[7.00514,50.8463653]},"properties":{"theme":"play","name":"Spielplatz · OSM 1266768006","place":"Köln","isDemo":false,"source":"© OpenStreetMap-Mitwirkende","sourceUrl":"https://www.openstreetmap.org/way/1266768006","license":"ODbL 1.0","licenseUrl":"https://opendatacommons.org/licenses/odbl/1-0/","dataAsOf":"2026-09-18T10:54:21Z","positionNote":"Mittelpunkt des OSM-Umgrenzungsrechtecks; kein Eingang"}},{"type":"Feature","id":"osm-way-1268506209","geometry":{"type":"Point","coordinates":[7.0010768,50.8854456]},"properties":{"theme":"play","name":"Spielplatz · OSM 1268506209","place":"Köln","isDemo":false,"source":"© OpenStreetMap-Mitwirkende","sourceUrl":"https://www.openstreetmap.org/way/1268506209","license":"ODbL 1.0","licenseUrl":"https://opendatacommons.org/licenses/odbl/1-0/","dataAsOf":"2026-09-18T10:54:21Z","positionNote":"Mittelpunkt des OSM-Umgrenzungsrechtecks; kein Eingang"}},{"type":"Feature","id":"osm-way-127071448","geometry":{"type":"Point","coordinates":[6.9689762,50.9198351]},"properties":{"theme":"play","name":"Spielplatz · OSM 127071448","place":"Köln","isDemo":false,"source":"© OpenStreetMap-Mitwirkende","sourceUrl":"https://www.openstreetmap.org/way/127071448","license":"ODbL 1.0","licenseUrl":"https://opendatacommons.org/licenses/odbl/1-0/","dataAsOf":"2026-09-18T10:54:21Z","positionNote":"Mittelpunkt des OSM-Umgrenzungsrechtecks; kein Eingang"}},{"type":"Feature","id":"osm-way-127071450","geometry":{"type":"Point","coordinates":[6.9681652,50.9215321]},"properties":{"theme":"play","name":"Spielplatz · OSM 127071450","place":"Köln","isDemo":false,"source":"© OpenStreetMap-Mitwirkende","sourceUrl":"https://www.openstreetmap.org/way/127071450","license":"ODbL 1.0","licenseUrl":"https://opendatacommons.org/licenses/odbl/1-0/","dataAsOf":"2026-09-18T10:54:21Z","positionNote":"Mittelpunkt des OSM-Umgrenzungsrechtecks; kein Eingang"}},{"type":"Feature","id":"osm-way-127071451","geometry":{"type":"Point","coordinates":[6.9687648,50.9202635]},"properties":{"theme":"play","name":"Spielplatz · OSM 127071451","place":"Köln","isDemo":false,"source":"© OpenStreetMap-Mitwirkende","sourceUrl":"https://www.openstreetmap.org/way/127071451","license":"ODbL 1.0","licenseUrl":"https://opendatacommons.org/licenses/odbl/1-0/","dataAsOf":"2026-09-18T10:54:21Z","positionNote":"Mittelpunkt des OSM-Umgrenzungsrechtecks; kein Eingang"}},{"type":"Feature","id":"osm-way-127071454","geometry":{"type":"Point","coordinates":[6.968578,50.9206575]},"properties":{"theme":"play","name":"Spielplatz · OSM 127071454","place":"Köln","isDemo":false,"source":"© OpenStreetMap-Mitwirkende","sourceUrl":"https://www.openstreetmap.org/way/127071454","license":"ODbL 1.0","licenseUrl":"https://opendatacommons.org/licenses/odbl/1-0/","dataAsOf":"2026-09-18T10:54:21Z","positionNote":"Mittelpunkt des OSM-Umgrenzungsrechtecks; kein Eingang"}},{"type":"Feature","id":"osm-way-127071455","geometry":{"type":"Point","coordinates":[6.9683471,50.9211512]},"properties":{"theme":"play","name":"Spielplatz · OSM 127071455","place":"Köln","isDemo":false,"source":"© OpenStreetMap-Mitwirkende","sourceUrl":"https://www.openstreetmap.org/way/127071455","license":"ODbL 1.0","licenseUrl":"https://opendatacommons.org/licenses/odbl/1-0/","dataAsOf":"2026-09-18T10:54:21Z","positionNote":"Mittelpunkt des OSM-Umgrenzungsrechtecks; kein Eingang"}},{"type":"Feature","id":"osm-way-127071456","geometry":{"type":"Point","coordinates":[6.9691784,50.9194238]},"properties":{"theme":"play","name":"Spielplatz · OSM 127071456","place":"Köln","isDemo":false,"source":"© OpenStreetMap-Mitwirkende","sourceUrl":"https://www.openstreetmap.org/way/127071456","license":"ODbL 1.0","licenseUrl":"https://opendatacommons.org/licenses/odbl/1-0/","dataAsOf":"2026-09-18T10:54:21Z","positionNote":"Mittelpunkt des OSM-Umgrenzungsrechtecks; kein Eingang"}},{"type":"Feature","id":"osm-way-1270945192","geometry":{"type":"Point","coordinates":[6.9391233,50.9134593]},"properties":{"theme":"play","name":"Spielplatz · OSM 1270945192","place":"Köln","isDemo":false,"source":"© OpenStreetMap-Mitwirkende","sourceUrl":"https://www.openstreetmap.org/way/1270945192","license":"ODbL 1.0","licenseUrl":"https://opendatacommons.org/licenses/odbl/1-0/","dataAsOf":"2026-09-18T10:54:21Z","positionNote":"Mittelpunkt des OSM-Umgrenzungsrechtecks; kein Eingang"}},{"type":"Feature","id":"osm-way-1271178399","geometry":{"type":"Point","coordinates":[6.8587336,50.9390116]},"properties":{"theme":"play","name":"Spielplatz · OSM 1271178399","place":"Köln","isDemo":false,"source":"© OpenStreetMap-Mitwirkende","sourceUrl":"https://www.openstreetmap.org/way/1271178399","license":"ODbL 1.0","licenseUrl":"https://opendatacommons.org/licenses/odbl/1-0/","dataAsOf":"2026-09-18T10:54:21Z","positionNote":"Mittelpunkt des OSM-Umgrenzungsrechtecks; kein Eingang"}},{"type":"Feature","id":"osm-way-1271290950","geometry":{"type":"Point","coordinates":[6.9481176,50.9147321]},"properties":{"theme":"play","name":"Spielplatz · OSM 1271290950","place":"Köln","isDemo":false,"source":"© OpenStreetMap-Mitwirkende","sourceUrl":"https://www.openstreetmap.org/way/1271290950","license":"ODbL 1.0","licenseUrl":"https://opendatacommons.org/licenses/odbl/1-0/","dataAsOf":"2026-09-18T10:54:21Z","positionNote":"Mittelpunkt des OSM-Umgrenzungsrechtecks; kein Eingang"}},{"type":"Feature","id":"osm-way-1272401253","geometry":{"type":"Point","coordinates":[6.9252108,50.9304134]},"properties":{"theme":"play","name":"Spielplatz · OSM 1272401253","place":"Köln","isDemo":false,"source":"© OpenStreetMap-Mitwirkende","sourceUrl":"https://www.openstreetmap.org/way/1272401253","license":"ODbL 1.0","licenseUrl":"https://opendatacommons.org/licenses/odbl/1-0/","dataAsOf":"2026-09-18T10:54:21Z","positionNote":"Mittelpunkt des OSM-Umgrenzungsrechtecks; kein Eingang"}},{"type":"Feature","id":"osm-way-1273944819","geometry":{"type":"Point","coordinates":[6.8751013,50.9245291]},"properties":{"theme":"play","name":"Spielplatz · OSM 1273944819","place":"Köln","isDemo":false,"source":"© OpenStreetMap-Mitwirkende","sourceUrl":"https://www.openstreetmap.org/way/1273944819","license":"ODbL 1.0","licenseUrl":"https://opendatacommons.org/licenses/odbl/1-0/","dataAsOf":"2026-09-18T10:54:21Z","positionNote":"Mittelpunkt des OSM-Umgrenzungsrechtecks; kein Eingang"}},{"type":"Feature","id":"osm-way-1275041690","geometry":{"type":"Point","coordinates":[6.9910478,50.9496064]},"properties":{"theme":"play","name":"Spielplatz · OSM 1275041690","place":"Köln","isDemo":false,"source":"© OpenStreetMap-Mitwirkende","sourceUrl":"https://www.openstreetmap.org/way/1275041690","license":"ODbL 1.0","licenseUrl":"https://opendatacommons.org/licenses/odbl/1-0/","dataAsOf":"2026-09-18T10:54:21Z","positionNote":"Mittelpunkt des OSM-Umgrenzungsrechtecks; kein Eingang"}},{"type":"Feature","id":"osm-way-1275046776","geometry":{"type":"Point","coordinates":[6.8976382,51.0228163]},"properties":{"theme":"play","name":"Spielplatz · OSM 1275046776","place":"Köln","isDemo":false,"source":"© OpenStreetMap-Mitwirkende","sourceUrl":"https://www.openstreetmap.org/way/1275046776","license":"ODbL 1.0","licenseUrl":"https://opendatacommons.org/licenses/odbl/1-0/","dataAsOf":"2026-09-18T10:54:21Z","positionNote":"Mittelpunkt des OSM-Umgrenzungsrechtecks; kein Eingang"}},{"type":"Feature","id":"osm-way-1275076557","geometry":{"type":"Point","coordinates":[7.022324,50.9323605]},"properties":{"theme":"play","name":"Spielplatz · OSM 1275076557","place":"Köln","isDemo":false,"source":"© OpenStreetMap-Mitwirkende","sourceUrl":"https://www.openstreetmap.org/way/1275076557","license":"ODbL 1.0","licenseUrl":"https://opendatacommons.org/licenses/odbl/1-0/","dataAsOf":"2026-09-18T10:54:21Z","positionNote":"Mittelpunkt des OSM-Umgrenzungsrechtecks; kein Eingang"}},{"type":"Feature","id":"osm-way-1275410275","geometry":{"type":"Point","coordinates":[7.0728771,50.9757269]},"properties":{"theme":"play","name":"Spielplatz · OSM 1275410275","place":"Köln","isDemo":false,"source":"© OpenStreetMap-Mitwirkende","sourceUrl":"https://www.openstreetmap.org/way/1275410275","license":"ODbL 1.0","licenseUrl":"https://opendatacommons.org/licenses/odbl/1-0/","dataAsOf":"2026-09-18T10:54:21Z","positionNote":"Mittelpunkt des OSM-Umgrenzungsrechtecks; kein Eingang"}},{"type":"Feature","id":"osm-way-1275833923","geometry":{"type":"Point","coordinates":[6.9354088,50.9110272]},"properties":{"theme":"play","name":"Spielplatz · OSM 1275833923","place":"Köln","isDemo":false,"source":"© OpenStreetMap-Mitwirkende","sourceUrl":"https://www.openstreetmap.org/way/1275833923","license":"ODbL 1.0","licenseUrl":"https://opendatacommons.org/licenses/odbl/1-0/","dataAsOf":"2026-09-18T10:54:21Z","positionNote":"Mittelpunkt des OSM-Umgrenzungsrechtecks; kein Eingang"}},{"type":"Feature","id":"osm-way-1278075634","geometry":{"type":"Point","coordinates":[7.0579861,50.8741821]},"properties":{"theme":"play","name":"Spielplatz · OSM 1278075634","place":"Köln","isDemo":false,"source":"© OpenStreetMap-Mitwirkende","sourceUrl":"https://www.openstreetmap.org/way/1278075634","license":"ODbL 1.0","licenseUrl":"https://opendatacommons.org/licenses/odbl/1-0/","dataAsOf":"2026-09-18T10:54:21Z","positionNote":"Mittelpunkt des OSM-Umgrenzungsrechtecks; kein Eingang"}},{"type":"Feature","id":"osm-way-1278159264","geometry":{"type":"Point","coordinates":[7.057072,50.8983381]},"properties":{"theme":"play","name":"Spielplatz · OSM 1278159264","place":"Köln","isDemo":false,"source":"© OpenStreetMap-Mitwirkende","sourceUrl":"https://www.openstreetmap.org/way/1278159264","license":"ODbL 1.0","licenseUrl":"https://opendatacommons.org/licenses/odbl/1-0/","dataAsOf":"2026-09-18T10:54:21Z","positionNote":"Mittelpunkt des OSM-Umgrenzungsrechtecks; kein Eingang"}},{"type":"Feature","id":"osm-way-1278482777","geometry":{"type":"Point","coordinates":[7.0607999,50.8814518]},"properties":{"theme":"play","name":"Spielplatz · OSM 1278482777","place":"Köln","isDemo":false,"source":"© OpenStreetMap-Mitwirkende","sourceUrl":"https://www.openstreetmap.org/way/1278482777","license":"ODbL 1.0","licenseUrl":"https://opendatacommons.org/licenses/odbl/1-0/","dataAsOf":"2026-09-18T10:54:21Z","positionNote":"Mittelpunkt des OSM-Umgrenzungsrechtecks; kein Eingang"}},{"type":"Feature","id":"osm-way-1279999956","geometry":{"type":"Point","coordinates":[7.065168,50.9743919]},"properties":{"theme":"play","name":"Spielplatz · OSM 1279999956","place":"Köln","isDemo":false,"source":"© OpenStreetMap-Mitwirkende","sourceUrl":"https://www.openstreetmap.org/way/1279999956","license":"ODbL 1.0","licenseUrl":"https://opendatacommons.org/licenses/odbl/1-0/","dataAsOf":"2026-09-18T10:54:21Z","positionNote":"Mittelpunkt des OSM-Umgrenzungsrechtecks; kein Eingang"}},{"type":"Feature","id":"osm-way-1279999957","geometry":{"type":"Point","coordinates":[7.0658032,50.9745951]},"properties":{"theme":"play","name":"Spielplatz · OSM 1279999957","place":"Köln","isDemo":false,"source":"© OpenStreetMap-Mitwirkende","sourceUrl":"https://www.openstreetmap.org/way/1279999957","license":"ODbL 1.0","licenseUrl":"https://opendatacommons.org/licenses/odbl/1-0/","dataAsOf":"2026-09-18T10:54:21Z","positionNote":"Mittelpunkt des OSM-Umgrenzungsrechtecks; kein Eingang"}},{"type":"Feature","id":"osm-way-1280029808","geometry":{"type":"Point","coordinates":[7.049511,50.9725746]},"properties":{"theme":"play","name":"Spielplatz · OSM 1280029808","place":"Köln","isDemo":false,"source":"© OpenStreetMap-Mitwirkende","sourceUrl":"https://www.openstreetmap.org/way/1280029808","license":"ODbL 1.0","licenseUrl":"https://opendatacommons.org/licenses/odbl/1-0/","dataAsOf":"2026-09-18T10:54:21Z","positionNote":"Mittelpunkt des OSM-Umgrenzungsrechtecks; kein Eingang"}},{"type":"Feature","id":"osm-way-1280359772","geometry":{"type":"Point","coordinates":[6.9998444,50.9310524]},"properties":{"theme":"play","name":"Spielplatz · OSM 1280359772","place":"Köln","isDemo":false,"source":"© OpenStreetMap-Mitwirkende","sourceUrl":"https://www.openstreetmap.org/way/1280359772","license":"ODbL 1.0","licenseUrl":"https://opendatacommons.org/licenses/odbl/1-0/","dataAsOf":"2026-09-18T10:54:21Z","positionNote":"Mittelpunkt des OSM-Umgrenzungsrechtecks; kein Eingang"}},{"type":"Feature","id":"osm-way-1282192622","geometry":{"type":"Point","coordinates":[6.9942874,50.9830751]},"properties":{"theme":"play","name":"Spielplatz · OSM 1282192622","place":"Köln","isDemo":false,"source":"© OpenStreetMap-Mitwirkende","sourceUrl":"https://www.openstreetmap.org/way/1282192622","license":"ODbL 1.0","licenseUrl":"https://opendatacommons.org/licenses/odbl/1-0/","dataAsOf":"2026-09-18T10:54:21Z","positionNote":"Mittelpunkt des OSM-Umgrenzungsrechtecks; kein Eingang"}},{"type":"Feature","id":"osm-way-1283010555","geometry":{"type":"Point","coordinates":[7.0392538,50.934623]},"properties":{"theme":"play","name":"Spielplatz · OSM 1283010555","place":"Köln","isDemo":false,"source":"© OpenStreetMap-Mitwirkende","sourceUrl":"https://www.openstreetmap.org/way/1283010555","license":"ODbL 1.0","licenseUrl":"https://opendatacommons.org/licenses/odbl/1-0/","dataAsOf":"2026-09-18T10:54:21Z","positionNote":"Mittelpunkt des OSM-Umgrenzungsrechtecks; kein Eingang"}},{"type":"Feature","id":"osm-way-1283013535","geometry":{"type":"Point","coordinates":[7.0389155,50.9336694]},"properties":{"theme":"play","name":"Spielplatz · OSM 1283013535","place":"Köln","isDemo":false,"source":"© OpenStreetMap-Mitwirkende","sourceUrl":"https://www.openstreetmap.org/way/1283013535","license":"ODbL 1.0","licenseUrl":"https://opendatacommons.org/licenses/odbl/1-0/","dataAsOf":"2026-09-18T10:54:21Z","positionNote":"Mittelpunkt des OSM-Umgrenzungsrechtecks; kein Eingang"}},{"type":"Feature","id":"osm-way-1283026565","geometry":{"type":"Point","coordinates":[7.0440202,50.9355468]},"properties":{"theme":"play","name":"Spielplatz · OSM 1283026565","place":"Köln","isDemo":false,"source":"© OpenStreetMap-Mitwirkende","sourceUrl":"https://www.openstreetmap.org/way/1283026565","license":"ODbL 1.0","licenseUrl":"https://opendatacommons.org/licenses/odbl/1-0/","dataAsOf":"2026-09-18T10:54:21Z","positionNote":"Mittelpunkt des OSM-Umgrenzungsrechtecks; kein Eingang"}},{"type":"Feature","id":"osm-way-1283238830","geometry":{"type":"Point","coordinates":[7.0463528,50.951295]},"properties":{"theme":"play","name":"Spielplatz · OSM 1283238830","place":"Köln","isDemo":false,"source":"© OpenStreetMap-Mitwirkende","sourceUrl":"https://www.openstreetmap.org/way/1283238830","license":"ODbL 1.0","licenseUrl":"https://opendatacommons.org/licenses/odbl/1-0/","dataAsOf":"2026-09-18T10:54:21Z","positionNote":"Mittelpunkt des OSM-Umgrenzungsrechtecks; kein Eingang"}},{"type":"Feature","id":"osm-way-1283238831","geometry":{"type":"Point","coordinates":[7.0460768,50.9506366]},"properties":{"theme":"play","name":"Spielplatz · OSM 1283238831","place":"Köln","isDemo":false,"source":"© OpenStreetMap-Mitwirkende","sourceUrl":"https://www.openstreetmap.org/way/1283238831","license":"ODbL 1.0","licenseUrl":"https://opendatacommons.org/licenses/odbl/1-0/","dataAsOf":"2026-09-18T10:54:21Z","positionNote":"Mittelpunkt des OSM-Umgrenzungsrechtecks; kein Eingang"}},{"type":"Feature","id":"osm-way-1284245125","geometry":{"type":"Point","coordinates":[7.0030005,50.9363632]},"properties":{"theme":"play","name":"Spielplatz · OSM 1284245125","place":"Köln","isDemo":false,"source":"© OpenStreetMap-Mitwirkende","sourceUrl":"https://www.openstreetmap.org/way/1284245125","license":"ODbL 1.0","licenseUrl":"https://opendatacommons.org/licenses/odbl/1-0/","dataAsOf":"2026-09-18T10:54:21Z","positionNote":"Mittelpunkt des OSM-Umgrenzungsrechtecks; kein Eingang"}},{"type":"Feature","id":"osm-way-1284245126","geometry":{"type":"Point","coordinates":[7.0015616,50.9362684]},"properties":{"theme":"play","name":"Spielplatz · OSM 1284245126","place":"Köln","isDemo":false,"source":"© OpenStreetMap-Mitwirkende","sourceUrl":"https://www.openstreetmap.org/way/1284245126","license":"ODbL 1.0","licenseUrl":"https://opendatacommons.org/licenses/odbl/1-0/","dataAsOf":"2026-09-18T10:54:21Z","positionNote":"Mittelpunkt des OSM-Umgrenzungsrechtecks; kein Eingang"}},{"type":"Feature","id":"osm-way-1284378592","geometry":{"type":"Point","coordinates":[7.0039637,50.9435148]},"properties":{"theme":"play","name":"Spielplatz · OSM 1284378592","place":"Köln","isDemo":false,"source":"© OpenStreetMap-Mitwirkende","sourceUrl":"https://www.openstreetmap.org/way/1284378592","license":"ODbL 1.0","licenseUrl":"https://opendatacommons.org/licenses/odbl/1-0/","dataAsOf":"2026-09-18T10:54:21Z","positionNote":"Mittelpunkt des OSM-Umgrenzungsrechtecks; kein Eingang"}},{"type":"Feature","id":"osm-way-1284487915","geometry":{"type":"Point","coordinates":[7.011986,50.9426277]},"properties":{"theme":"play","name":"Spielplatz · OSM 1284487915","place":"Köln","isDemo":false,"source":"© OpenStreetMap-Mitwirkende","sourceUrl":"https://www.openstreetmap.org/way/1284487915","license":"ODbL 1.0","licenseUrl":"https://opendatacommons.org/licenses/odbl/1-0/","dataAsOf":"2026-09-18T10:54:21Z","positionNote":"Mittelpunkt des OSM-Umgrenzungsrechtecks; kein Eingang"}},{"type":"Feature","id":"osm-way-1284487917","geometry":{"type":"Point","coordinates":[7.0126237,50.94188]},"properties":{"theme":"play","name":"Spielplatz · OSM 1284487917","place":"Köln","isDemo":false,"source":"© OpenStreetMap-Mitwirkende","sourceUrl":"https://www.openstreetmap.org/way/1284487917","license":"ODbL 1.0","licenseUrl":"https://opendatacommons.org/licenses/odbl/1-0/","dataAsOf":"2026-09-18T10:54:21Z","positionNote":"Mittelpunkt des OSM-Umgrenzungsrechtecks; kein Eingang"}},{"type":"Feature","id":"osm-way-1284504777","geometry":{"type":"Point","coordinates":[7.0060531,50.9528703]},"properties":{"theme":"play","name":"Spielplatz · OSM 1284504777","place":"Köln","isDemo":false,"source":"© OpenStreetMap-Mitwirkende","sourceUrl":"https://www.openstreetmap.org/way/1284504777","license":"ODbL 1.0","licenseUrl":"https://opendatacommons.org/licenses/odbl/1-0/","dataAsOf":"2026-09-18T10:54:21Z","positionNote":"Mittelpunkt des OSM-Umgrenzungsrechtecks; kein Eingang"}},{"type":"Feature","id":"osm-way-128876484","geometry":{"type":"Point","coordinates":[6.969629,50.9122122]},"properties":{"theme":"play","name":"Spielplatz · OSM 128876484","place":"Köln","isDemo":false,"source":"© OpenStreetMap-Mitwirkende","sourceUrl":"https://www.openstreetmap.org/way/128876484","license":"ODbL 1.0","licenseUrl":"https://opendatacommons.org/licenses/odbl/1-0/","dataAsOf":"2026-09-18T10:54:21Z","positionNote":"Mittelpunkt des OSM-Umgrenzungsrechtecks; kein Eingang"}},{"type":"Feature","id":"osm-way-1288780973","geometry":{"type":"Point","coordinates":[7.0189198,50.9479688]},"properties":{"theme":"play","name":"Spielplatz · OSM 1288780973","place":"Köln","isDemo":false,"source":"© OpenStreetMap-Mitwirkende","sourceUrl":"https://www.openstreetmap.org/way/1288780973","license":"ODbL 1.0","licenseUrl":"https://opendatacommons.org/licenses/odbl/1-0/","dataAsOf":"2026-09-18T10:54:21Z","positionNote":"Mittelpunkt des OSM-Umgrenzungsrechtecks; kein Eingang"}},{"type":"Feature","id":"osm-way-1289153207","geometry":{"type":"Point","coordinates":[6.9532963,50.9307384]},"properties":{"theme":"play","name":"Spielplatz · OSM 1289153207","place":"Köln","isDemo":false,"source":"© OpenStreetMap-Mitwirkende","sourceUrl":"https://www.openstreetmap.org/way/1289153207","license":"ODbL 1.0","licenseUrl":"https://opendatacommons.org/licenses/odbl/1-0/","dataAsOf":"2026-09-18T10:54:21Z","positionNote":"Mittelpunkt des OSM-Umgrenzungsrechtecks; kein Eingang"}},{"type":"Feature","id":"osm-way-1290277047","geometry":{"type":"Point","coordinates":[7.0686343,50.8868208]},"properties":{"theme":"play","name":"Spielplatz · OSM 1290277047","place":"Köln","isDemo":false,"source":"© OpenStreetMap-Mitwirkende","sourceUrl":"https://www.openstreetmap.org/way/1290277047","license":"ODbL 1.0","licenseUrl":"https://opendatacommons.org/licenses/odbl/1-0/","dataAsOf":"2026-09-18T10:54:21Z","positionNote":"Mittelpunkt des OSM-Umgrenzungsrechtecks; kein Eingang"}},{"type":"Feature","id":"osm-way-1290277048","geometry":{"type":"Point","coordinates":[7.0690742,50.8865146]},"properties":{"theme":"play","name":"Spielplatz · OSM 1290277048","place":"Köln","isDemo":false,"source":"© OpenStreetMap-Mitwirkende","sourceUrl":"https://www.openstreetmap.org/way/1290277048","license":"ODbL 1.0","licenseUrl":"https://opendatacommons.org/licenses/odbl/1-0/","dataAsOf":"2026-09-18T10:54:21Z","positionNote":"Mittelpunkt des OSM-Umgrenzungsrechtecks; kein Eingang"}},{"type":"Feature","id":"osm-way-1290510132","geometry":{"type":"Point","coordinates":[6.8989635,51.0191779]},"properties":{"theme":"play","name":"Spielplatz · OSM 1290510132","place":"Köln","isDemo":false,"source":"© OpenStreetMap-Mitwirkende","sourceUrl":"https://www.openstreetmap.org/way/1290510132","license":"ODbL 1.0","licenseUrl":"https://opendatacommons.org/licenses/odbl/1-0/","dataAsOf":"2026-09-18T10:54:21Z","positionNote":"Mittelpunkt des OSM-Umgrenzungsrechtecks; kein Eingang"}},{"type":"Feature","id":"osm-node-10926904238","geometry":{"type":"Point","coordinates":[7.1127699,50.9369875]},"properties":{"theme":"trees","name":"12 Apostelbuche","place":"Köln","isDemo":false,"source":"© OpenStreetMap-Mitwirkende","sourceUrl":"https://www.openstreetmap.org/node/10926904238","license":"ODbL 1.0","licenseUrl":"https://opendatacommons.org/licenses/odbl/1-0/","dataAsOf":"2026-09-18T10:54:21Z","positionNote":"OSM-Punktstandort"}},{"type":"Feature","id":"osm-node-12445698951","geometry":{"type":"Point","coordinates":[6.9711014,50.9628159]},"properties":{"theme":"trees","name":"Sumpfzypresse","place":"Köln","isDemo":false,"source":"© OpenStreetMap-Mitwirkende","sourceUrl":"https://www.openstreetmap.org/node/12445698951","license":"ODbL 1.0","licenseUrl":"https://opendatacommons.org/licenses/odbl/1-0/","dataAsOf":"2026-09-18T10:54:21Z","positionNote":"OSM-Punktstandort","species":"Taxodium distichum"}},{"type":"Feature","id":"osm-node-12488598272","geometry":{"type":"Point","coordinates":[6.967995,50.9600379]},"properties":{"theme":"trees","name":"Hanfpalme","place":"Köln","isDemo":false,"source":"© OpenStreetMap-Mitwirkende","sourceUrl":"https://www.openstreetmap.org/node/12488598272","license":"ODbL 1.0","licenseUrl":"https://opendatacommons.org/licenses/odbl/1-0/","dataAsOf":"2026-09-18T10:54:21Z","positionNote":"OSM-Punktstandort","species":"Trachycarpus"}},{"type":"Feature","id":"osm-node-12498485139","geometry":{"type":"Point","coordinates":[6.9698061,50.9626654]},"properties":{"theme":"trees","name":"Riesen-Mammutbaum","place":"Köln","isDemo":false,"source":"© OpenStreetMap-Mitwirkende","sourceUrl":"https://www.openstreetmap.org/node/12498485139","license":"ODbL 1.0","licenseUrl":"https://opendatacommons.org/licenses/odbl/1-0/","dataAsOf":"2026-09-18T10:54:21Z","positionNote":"OSM-Punktstandort","species":"Sequoiadendron giganteum"}},{"type":"Feature","id":"osm-node-12558428449","geometry":{"type":"Point","coordinates":[6.96854,50.959434]},"properties":{"theme":"trees","name":"Rambler-Rose","place":"Köln","isDemo":false,"source":"© OpenStreetMap-Mitwirkende","sourceUrl":"https://www.openstreetmap.org/node/12558428449","license":"ODbL 1.0","licenseUrl":"https://opendatacommons.org/licenses/odbl/1-0/","dataAsOf":"2026-09-18T10:54:21Z","positionNote":"OSM-Punktstandort"}},{"type":"Feature","id":"osm-node-13473929840","geometry":{"type":"Point","coordinates":[6.9918721,50.9160091]},"properties":{"theme":"trees","name":"Ewiger Weihnachtsbaum","place":"Köln","isDemo":false,"source":"© OpenStreetMap-Mitwirkende","sourceUrl":"https://www.openstreetmap.org/node/13473929840","license":"ODbL 1.0","licenseUrl":"https://opendatacommons.org/licenses/odbl/1-0/","dataAsOf":"2026-09-18T10:54:21Z","positionNote":"OSM-Punktstandort"}},{"type":"Feature","id":"osm-node-2495336238","geometry":{"type":"Point","coordinates":[6.9524786,50.9495323]},"properties":{"theme":"trees","name":"Schuhbaum","place":"Köln","isDemo":false,"source":"© OpenStreetMap-Mitwirkende","sourceUrl":"https://www.openstreetmap.org/node/2495336238","license":"ODbL 1.0","licenseUrl":"https://opendatacommons.org/licenses/odbl/1-0/","dataAsOf":"2026-09-18T10:54:21Z","positionNote":"OSM-Punktstandort"}},{"type":"Feature","id":"osm-node-3676619035","geometry":{"type":"Point","coordinates":[6.970823,50.9619278]},"properties":{"theme":"trees","name":"Himalaya-Zeder","place":"Köln","isDemo":false,"source":"© OpenStreetMap-Mitwirkende","sourceUrl":"https://www.openstreetmap.org/node/3676619035","license":"ODbL 1.0","licenseUrl":"https://opendatacommons.org/licenses/odbl/1-0/","dataAsOf":"2026-09-18T10:54:21Z","positionNote":"OSM-Punktstandort","species":"Cedrus deodara"}},{"type":"Feature","id":"osm-node-3677162351","geometry":{"type":"Point","coordinates":[6.9703747,50.9623375]},"properties":{"theme":"trees","name":"Bitterorange","place":"Köln","isDemo":false,"source":"© OpenStreetMap-Mitwirkende","sourceUrl":"https://www.openstreetmap.org/node/3677162351","license":"ODbL 1.0","licenseUrl":"https://opendatacommons.org/licenses/odbl/1-0/","dataAsOf":"2026-09-18T10:54:21Z","positionNote":"OSM-Punktstandort","species":"Bitterorange"}},{"type":"Feature","id":"osm-node-3677162353","geometry":{"type":"Point","coordinates":[6.9703971,50.962796]},"properties":{"theme":"trees","name":"Urwelt-Mammutbaum","place":"Köln","isDemo":false,"source":"© OpenStreetMap-Mitwirkende","sourceUrl":"https://www.openstreetmap.org/node/3677162353","license":"ODbL 1.0","licenseUrl":"https://opendatacommons.org/licenses/odbl/1-0/","dataAsOf":"2026-09-18T10:54:21Z","positionNote":"OSM-Punktstandort","species":"Metasequoia glyptostroboides"}},{"type":"Feature","id":"osm-node-3677183322","geometry":{"type":"Point","coordinates":[6.9704266,50.9606101]},"properties":{"theme":"trees","name":"Magnolie","place":"Köln","isDemo":false,"source":"© OpenStreetMap-Mitwirkende","sourceUrl":"https://www.openstreetmap.org/node/3677183322","license":"ODbL 1.0","licenseUrl":"https://opendatacommons.org/licenses/odbl/1-0/","dataAsOf":"2026-09-18T10:54:21Z","positionNote":"OSM-Punktstandort"}},{"type":"Feature","id":"osm-node-3677203101","geometry":{"type":"Point","coordinates":[6.9712824,50.9588408]},"properties":{"theme":"trees","name":"Schwarzkiefer","place":"Köln","isDemo":false,"source":"© OpenStreetMap-Mitwirkende","sourceUrl":"https://www.openstreetmap.org/node/3677203101","license":"ODbL 1.0","licenseUrl":"https://opendatacommons.org/licenses/odbl/1-0/","dataAsOf":"2026-09-18T10:54:21Z","positionNote":"OSM-Punktstandort"}},{"type":"Feature","id":"osm-node-5264790273","geometry":{"type":"Point","coordinates":[6.9698104,50.9616243]},"properties":{"theme":"trees","name":"Blauglockenbaum","place":"Köln","isDemo":false,"source":"© OpenStreetMap-Mitwirkende","sourceUrl":"https://www.openstreetmap.org/node/5264790273","license":"ODbL 1.0","licenseUrl":"https://opendatacommons.org/licenses/odbl/1-0/","dataAsOf":"2026-09-18T10:54:21Z","positionNote":"OSM-Punktstandort","species":"Paulownia tomentosa"}},{"type":"Feature","id":"osm-node-11124345198","geometry":{"type":"Point","coordinates":[6.8986633,51.0224338]},"properties":{"theme":"water","name":"Spielbrunnen","place":"Köln","isDemo":false,"source":"© OpenStreetMap-Mitwirkende","sourceUrl":"https://www.openstreetmap.org/node/11124345198","license":"ODbL 1.0","licenseUrl":"https://opendatacommons.org/licenses/odbl/1-0/","dataAsOf":"2026-09-18T10:54:21Z","positionNote":"OSM-Punktstandort","kind":"Brunnen"}},{"type":"Feature","id":"osm-node-11786805419","geometry":{"type":"Point","coordinates":[6.9767544,50.9500562]},"properties":{"theme":"water","name":"Igelbrunnen","place":"Köln","isDemo":false,"source":"© OpenStreetMap-Mitwirkende","sourceUrl":"https://www.openstreetmap.org/node/11786805419","license":"ODbL 1.0","licenseUrl":"https://opendatacommons.org/licenses/odbl/1-0/","dataAsOf":"2026-09-18T10:54:21Z","positionNote":"OSM-Punktstandort","kind":"Brunnen"}},{"type":"Feature","id":"osm-node-1261916040","geometry":{"type":"Point","coordinates":[6.9627575,50.9471336]},"properties":{"theme":"water","name":"St. Clemensbrunnen","place":"Köln","isDemo":false,"source":"© OpenStreetMap-Mitwirkende","sourceUrl":"https://www.openstreetmap.org/node/1261916040","license":"ODbL 1.0","licenseUrl":"https://opendatacommons.org/licenses/odbl/1-0/","dataAsOf":"2026-09-18T10:54:21Z","positionNote":"OSM-Punktstandort","kind":"Brunnen"}},{"type":"Feature","id":"osm-node-1273342351","geometry":{"type":"Point","coordinates":[6.9407656,50.9429892]},"properties":{"theme":"water","name":"Gothaer Brunnen","place":"Köln","isDemo":false,"source":"© OpenStreetMap-Mitwirkende","sourceUrl":"https://www.openstreetmap.org/node/1273342351","license":"ODbL 1.0","licenseUrl":"https://opendatacommons.org/licenses/odbl/1-0/","dataAsOf":"2026-09-18T10:54:21Z","positionNote":"OSM-Punktstandort","kind":"Brunnen"}},{"type":"Feature","id":"osm-node-13076413135","geometry":{"type":"Point","coordinates":[6.9192089,50.9472762]},"properties":{"theme":"water","name":"Neptunbrunnen","place":"Köln","isDemo":false,"source":"© OpenStreetMap-Mitwirkende","sourceUrl":"https://www.openstreetmap.org/node/13076413135","license":"ODbL 1.0","licenseUrl":"https://opendatacommons.org/licenses/odbl/1-0/","dataAsOf":"2026-09-18T10:54:21Z","positionNote":"OSM-Punktstandort","kind":"Brunnen"}},{"type":"Feature","id":"osm-node-13077591525","geometry":{"type":"Point","coordinates":[6.9515487,50.9662839]},"properties":{"theme":"water","name":"Schmelztiegel Nippes","place":"Köln","isDemo":false,"source":"© OpenStreetMap-Mitwirkende","sourceUrl":"https://www.openstreetmap.org/node/13077591525","license":"ODbL 1.0","licenseUrl":"https://opendatacommons.org/licenses/odbl/1-0/","dataAsOf":"2026-09-18T10:54:21Z","positionNote":"OSM-Punktstandort","kind":"Brunnen"}},{"type":"Feature","id":"osm-node-13077597714","geometry":{"type":"Point","coordinates":[6.9212909,50.9475552]},"properties":{"theme":"water","name":"Marktbrunnen","place":"Köln","isDemo":false,"source":"© OpenStreetMap-Mitwirkende","sourceUrl":"https://www.openstreetmap.org/node/13077597714","license":"ODbL 1.0","licenseUrl":"https://opendatacommons.org/licenses/odbl/1-0/","dataAsOf":"2026-09-18T10:54:21Z","positionNote":"OSM-Punktstandort","kind":"Brunnen"}},{"type":"Feature","id":"osm-node-1384806503","geometry":{"type":"Point","coordinates":[6.9590423,50.9232354]},"properties":{"theme":"water","name":"Severins-Brunnen mit Stollwerck-Mädchen","place":"Köln","isDemo":false,"source":"© OpenStreetMap-Mitwirkende","sourceUrl":"https://www.openstreetmap.org/node/1384806503","license":"ODbL 1.0","licenseUrl":"https://opendatacommons.org/licenses/odbl/1-0/","dataAsOf":"2026-09-18T10:54:21Z","positionNote":"OSM-Punktstandort","kind":"Brunnen"}},{"type":"Feature","id":"osm-node-1397441308","geometry":{"type":"Point","coordinates":[6.9804206,50.9004448]},"properties":{"theme":"water","name":"Puttenbrunnen","place":"Köln","isDemo":false,"source":"© OpenStreetMap-Mitwirkende","sourceUrl":"https://www.openstreetmap.org/node/1397441308","license":"ODbL 1.0","licenseUrl":"https://opendatacommons.org/licenses/odbl/1-0/","dataAsOf":"2026-09-18T10:54:21Z","positionNote":"OSM-Punktstandort","kind":"Brunnen"}},{"type":"Feature","id":"osm-node-1435313584","geometry":{"type":"Point","coordinates":[7.0574659,50.8837398]},"properties":{"theme":"water","name":"Kugelbrunnen","place":"Köln","isDemo":false,"source":"© OpenStreetMap-Mitwirkende","sourceUrl":"https://www.openstreetmap.org/node/1435313584","license":"ODbL 1.0","licenseUrl":"https://opendatacommons.org/licenses/odbl/1-0/","dataAsOf":"2026-09-18T10:54:21Z","positionNote":"OSM-Punktstandort","kind":"Brunnen"}},{"type":"Feature","id":"osm-node-1546261306","geometry":{"type":"Point","coordinates":[7.0074642,50.9382597]},"properties":{"theme":"water","name":"Brunnen","place":"Köln","isDemo":false,"source":"© OpenStreetMap-Mitwirkende","sourceUrl":"https://www.openstreetmap.org/node/1546261306","license":"ODbL 1.0","licenseUrl":"https://opendatacommons.org/licenses/odbl/1-0/","dataAsOf":"2026-09-18T10:54:21Z","positionNote":"OSM-Punktstandort","kind":"Brunnen"}},{"type":"Feature","id":"osm-node-1696041568","geometry":{"type":"Point","coordinates":[6.8969392,50.9627155]},"properties":{"theme":"water","name":"Treue-Husar-Brunnen","place":"Köln","isDemo":false,"source":"© OpenStreetMap-Mitwirkende","sourceUrl":"https://www.openstreetmap.org/node/1696041568","license":"ODbL 1.0","licenseUrl":"https://opendatacommons.org/licenses/odbl/1-0/","dataAsOf":"2026-09-18T10:54:21Z","positionNote":"OSM-Punktstandort","kind":"Brunnen"}},{"type":"Feature","id":"osm-node-2343510792","geometry":{"type":"Point","coordinates":[6.905769,50.9669784]},"properties":{"theme":"water","name":"Schnüsse-Tring-Brunnen","place":"Köln","isDemo":false,"source":"© OpenStreetMap-Mitwirkende","sourceUrl":"https://www.openstreetmap.org/node/2343510792","license":"ODbL 1.0","licenseUrl":"https://opendatacommons.org/licenses/odbl/1-0/","dataAsOf":"2026-09-18T10:54:21Z","positionNote":"OSM-Punktstandort","kind":"Brunnen"}},{"type":"Feature","id":"osm-node-262403489","geometry":{"type":"Point","coordinates":[6.9448001,50.9399114]},"properties":{"theme":"water","name":"Löwenbrunnen","place":"Köln","isDemo":false,"source":"© OpenStreetMap-Mitwirkende","sourceUrl":"https://www.openstreetmap.org/node/262403489","license":"ODbL 1.0","licenseUrl":"https://opendatacommons.org/licenses/odbl/1-0/","dataAsOf":"2026-09-18T10:54:21Z","positionNote":"OSM-Punktstandort","kind":"Brunnen","wikidataUrl":"https://www.wikidata.org/wiki/Q127167331"}},{"type":"Feature","id":"osm-node-267352380","geometry":{"type":"Point","coordinates":[6.9596326,50.9413286]},"properties":{"theme":"water","name":"Dionysos-Brunnen","place":"Köln","isDemo":false,"source":"© OpenStreetMap-Mitwirkende","sourceUrl":"https://www.openstreetmap.org/node/267352380","license":"ODbL 1.0","licenseUrl":"https://opendatacommons.org/licenses/odbl/1-0/","dataAsOf":"2026-09-18T10:54:21Z","positionNote":"OSM-Punktstandort","kind":"Brunnen","wikidataUrl":"https://www.wikidata.org/wiki/Q45346147"}},{"type":"Feature","id":"osm-node-283794314","geometry":{"type":"Point","coordinates":[6.9443254,50.9479746]},"properties":{"theme":"water","name":"Star-Pit","place":"Köln","isDemo":false,"source":"© OpenStreetMap-Mitwirkende","sourceUrl":"https://www.openstreetmap.org/node/283794314","license":"ODbL 1.0","licenseUrl":"https://opendatacommons.org/licenses/odbl/1-0/","dataAsOf":"2026-09-18T10:54:21Z","positionNote":"OSM-Punktstandort","kind":"Brunnen","wikidataUrl":"https://www.wikidata.org/wiki/Q18517276"}},{"type":"Feature","id":"osm-node-2993957699","geometry":{"type":"Point","coordinates":[6.921075,50.9452785]},"properties":{"theme":"water","name":"Mechternbrunnen","place":"Köln","isDemo":false,"source":"© OpenStreetMap-Mitwirkende","sourceUrl":"https://www.openstreetmap.org/node/2993957699","license":"ODbL 1.0","licenseUrl":"https://opendatacommons.org/licenses/odbl/1-0/","dataAsOf":"2026-09-18T10:54:21Z","positionNote":"OSM-Punktstandort","kind":"Brunnen"}},{"type":"Feature","id":"osm-node-322998842","geometry":{"type":"Point","coordinates":[6.9540381,50.8716818]},"properties":{"theme":"water","name":"Rondorfer Dorfbrunnen","place":"Köln","isDemo":false,"source":"© OpenStreetMap-Mitwirkende","sourceUrl":"https://www.openstreetmap.org/node/322998842","license":"ODbL 1.0","licenseUrl":"https://opendatacommons.org/licenses/odbl/1-0/","dataAsOf":"2026-09-18T10:54:21Z","positionNote":"OSM-Punktstandort","kind":"Brunnen"}},{"type":"Feature","id":"osm-node-3287270571","geometry":{"type":"Point","coordinates":[6.9737163,50.9386099]},"properties":{"theme":"water","name":"Lommi-Brunnen","place":"Köln","isDemo":false,"source":"© OpenStreetMap-Mitwirkende","sourceUrl":"https://www.openstreetmap.org/node/3287270571","license":"ODbL 1.0","licenseUrl":"https://opendatacommons.org/licenses/odbl/1-0/","dataAsOf":"2026-09-18T10:54:21Z","positionNote":"OSM-Punktstandort","kind":"Brunnen","wikidataUrl":"https://www.wikidata.org/wiki/Q1751104"}},{"type":"Feature","id":"osm-node-429533715","geometry":{"type":"Point","coordinates":[6.9189712,50.9570888]},"properties":{"theme":"water","name":"Max-und-Moritz-Brunnen","place":"Köln","isDemo":false,"source":"© OpenStreetMap-Mitwirkende","sourceUrl":"https://www.openstreetmap.org/node/429533715","license":"ODbL 1.0","licenseUrl":"https://opendatacommons.org/licenses/odbl/1-0/","dataAsOf":"2026-09-18T10:54:21Z","positionNote":"OSM-Punktstandort","kind":"Brunnen","wikidataUrl":"https://www.wikidata.org/wiki/Q125176361"}},{"type":"Feature","id":"osm-node-5072100000","geometry":{"type":"Point","coordinates":[7.0763318,50.9449184]},"properties":{"theme":"water","name":"Fuule Weet","place":"Köln","isDemo":false,"source":"© OpenStreetMap-Mitwirkende","sourceUrl":"https://www.openstreetmap.org/node/5072100000","license":"ODbL 1.0","licenseUrl":"https://opendatacommons.org/licenses/odbl/1-0/","dataAsOf":"2026-09-18T10:54:21Z","positionNote":"OSM-Punktstandort","kind":"Brunnen"}},{"type":"Feature","id":"osm-node-5314862380","geometry":{"type":"Point","coordinates":[6.9554866,50.9365143]},"properties":{"theme":"water","name":"Bierbrunnen","place":"Köln","isDemo":false,"source":"© OpenStreetMap-Mitwirkende","sourceUrl":"https://www.openstreetmap.org/node/5314862380","license":"ODbL 1.0","licenseUrl":"https://opendatacommons.org/licenses/odbl/1-0/","dataAsOf":"2026-09-18T10:54:21Z","positionNote":"OSM-Punktstandort","kind":"Brunnen","wikidataUrl":"https://www.wikidata.org/wiki/Q15792715"}},{"type":"Feature","id":"osm-node-614234064","geometry":{"type":"Point","coordinates":[6.9579564,50.9375731]},"properties":{"theme":"water","name":"Fastnachtsbrunnen","place":"Köln","isDemo":false,"source":"© OpenStreetMap-Mitwirkende","sourceUrl":"https://www.openstreetmap.org/node/614234064","license":"ODbL 1.0","licenseUrl":"https://opendatacommons.org/licenses/odbl/1-0/","dataAsOf":"2026-09-18T10:54:21Z","positionNote":"OSM-Punktstandort","kind":"Brunnen","wikidataUrl":"https://www.wikidata.org/wiki/Q15105241"}},{"type":"Feature","id":"osm-node-614241999","geometry":{"type":"Point","coordinates":[6.9577611,50.9380689]},"properties":{"theme":"water","name":"Frauenbrunnen - Die Kölner Frauen im Wandel der Zeit","place":"Köln","isDemo":false,"source":"© OpenStreetMap-Mitwirkende","sourceUrl":"https://www.openstreetmap.org/node/614241999","license":"ODbL 1.0","licenseUrl":"https://opendatacommons.org/licenses/odbl/1-0/","dataAsOf":"2026-09-18T10:54:21Z","positionNote":"OSM-Punktstandort","kind":"Brunnen"}},{"type":"Feature","id":"osm-node-659351133","geometry":{"type":"Point","coordinates":[6.9125831,50.9518065]},"properties":{"theme":"water","name":"Läsche Nas","place":"Köln","isDemo":false,"source":"© OpenStreetMap-Mitwirkende","sourceUrl":"https://www.openstreetmap.org/node/659351133","license":"ODbL 1.0","licenseUrl":"https://opendatacommons.org/licenses/odbl/1-0/","dataAsOf":"2026-09-18T10:54:21Z","positionNote":"OSM-Punktstandort","kind":"Brunnen"}},{"type":"Feature","id":"osm-node-695872799","geometry":{"type":"Point","coordinates":[6.8981337,50.9390654]},"properties":{"theme":"water","name":"Panbrunnen","place":"Köln","isDemo":false,"source":"© OpenStreetMap-Mitwirkende","sourceUrl":"https://www.openstreetmap.org/node/695872799","license":"ODbL 1.0","licenseUrl":"https://opendatacommons.org/licenses/odbl/1-0/","dataAsOf":"2026-09-18T10:54:21Z","positionNote":"OSM-Punktstandort","kind":"Brunnen"}},{"type":"Feature","id":"osm-node-7139088185","geometry":{"type":"Point","coordinates":[7.0032861,50.9675622]},"properties":{"theme":"water","name":"Drei-Königen-Brunnen","place":"Köln","isDemo":false,"source":"© OpenStreetMap-Mitwirkende","sourceUrl":"https://www.openstreetmap.org/node/7139088185","license":"ODbL 1.0","licenseUrl":"https://opendatacommons.org/licenses/odbl/1-0/","dataAsOf":"2026-09-18T10:54:21Z","positionNote":"OSM-Punktstandort","kind":"Brunnen"}},{"type":"Feature","id":"osm-node-864105939","geometry":{"type":"Point","coordinates":[7.0562924,50.8851923]},"properties":{"theme":"water","name":"Wasserkinetische Brunnenanlage","place":"Köln","isDemo":false,"source":"© OpenStreetMap-Mitwirkende","sourceUrl":"https://www.openstreetmap.org/node/864105939","license":"ODbL 1.0","licenseUrl":"https://opendatacommons.org/licenses/odbl/1-0/","dataAsOf":"2026-09-18T10:54:21Z","positionNote":"OSM-Punktstandort","kind":"Brunnen"}},{"type":"Feature","id":"osm-node-964736151","geometry":{"type":"Point","coordinates":[6.9549253,50.939587]},"properties":{"theme":"water","name":"Stephan-Lochner-Brunnen","place":"Köln","isDemo":false,"source":"© OpenStreetMap-Mitwirkende","sourceUrl":"https://www.openstreetmap.org/node/964736151","license":"ODbL 1.0","licenseUrl":"https://opendatacommons.org/licenses/odbl/1-0/","dataAsOf":"2026-09-18T10:54:21Z","positionNote":"OSM-Punktstandort","kind":"Brunnen","wikidataUrl":"https://www.wikidata.org/wiki/Q45267374"}},{"type":"Feature","id":"osm-node-9874079150","geometry":{"type":"Point","coordinates":[6.8991808,51.0225272]},"properties":{"theme":"water","name":"Cronenbourg Brunnen","place":"Köln","isDemo":false,"source":"© OpenStreetMap-Mitwirkende","sourceUrl":"https://www.openstreetmap.org/node/9874079150","license":"ODbL 1.0","licenseUrl":"https://opendatacommons.org/licenses/odbl/1-0/","dataAsOf":"2026-09-18T10:54:21Z","positionNote":"OSM-Punktstandort","kind":"Brunnen"}},{"type":"Feature","id":"osm-way-114979719","geometry":{"type":"Point","coordinates":[6.957486,50.9407903]},"properties":{"theme":"water","name":"Domfontäne","place":"Köln","isDemo":false,"source":"© OpenStreetMap-Mitwirkende","sourceUrl":"https://www.openstreetmap.org/way/114979719","license":"ODbL 1.0","licenseUrl":"https://opendatacommons.org/licenses/odbl/1-0/","dataAsOf":"2026-09-18T10:54:21Z","positionNote":"Mittelpunkt des OSM-Umgrenzungsrechtecks; kein Eingang","kind":"Brunnen","wikidataUrl":"https://www.wikidata.org/wiki/Q52636076"}},{"type":"Feature","id":"osm-way-115096258","geometry":{"type":"Point","coordinates":[6.9585298,50.9390178]},"properties":{"theme":"water","name":"Rathausbrunnen","place":"Köln","isDemo":false,"source":"© OpenStreetMap-Mitwirkende","sourceUrl":"https://www.openstreetmap.org/way/115096258","license":"ODbL 1.0","licenseUrl":"https://opendatacommons.org/licenses/odbl/1-0/","dataAsOf":"2026-09-18T10:54:21Z","positionNote":"Mittelpunkt des OSM-Umgrenzungsrechtecks; kein Eingang","kind":"Brunnen","wikidataUrl":"https://www.wikidata.org/wiki/Q111513191"}},{"type":"Feature","id":"osm-way-1278825803","geometry":{"type":"Point","coordinates":[7.0067703,50.9646547]},"properties":{"theme":"water","name":"Genovevabrunnen","place":"Köln","isDemo":false,"source":"© OpenStreetMap-Mitwirkende","sourceUrl":"https://www.openstreetmap.org/way/1278825803","license":"ODbL 1.0","licenseUrl":"https://opendatacommons.org/licenses/odbl/1-0/","dataAsOf":"2026-09-18T10:54:21Z","positionNote":"Mittelpunkt des OSM-Umgrenzungsrechtecks; kein Eingang","kind":"Brunnen","wikidataUrl":"https://www.wikidata.org/wiki/Q42131786"}},{"type":"Feature","id":"osm-way-1282102603","geometry":{"type":"Point","coordinates":[7.0064724,50.9578611]},"properties":{"theme":"water","name":"Märchenbrunnen","place":"Köln","isDemo":false,"source":"© OpenStreetMap-Mitwirkende","sourceUrl":"https://www.openstreetmap.org/way/1282102603","license":"ODbL 1.0","licenseUrl":"https://opendatacommons.org/licenses/odbl/1-0/","dataAsOf":"2026-09-18T10:54:21Z","positionNote":"Mittelpunkt des OSM-Umgrenzungsrechtecks; kein Eingang","kind":"Brunnen","wikidataUrl":"https://www.wikidata.org/wiki/Q125798932"}},{"type":"Feature","id":"osm-way-1283807182","geometry":{"type":"Point","coordinates":[7.000679,50.9669029]},"properties":{"theme":"water","name":"Mülheimia","place":"Köln","isDemo":false,"source":"© OpenStreetMap-Mitwirkende","sourceUrl":"https://www.openstreetmap.org/way/1283807182","license":"ODbL 1.0","licenseUrl":"https://opendatacommons.org/licenses/odbl/1-0/","dataAsOf":"2026-09-18T10:54:21Z","positionNote":"Mittelpunkt des OSM-Umgrenzungsrechtecks; kein Eingang","kind":"Brunnen"}},{"type":"Feature","id":"osm-way-131886625","geometry":{"type":"Point","coordinates":[6.9525193,50.938021]},"properties":{"theme":"water","name":"Opernbrunnen","place":"Köln","isDemo":false,"source":"© OpenStreetMap-Mitwirkende","sourceUrl":"https://www.openstreetmap.org/way/131886625","license":"ODbL 1.0","licenseUrl":"https://opendatacommons.org/licenses/odbl/1-0/","dataAsOf":"2026-09-18T10:54:21Z","positionNote":"Mittelpunkt des OSM-Umgrenzungsrechtecks; kein Eingang","kind":"Brunnen","wikidataUrl":"https://www.wikidata.org/wiki/Q2026645"}},{"type":"Feature","id":"osm-way-137399526","geometry":{"type":"Point","coordinates":[6.9622555,50.9404868]},"properties":{"theme":"water","name":"Paolozzibrunnen","place":"Köln","isDemo":false,"source":"© OpenStreetMap-Mitwirkende","sourceUrl":"https://www.openstreetmap.org/way/137399526","license":"ODbL 1.0","licenseUrl":"https://opendatacommons.org/licenses/odbl/1-0/","dataAsOf":"2026-09-18T10:54:21Z","positionNote":"Mittelpunkt des OSM-Umgrenzungsrechtecks; kein Eingang","kind":"Brunnen","wikidataUrl":"https://www.wikidata.org/wiki/Q76396487"}},{"type":"Feature","id":"osm-way-230940377","geometry":{"type":"Point","coordinates":[6.9617285,50.8969608]},"properties":{"theme":"water","name":"Brunnentempel","place":"Köln","isDemo":false,"source":"© OpenStreetMap-Mitwirkende","sourceUrl":"https://www.openstreetmap.org/way/230940377","license":"ODbL 1.0","licenseUrl":"https://opendatacommons.org/licenses/odbl/1-0/","dataAsOf":"2026-09-18T10:54:21Z","positionNote":"Mittelpunkt des OSM-Umgrenzungsrechtecks; kein Eingang","kind":"Brunnen"}},{"type":"Feature","id":"osm-way-353397486","geometry":{"type":"Point","coordinates":[6.9600184,50.9385994]},"properties":{"theme":"water","name":"Jan von Werth-Brunnen","place":"Köln","isDemo":false,"source":"© OpenStreetMap-Mitwirkende","sourceUrl":"https://www.openstreetmap.org/way/353397486","license":"ODbL 1.0","licenseUrl":"https://opendatacommons.org/licenses/odbl/1-0/","dataAsOf":"2026-09-18T10:54:21Z","positionNote":"Mittelpunkt des OSM-Umgrenzungsrechtecks; kein Eingang","kind":"Brunnen","wikidataUrl":"https://www.wikidata.org/wiki/Q21973942"}},{"type":"Feature","id":"osm-way-362636366","geometry":{"type":"Point","coordinates":[6.9564547,50.9322554]},"properties":{"theme":"water","name":"Hermann-Joseph Brunnen","place":"Köln","isDemo":false,"source":"© OpenStreetMap-Mitwirkende","sourceUrl":"https://www.openstreetmap.org/way/362636366","license":"ODbL 1.0","licenseUrl":"https://opendatacommons.org/licenses/odbl/1-0/","dataAsOf":"2026-09-18T10:54:21Z","positionNote":"Mittelpunkt des OSM-Umgrenzungsrechtecks; kein Eingang","kind":"Brunnen","wikidataUrl":"https://www.wikidata.org/wiki/Q21995143"}},{"type":"Feature","id":"osm-way-530670845","geometry":{"type":"Point","coordinates":[6.9578032,50.9410026]},"properties":{"theme":"water","name":"Petrusbrunnen","place":"Köln","isDemo":false,"source":"© OpenStreetMap-Mitwirkende","sourceUrl":"https://www.openstreetmap.org/way/530670845","license":"ODbL 1.0","licenseUrl":"https://opendatacommons.org/licenses/odbl/1-0/","dataAsOf":"2026-09-18T10:54:21Z","positionNote":"Mittelpunkt des OSM-Umgrenzungsrechtecks; kein Eingang","kind":"Brunnen","wikidataUrl":"https://www.wikidata.org/wiki/Q65969978"}},{"type":"Feature","id":"osm-way-530671643","geometry":{"type":"Point","coordinates":[6.9563544,50.9412092]},"properties":{"theme":"water","name":"Taubenbrunnen","place":"Köln","isDemo":false,"source":"© OpenStreetMap-Mitwirkende","sourceUrl":"https://www.openstreetmap.org/way/530671643","license":"ODbL 1.0","licenseUrl":"https://opendatacommons.org/licenses/odbl/1-0/","dataAsOf":"2026-09-18T10:54:21Z","positionNote":"Mittelpunkt des OSM-Umgrenzungsrechtecks; kein Eingang","kind":"Brunnen","wikidataUrl":"https://www.wikidata.org/wiki/Q28311787"}},{"type":"Feature","id":"osm-way-536944072","geometry":{"type":"Point","coordinates":[6.9507849,50.9427678]},"properties":{"theme":"water","name":"Zeichen für den Wiederaufbau","place":"Köln","isDemo":false,"source":"© OpenStreetMap-Mitwirkende","sourceUrl":"https://www.openstreetmap.org/way/536944072","license":"ODbL 1.0","licenseUrl":"https://opendatacommons.org/licenses/odbl/1-0/","dataAsOf":"2026-09-18T10:54:21Z","positionNote":"Mittelpunkt des OSM-Umgrenzungsrechtecks; kein Eingang","kind":"Brunnen"}},{"type":"Feature","id":"osm-way-539371259","geometry":{"type":"Point","coordinates":[6.9578217,50.9504752]},"properties":{"theme":"water","name":"Wasserkinetische Plastik","place":"Köln","isDemo":false,"source":"© OpenStreetMap-Mitwirkende","sourceUrl":"https://www.openstreetmap.org/way/539371259","license":"ODbL 1.0","licenseUrl":"https://opendatacommons.org/licenses/odbl/1-0/","dataAsOf":"2026-09-18T10:54:21Z","positionNote":"Mittelpunkt des OSM-Umgrenzungsrechtecks; kein Eingang","kind":"Brunnen","wikidataUrl":"https://www.wikidata.org/wiki/Q55554595"}},{"type":"Feature","id":"osm-way-550251822","geometry":{"type":"Point","coordinates":[6.9573061,50.9399878]},"properties":{"theme":"water","name":"Heinzelmännchenbrunnen","place":"Köln","isDemo":false,"source":"© OpenStreetMap-Mitwirkende","sourceUrl":"https://www.openstreetmap.org/way/550251822","license":"ODbL 1.0","licenseUrl":"https://opendatacommons.org/licenses/odbl/1-0/","dataAsOf":"2026-09-18T10:54:21Z","positionNote":"Mittelpunkt des OSM-Umgrenzungsrechtecks; kein Eingang","kind":"Brunnen","wikidataUrl":"https://www.wikidata.org/wiki/Q15089430"}},{"type":"Feature","id":"osm-way-550255415","geometry":{"type":"Point","coordinates":[6.9608887,50.9377966]},"properties":{"theme":"water","name":"Ostermannbrunnen","place":"Köln","isDemo":false,"source":"© OpenStreetMap-Mitwirkende","sourceUrl":"https://www.openstreetmap.org/way/550255415","license":"ODbL 1.0","licenseUrl":"https://opendatacommons.org/licenses/odbl/1-0/","dataAsOf":"2026-09-18T10:54:21Z","positionNote":"Mittelpunkt des OSM-Umgrenzungsrechtecks; kein Eingang","kind":"Brunnen","wikidataUrl":"https://www.wikidata.org/wiki/Q110007051"}},{"type":"Feature","id":"osm-way-550257422","geometry":{"type":"Point","coordinates":[6.9623658,50.9384328]},"properties":{"theme":"water","name":"Fischweiberbrunnen","place":"Köln","isDemo":false,"source":"© OpenStreetMap-Mitwirkende","sourceUrl":"https://www.openstreetmap.org/way/550257422","license":"ODbL 1.0","licenseUrl":"https://opendatacommons.org/licenses/odbl/1-0/","dataAsOf":"2026-09-18T10:54:21Z","positionNote":"Mittelpunkt des OSM-Umgrenzungsrechtecks; kein Eingang","kind":"Brunnen","wikidataUrl":"https://www.wikidata.org/wiki/Q110059257"}},{"type":"Feature","id":"osm-way-550257773","geometry":{"type":"Point","coordinates":[6.961502,50.9388924]},"properties":{"theme":"water","name":"Tierbrunnen","place":"Köln","isDemo":false,"source":"© OpenStreetMap-Mitwirkende","sourceUrl":"https://www.openstreetmap.org/way/550257773","license":"ODbL 1.0","licenseUrl":"https://opendatacommons.org/licenses/odbl/1-0/","dataAsOf":"2026-09-18T10:54:21Z","positionNote":"Mittelpunkt des OSM-Umgrenzungsrechtecks; kein Eingang","kind":"Brunnen","wikidataUrl":"https://www.wikidata.org/wiki/Q111339701"}},{"type":"Feature","id":"osm-way-550259825","geometry":{"type":"Point","coordinates":[6.9568439,50.9285313]},"properties":{"theme":"water","name":"Karl-Berbuer Brunnen","place":"Köln","isDemo":false,"source":"© OpenStreetMap-Mitwirkende","sourceUrl":"https://www.openstreetmap.org/way/550259825","license":"ODbL 1.0","licenseUrl":"https://opendatacommons.org/licenses/odbl/1-0/","dataAsOf":"2026-09-18T10:54:21Z","positionNote":"Mittelpunkt des OSM-Umgrenzungsrechtecks; kein Eingang","kind":"Brunnen"}},{"type":"Feature","id":"osm-way-550260179","geometry":{"type":"Point","coordinates":[6.9577249,50.9287358]},"properties":{"theme":"water","name":"Arnold von Siegen Brunnen","place":"Köln","isDemo":false,"source":"© OpenStreetMap-Mitwirkende","sourceUrl":"https://www.openstreetmap.org/way/550260179","license":"ODbL 1.0","licenseUrl":"https://opendatacommons.org/licenses/odbl/1-0/","dataAsOf":"2026-09-18T10:54:21Z","positionNote":"Mittelpunkt des OSM-Umgrenzungsrechtecks; kein Eingang","kind":"Brunnen"}},{"type":"Feature","id":"osm-way-583393690","geometry":{"type":"Point","coordinates":[6.9486436,50.9414299]},"properties":{"theme":"water","name":"Wasserstele","place":"Köln","isDemo":false,"source":"© OpenStreetMap-Mitwirkende","sourceUrl":"https://www.openstreetmap.org/way/583393690","license":"ODbL 1.0","licenseUrl":"https://opendatacommons.org/licenses/odbl/1-0/","dataAsOf":"2026-09-18T10:54:21Z","positionNote":"Mittelpunkt des OSM-Umgrenzungsrechtecks; kein Eingang","kind":"Brunnen","wikidataUrl":"https://www.wikidata.org/wiki/Q97707949"}},{"type":"Feature","id":"osm-way-583394998","geometry":{"type":"Point","coordinates":[6.9483504,50.9389308]},"properties":{"theme":"water","name":"DuMont-Brunnen","place":"Köln","isDemo":false,"source":"© OpenStreetMap-Mitwirkende","sourceUrl":"https://www.openstreetmap.org/way/583394998","license":"ODbL 1.0","licenseUrl":"https://opendatacommons.org/licenses/odbl/1-0/","dataAsOf":"2026-09-18T10:54:21Z","positionNote":"Mittelpunkt des OSM-Umgrenzungsrechtecks; kein Eingang","kind":"Brunnen"}},{"type":"Feature","id":"osm-way-583397767","geometry":{"type":"Point","coordinates":[6.9718341,50.9464373]},"properties":{"theme":"water","name":"Tanzbrunnen","place":"Köln","isDemo":false,"source":"© OpenStreetMap-Mitwirkende","sourceUrl":"https://www.openstreetmap.org/way/583397767","license":"ODbL 1.0","licenseUrl":"https://opendatacommons.org/licenses/odbl/1-0/","dataAsOf":"2026-09-18T10:54:21Z","positionNote":"Mittelpunkt des OSM-Umgrenzungsrechtecks; kein Eingang","kind":"Brunnen","wikidataUrl":"https://www.wikidata.org/wiki/Q2393273"}},{"type":"Feature","id":"osm-way-663225886","geometry":{"type":"Point","coordinates":[6.9512405,50.9413562]},"properties":{"theme":"water","name":"Römerbrunnen","place":"Köln","isDemo":false,"source":"© OpenStreetMap-Mitwirkende","sourceUrl":"https://www.openstreetmap.org/way/663225886","license":"ODbL 1.0","licenseUrl":"https://opendatacommons.org/licenses/odbl/1-0/","dataAsOf":"2026-09-18T10:54:21Z","positionNote":"Mittelpunkt des OSM-Umgrenzungsrechtecks; kein Eingang","kind":"Brunnen","wikidataUrl":"https://www.wikidata.org/wiki/Q52636833"}},{"type":"Feature","id":"osm-way-690181351","geometry":{"type":"Point","coordinates":[6.9658366,50.9255105]},"properties":{"theme":"water","name":"Springbrunnen Harry-Blum-Platz","place":"Köln","isDemo":false,"source":"© OpenStreetMap-Mitwirkende","sourceUrl":"https://www.openstreetmap.org/way/690181351","license":"ODbL 1.0","licenseUrl":"https://opendatacommons.org/licenses/odbl/1-0/","dataAsOf":"2026-09-18T10:54:21Z","positionNote":"Mittelpunkt des OSM-Umgrenzungsrechtecks; kein Eingang","kind":"Brunnen"}},{"type":"Feature","id":"osm-node-10007169855","geometry":{"type":"Point","coordinates":[7.0432891,50.9549247]},"properties":{"theme":"water","name":"Brunnen · OSM 10007169855","place":"Köln","isDemo":false,"source":"© OpenStreetMap-Mitwirkende","sourceUrl":"https://www.openstreetmap.org/node/10007169855","license":"ODbL 1.0","licenseUrl":"https://opendatacommons.org/licenses/odbl/1-0/","dataAsOf":"2026-09-18T10:54:21Z","positionNote":"OSM-Punktstandort","kind":"Brunnen"}},{"type":"Feature","id":"osm-node-10043513963","geometry":{"type":"Point","coordinates":[6.9598543,50.9196264]},"properties":{"theme":"water","name":"Trinkwasserstelle · OSM 10043513963","place":"Köln","isDemo":false,"source":"© OpenStreetMap-Mitwirkende","sourceUrl":"https://www.openstreetmap.org/node/10043513963","license":"ODbL 1.0","licenseUrl":"https://opendatacommons.org/licenses/odbl/1-0/","dataAsOf":"2026-09-18T10:54:21Z","positionNote":"OSM-Punktstandort","kind":"Trinkwasserstelle"}},{"type":"Feature","id":"osm-node-10571147145","geometry":{"type":"Point","coordinates":[6.9265978,50.9634051]},"properties":{"theme":"water","name":"Brunnen · OSM 10571147145","place":"Köln","isDemo":false,"source":"© OpenStreetMap-Mitwirkende","sourceUrl":"https://www.openstreetmap.org/node/10571147145","license":"ODbL 1.0","licenseUrl":"https://opendatacommons.org/licenses/odbl/1-0/","dataAsOf":"2026-09-18T10:54:21Z","positionNote":"OSM-Punktstandort","kind":"Brunnen"}},{"type":"Feature","id":"osm-node-10876314974","geometry":{"type":"Point","coordinates":[6.9435342,50.9420412]},"properties":{"theme":"water","name":"Trinkwasserstelle · OSM 10876314974","place":"Köln","isDemo":false,"source":"© OpenStreetMap-Mitwirkende","sourceUrl":"https://www.openstreetmap.org/node/10876314974","license":"ODbL 1.0","licenseUrl":"https://opendatacommons.org/licenses/odbl/1-0/","dataAsOf":"2026-09-18T10:54:21Z","positionNote":"OSM-Punktstandort","kind":"Trinkwasserstelle"}},{"type":"Feature","id":"osm-node-10982592419","geometry":{"type":"Point","coordinates":[6.9098202,50.9162893]},"properties":{"theme":"water","name":"Brunnen · OSM 10982592419","place":"Köln","isDemo":false,"source":"© OpenStreetMap-Mitwirkende","sourceUrl":"https://www.openstreetmap.org/node/10982592419","license":"ODbL 1.0","licenseUrl":"https://opendatacommons.org/licenses/odbl/1-0/","dataAsOf":"2026-09-18T10:54:21Z","positionNote":"OSM-Punktstandort","kind":"Brunnen"}},{"type":"Feature","id":"osm-node-10982592422","geometry":{"type":"Point","coordinates":[6.9104298,50.915914]},"properties":{"theme":"water","name":"Brunnen · OSM 10982592422","place":"Köln","isDemo":false,"source":"© OpenStreetMap-Mitwirkende","sourceUrl":"https://www.openstreetmap.org/node/10982592422","license":"ODbL 1.0","licenseUrl":"https://opendatacommons.org/licenses/odbl/1-0/","dataAsOf":"2026-09-18T10:54:21Z","positionNote":"OSM-Punktstandort","kind":"Brunnen"}},{"type":"Feature","id":"osm-node-10982592423","geometry":{"type":"Point","coordinates":[6.911045,50.9155382]},"properties":{"theme":"water","name":"Brunnen · OSM 10982592423","place":"Köln","isDemo":false,"source":"© OpenStreetMap-Mitwirkende","sourceUrl":"https://www.openstreetmap.org/node/10982592423","license":"ODbL 1.0","licenseUrl":"https://opendatacommons.org/licenses/odbl/1-0/","dataAsOf":"2026-09-18T10:54:21Z","positionNote":"OSM-Punktstandort","kind":"Brunnen"}},{"type":"Feature","id":"osm-node-11071546269","geometry":{"type":"Point","coordinates":[6.9732261,50.9367541]},"properties":{"theme":"water","name":"Trinkwasserstelle · OSM 11071546269","place":"Köln","isDemo":false,"source":"© OpenStreetMap-Mitwirkende","sourceUrl":"https://www.openstreetmap.org/node/11071546269","license":"ODbL 1.0","licenseUrl":"https://opendatacommons.org/licenses/odbl/1-0/","dataAsOf":"2026-09-18T10:54:21Z","positionNote":"OSM-Punktstandort","kind":"Trinkwasserstelle"}},{"type":"Feature","id":"osm-node-11078191556","geometry":{"type":"Point","coordinates":[6.9221568,50.9083776]},"properties":{"theme":"water","name":"Brunnen · OSM 11078191556","place":"Köln","isDemo":false,"source":"© OpenStreetMap-Mitwirkende","sourceUrl":"https://www.openstreetmap.org/node/11078191556","license":"ODbL 1.0","licenseUrl":"https://opendatacommons.org/licenses/odbl/1-0/","dataAsOf":"2026-09-18T10:54:21Z","positionNote":"OSM-Punktstandort","kind":"Brunnen"}},{"type":"Feature","id":"osm-node-11198641928","geometry":{"type":"Point","coordinates":[6.9955583,50.9394124]},"properties":{"theme":"water","name":"Trinkwasserstelle · OSM 11198641928","place":"Köln","isDemo":false,"source":"© OpenStreetMap-Mitwirkende","sourceUrl":"https://www.openstreetmap.org/node/11198641928","license":"ODbL 1.0","licenseUrl":"https://opendatacommons.org/licenses/odbl/1-0/","dataAsOf":"2026-09-18T10:54:21Z","positionNote":"OSM-Punktstandort","kind":"Trinkwasserstelle"}},{"type":"Feature","id":"osm-node-11329983283","geometry":{"type":"Point","coordinates":[7.0107814,50.968077]},"properties":{"theme":"water","name":"Brunnen · OSM 11329983283","place":"Köln","isDemo":false,"source":"© OpenStreetMap-Mitwirkende","sourceUrl":"https://www.openstreetmap.org/node/11329983283","license":"ODbL 1.0","licenseUrl":"https://opendatacommons.org/licenses/odbl/1-0/","dataAsOf":"2026-09-18T10:54:21Z","positionNote":"OSM-Punktstandort","kind":"Brunnen"}},{"type":"Feature","id":"osm-node-11329983352","geometry":{"type":"Point","coordinates":[7.0110654,50.9685122]},"properties":{"theme":"water","name":"Brunnen · OSM 11329983352","place":"Köln","isDemo":false,"source":"© OpenStreetMap-Mitwirkende","sourceUrl":"https://www.openstreetmap.org/node/11329983352","license":"ODbL 1.0","licenseUrl":"https://opendatacommons.org/licenses/odbl/1-0/","dataAsOf":"2026-09-18T10:54:21Z","positionNote":"OSM-Punktstandort","kind":"Brunnen"}},{"type":"Feature","id":"osm-node-11766696910","geometry":{"type":"Point","coordinates":[6.9807353,50.8854318]},"properties":{"theme":"water","name":"Brunnen · OSM 11766696910","place":"Köln","isDemo":false,"source":"© OpenStreetMap-Mitwirkende","sourceUrl":"https://www.openstreetmap.org/node/11766696910","license":"ODbL 1.0","licenseUrl":"https://opendatacommons.org/licenses/odbl/1-0/","dataAsOf":"2026-09-18T10:54:21Z","positionNote":"OSM-Punktstandort","kind":"Brunnen"}},{"type":"Feature","id":"osm-node-11766696911","geometry":{"type":"Point","coordinates":[6.9806909,50.885408]},"properties":{"theme":"water","name":"Brunnen · OSM 11766696911","place":"Köln","isDemo":false,"source":"© OpenStreetMap-Mitwirkende","sourceUrl":"https://www.openstreetmap.org/node/11766696911","license":"ODbL 1.0","licenseUrl":"https://opendatacommons.org/licenses/odbl/1-0/","dataAsOf":"2026-09-18T10:54:21Z","positionNote":"OSM-Punktstandort","kind":"Brunnen"}},{"type":"Feature","id":"osm-node-11786494243","geometry":{"type":"Point","coordinates":[6.9740766,50.946928]},"properties":{"theme":"water","name":"Brunnen · OSM 11786494243","place":"Köln","isDemo":false,"source":"© OpenStreetMap-Mitwirkende","sourceUrl":"https://www.openstreetmap.org/node/11786494243","license":"ODbL 1.0","licenseUrl":"https://opendatacommons.org/licenses/odbl/1-0/","dataAsOf":"2026-09-18T10:54:21Z","positionNote":"OSM-Punktstandort","kind":"Brunnen"}},{"type":"Feature","id":"osm-node-11804146955","geometry":{"type":"Point","coordinates":[6.9771997,50.9508544]},"properties":{"theme":"water","name":"Brunnen · OSM 11804146955","place":"Köln","isDemo":false,"source":"© OpenStreetMap-Mitwirkende","sourceUrl":"https://www.openstreetmap.org/node/11804146955","license":"ODbL 1.0","licenseUrl":"https://opendatacommons.org/licenses/odbl/1-0/","dataAsOf":"2026-09-18T10:54:21Z","positionNote":"OSM-Punktstandort","kind":"Brunnen"}},{"type":"Feature","id":"osm-node-11804146956","geometry":{"type":"Point","coordinates":[6.9770611,50.9506719]},"properties":{"theme":"water","name":"Brunnen · OSM 11804146956","place":"Köln","isDemo":false,"source":"© OpenStreetMap-Mitwirkende","sourceUrl":"https://www.openstreetmap.org/node/11804146956","license":"ODbL 1.0","licenseUrl":"https://opendatacommons.org/licenses/odbl/1-0/","dataAsOf":"2026-09-18T10:54:21Z","positionNote":"OSM-Punktstandort","kind":"Brunnen"}},{"type":"Feature","id":"osm-node-11804146957","geometry":{"type":"Point","coordinates":[6.9769792,50.9506902]},"properties":{"theme":"water","name":"Brunnen · OSM 11804146957","place":"Köln","isDemo":false,"source":"© OpenStreetMap-Mitwirkende","sourceUrl":"https://www.openstreetmap.org/node/11804146957","license":"ODbL 1.0","licenseUrl":"https://opendatacommons.org/licenses/odbl/1-0/","dataAsOf":"2026-09-18T10:54:21Z","positionNote":"OSM-Punktstandort","kind":"Brunnen"}},{"type":"Feature","id":"osm-node-11807539198","geometry":{"type":"Point","coordinates":[6.9798962,50.9501412]},"properties":{"theme":"water","name":"Brunnen · OSM 11807539198","place":"Köln","isDemo":false,"source":"© OpenStreetMap-Mitwirkende","sourceUrl":"https://www.openstreetmap.org/node/11807539198","license":"ODbL 1.0","licenseUrl":"https://opendatacommons.org/licenses/odbl/1-0/","dataAsOf":"2026-09-18T10:54:21Z","positionNote":"OSM-Punktstandort","kind":"Brunnen"}},{"type":"Feature","id":"osm-node-11807539199","geometry":{"type":"Point","coordinates":[6.9799886,50.9499833]},"properties":{"theme":"water","name":"Brunnen · OSM 11807539199","place":"Köln","isDemo":false,"source":"© OpenStreetMap-Mitwirkende","sourceUrl":"https://www.openstreetmap.org/node/11807539199","license":"ODbL 1.0","licenseUrl":"https://opendatacommons.org/licenses/odbl/1-0/","dataAsOf":"2026-09-18T10:54:21Z","positionNote":"OSM-Punktstandort","kind":"Brunnen"}},{"type":"Feature","id":"osm-node-11807539200","geometry":{"type":"Point","coordinates":[6.9799238,50.9499312]},"properties":{"theme":"water","name":"Brunnen · OSM 11807539200","place":"Köln","isDemo":false,"source":"© OpenStreetMap-Mitwirkende","sourceUrl":"https://www.openstreetmap.org/node/11807539200","license":"ODbL 1.0","licenseUrl":"https://opendatacommons.org/licenses/odbl/1-0/","dataAsOf":"2026-09-18T10:54:21Z","positionNote":"OSM-Punktstandort","kind":"Brunnen"}},{"type":"Feature","id":"osm-node-11807539201","geometry":{"type":"Point","coordinates":[6.9796942,50.950276]},"properties":{"theme":"water","name":"Brunnen · OSM 11807539201","place":"Köln","isDemo":false,"source":"© OpenStreetMap-Mitwirkende","sourceUrl":"https://www.openstreetmap.org/node/11807539201","license":"ODbL 1.0","licenseUrl":"https://opendatacommons.org/licenses/odbl/1-0/","dataAsOf":"2026-09-18T10:54:21Z","positionNote":"OSM-Punktstandort","kind":"Brunnen"}},{"type":"Feature","id":"osm-node-11819495621","geometry":{"type":"Point","coordinates":[6.9749654,50.9463137]},"properties":{"theme":"water","name":"Brunnen · OSM 11819495621","place":"Köln","isDemo":false,"source":"© OpenStreetMap-Mitwirkende","sourceUrl":"https://www.openstreetmap.org/node/11819495621","license":"ODbL 1.0","licenseUrl":"https://opendatacommons.org/licenses/odbl/1-0/","dataAsOf":"2026-09-18T10:54:21Z","positionNote":"OSM-Punktstandort","kind":"Brunnen"}},{"type":"Feature","id":"osm-node-11819537025","geometry":{"type":"Point","coordinates":[6.9737106,50.9472933]},"properties":{"theme":"water","name":"Brunnen · OSM 11819537025","place":"Köln","isDemo":false,"source":"© OpenStreetMap-Mitwirkende","sourceUrl":"https://www.openstreetmap.org/node/11819537025","license":"ODbL 1.0","licenseUrl":"https://opendatacommons.org/licenses/odbl/1-0/","dataAsOf":"2026-09-18T10:54:21Z","positionNote":"OSM-Punktstandort","kind":"Brunnen"}},{"type":"Feature","id":"osm-node-11835849869","geometry":{"type":"Point","coordinates":[6.9796243,50.9499196]},"properties":{"theme":"water","name":"Brunnen · OSM 11835849869","place":"Köln","isDemo":false,"source":"© OpenStreetMap-Mitwirkende","sourceUrl":"https://www.openstreetmap.org/node/11835849869","license":"ODbL 1.0","licenseUrl":"https://opendatacommons.org/licenses/odbl/1-0/","dataAsOf":"2026-09-18T10:54:21Z","positionNote":"OSM-Punktstandort","kind":"Brunnen"}},{"type":"Feature","id":"osm-node-11876323155","geometry":{"type":"Point","coordinates":[6.9077645,50.9374799]},"properties":{"theme":"water","name":"Brunnen · OSM 11876323155","place":"Köln","isDemo":false,"source":"© OpenStreetMap-Mitwirkende","sourceUrl":"https://www.openstreetmap.org/node/11876323155","license":"ODbL 1.0","licenseUrl":"https://opendatacommons.org/licenses/odbl/1-0/","dataAsOf":"2026-09-18T10:54:21Z","positionNote":"OSM-Punktstandort","kind":"Brunnen"}},{"type":"Feature","id":"osm-node-11951650142","geometry":{"type":"Point","coordinates":[6.9271555,50.9353247]},"properties":{"theme":"water","name":"Brunnen · OSM 11951650142","place":"Köln","isDemo":false,"source":"© OpenStreetMap-Mitwirkende","sourceUrl":"https://www.openstreetmap.org/node/11951650142","license":"ODbL 1.0","licenseUrl":"https://opendatacommons.org/licenses/odbl/1-0/","dataAsOf":"2026-09-18T10:54:21Z","positionNote":"OSM-Punktstandort","kind":"Brunnen"}},{"type":"Feature","id":"osm-node-11951650143","geometry":{"type":"Point","coordinates":[6.9281577,50.9353224]},"properties":{"theme":"water","name":"Brunnen · OSM 11951650143","place":"Köln","isDemo":false,"source":"© OpenStreetMap-Mitwirkende","sourceUrl":"https://www.openstreetmap.org/node/11951650143","license":"ODbL 1.0","licenseUrl":"https://opendatacommons.org/licenses/odbl/1-0/","dataAsOf":"2026-09-18T10:54:21Z","positionNote":"OSM-Punktstandort","kind":"Brunnen"}},{"type":"Feature","id":"osm-node-12025274349","geometry":{"type":"Point","coordinates":[6.930752,50.8928079]},"properties":{"theme":"water","name":"Brunnen · OSM 12025274349","place":"Köln","isDemo":false,"source":"© OpenStreetMap-Mitwirkende","sourceUrl":"https://www.openstreetmap.org/node/12025274349","license":"ODbL 1.0","licenseUrl":"https://opendatacommons.org/licenses/odbl/1-0/","dataAsOf":"2026-09-18T10:54:21Z","positionNote":"OSM-Punktstandort","kind":"Brunnen"}},{"type":"Feature","id":"osm-node-12029663489","geometry":{"type":"Point","coordinates":[6.9423344,50.9115561]},"properties":{"theme":"water","name":"Brunnen · OSM 12029663489","place":"Köln","isDemo":false,"source":"© OpenStreetMap-Mitwirkende","sourceUrl":"https://www.openstreetmap.org/node/12029663489","license":"ODbL 1.0","licenseUrl":"https://opendatacommons.org/licenses/odbl/1-0/","dataAsOf":"2026-09-18T10:54:21Z","positionNote":"OSM-Punktstandort","kind":"Brunnen","wikidataUrl":"https://www.wikidata.org/wiki/Q50407943"}},{"type":"Feature","id":"osm-node-12174334431","geometry":{"type":"Point","coordinates":[6.9357576,50.921832]},"properties":{"theme":"water","name":"Brunnen · OSM 12174334431","place":"Köln","isDemo":false,"source":"© OpenStreetMap-Mitwirkende","sourceUrl":"https://www.openstreetmap.org/node/12174334431","license":"ODbL 1.0","licenseUrl":"https://opendatacommons.org/licenses/odbl/1-0/","dataAsOf":"2026-09-18T10:54:21Z","positionNote":"OSM-Punktstandort","kind":"Brunnen"}},{"type":"Feature","id":"osm-node-12178278376","geometry":{"type":"Point","coordinates":[6.9281597,50.9353238]},"properties":{"theme":"water","name":"Brunnen · OSM 12178278376","place":"Köln","isDemo":false,"source":"© OpenStreetMap-Mitwirkende","sourceUrl":"https://www.openstreetmap.org/node/12178278376","license":"ODbL 1.0","licenseUrl":"https://opendatacommons.org/licenses/odbl/1-0/","dataAsOf":"2026-09-18T10:54:21Z","positionNote":"OSM-Punktstandort","kind":"Brunnen"}},{"type":"Feature","id":"osm-node-12178296427","geometry":{"type":"Point","coordinates":[6.9271551,50.9353242]},"properties":{"theme":"water","name":"Brunnen · OSM 12178296427","place":"Köln","isDemo":false,"source":"© OpenStreetMap-Mitwirkende","sourceUrl":"https://www.openstreetmap.org/node/12178296427","license":"ODbL 1.0","licenseUrl":"https://opendatacommons.org/licenses/odbl/1-0/","dataAsOf":"2026-09-18T10:54:21Z","positionNote":"OSM-Punktstandort","kind":"Brunnen"}},{"type":"Feature","id":"osm-node-1248822437","geometry":{"type":"Point","coordinates":[6.9476728,50.909582]},"properties":{"theme":"water","name":"Brunnen · OSM 1248822437","place":"Köln","isDemo":false,"source":"© OpenStreetMap-Mitwirkende","sourceUrl":"https://www.openstreetmap.org/node/1248822437","license":"ODbL 1.0","licenseUrl":"https://opendatacommons.org/licenses/odbl/1-0/","dataAsOf":"2026-09-18T10:54:21Z","positionNote":"OSM-Punktstandort","kind":"Brunnen"}},{"type":"Feature","id":"osm-node-12821442492","geometry":{"type":"Point","coordinates":[7.1185049,50.880843]},"properties":{"theme":"water","name":"Trinkwasserstelle · OSM 12821442492","place":"Köln","isDemo":false,"source":"© OpenStreetMap-Mitwirkende","sourceUrl":"https://www.openstreetmap.org/node/12821442492","license":"ODbL 1.0","licenseUrl":"https://opendatacommons.org/licenses/odbl/1-0/","dataAsOf":"2026-09-18T10:54:21Z","positionNote":"OSM-Punktstandort","kind":"Trinkwasserstelle"}},{"type":"Feature","id":"osm-node-12841370034","geometry":{"type":"Point","coordinates":[6.9369393,50.9118458]},"properties":{"theme":"water","name":"Brunnen · OSM 12841370034","place":"Köln","isDemo":false,"source":"© OpenStreetMap-Mitwirkende","sourceUrl":"https://www.openstreetmap.org/node/12841370034","license":"ODbL 1.0","licenseUrl":"https://opendatacommons.org/licenses/odbl/1-0/","dataAsOf":"2026-09-18T10:54:21Z","positionNote":"OSM-Punktstandort","kind":"Brunnen"}},{"type":"Feature","id":"osm-node-13049830056","geometry":{"type":"Point","coordinates":[6.9918313,50.9161279]},"properties":{"theme":"water","name":"Brunnen · OSM 13049830056","place":"Köln","isDemo":false,"source":"© OpenStreetMap-Mitwirkende","sourceUrl":"https://www.openstreetmap.org/node/13049830056","license":"ODbL 1.0","licenseUrl":"https://opendatacommons.org/licenses/odbl/1-0/","dataAsOf":"2026-09-18T10:54:21Z","positionNote":"OSM-Punktstandort","kind":"Brunnen"}},{"type":"Feature","id":"osm-node-13051622346","geometry":{"type":"Point","coordinates":[6.9772237,50.934576]},"properties":{"theme":"water","name":"Brunnen · OSM 13051622346","place":"Köln","isDemo":false,"source":"© OpenStreetMap-Mitwirkende","sourceUrl":"https://www.openstreetmap.org/node/13051622346","license":"ODbL 1.0","licenseUrl":"https://opendatacommons.org/licenses/odbl/1-0/","dataAsOf":"2026-09-18T10:54:21Z","positionNote":"OSM-Punktstandort","kind":"Brunnen"}},{"type":"Feature","id":"osm-node-13057973925","geometry":{"type":"Point","coordinates":[6.959986,50.9400049]},"properties":{"theme":"water","name":"Trinkwasserstelle · OSM 13057973925","place":"Köln","isDemo":false,"source":"© OpenStreetMap-Mitwirkende","sourceUrl":"https://www.openstreetmap.org/node/13057973925","license":"ODbL 1.0","licenseUrl":"https://opendatacommons.org/licenses/odbl/1-0/","dataAsOf":"2026-09-18T10:54:21Z","positionNote":"OSM-Punktstandort","kind":"Trinkwasserstelle"}},{"type":"Feature","id":"osm-node-13058292652","geometry":{"type":"Point","coordinates":[6.9547814,50.9522485]},"properties":{"theme":"water","name":"Trinkwasserstelle · OSM 13058292652","place":"Köln","isDemo":false,"source":"© OpenStreetMap-Mitwirkende","sourceUrl":"https://www.openstreetmap.org/node/13058292652","license":"ODbL 1.0","licenseUrl":"https://opendatacommons.org/licenses/odbl/1-0/","dataAsOf":"2026-09-18T10:54:21Z","positionNote":"OSM-Punktstandort","kind":"Trinkwasserstelle"}},{"type":"Feature","id":"osm-node-13160540093","geometry":{"type":"Point","coordinates":[7.0053343,50.9586446]},"properties":{"theme":"water","name":"Brunnen · OSM 13160540093","place":"Köln","isDemo":false,"source":"© OpenStreetMap-Mitwirkende","sourceUrl":"https://www.openstreetmap.org/node/13160540093","license":"ODbL 1.0","licenseUrl":"https://opendatacommons.org/licenses/odbl/1-0/","dataAsOf":"2026-09-18T10:54:21Z","positionNote":"OSM-Punktstandort","kind":"Brunnen"}},{"type":"Feature","id":"osm-node-13730386852","geometry":{"type":"Point","coordinates":[6.9805629,50.8849343]},"properties":{"theme":"water","name":"Brunnen · OSM 13730386852","place":"Köln","isDemo":false,"source":"© OpenStreetMap-Mitwirkende","sourceUrl":"https://www.openstreetmap.org/node/13730386852","license":"ODbL 1.0","licenseUrl":"https://opendatacommons.org/licenses/odbl/1-0/","dataAsOf":"2026-09-18T10:54:21Z","positionNote":"OSM-Punktstandort","kind":"Brunnen"}},{"type":"Feature","id":"osm-node-1382862521","geometry":{"type":"Point","coordinates":[6.9597001,50.9247701]},"properties":{"theme":"water","name":"Brunnen · OSM 1382862521","place":"Köln","isDemo":false,"source":"© OpenStreetMap-Mitwirkende","sourceUrl":"https://www.openstreetmap.org/node/1382862521","license":"ODbL 1.0","licenseUrl":"https://opendatacommons.org/licenses/odbl/1-0/","dataAsOf":"2026-09-18T10:54:21Z","positionNote":"OSM-Punktstandort","kind":"Brunnen"}},{"type":"Feature","id":"osm-node-13925507568","geometry":{"type":"Point","coordinates":[7.1190737,50.8810806]},"properties":{"theme":"water","name":"Trinkwasserstelle · OSM 13925507568","place":"Köln","isDemo":false,"source":"© OpenStreetMap-Mitwirkende","sourceUrl":"https://www.openstreetmap.org/node/13925507568","license":"ODbL 1.0","licenseUrl":"https://opendatacommons.org/licenses/odbl/1-0/","dataAsOf":"2026-09-18T10:54:21Z","positionNote":"OSM-Punktstandort","kind":"Trinkwasserstelle"}},{"type":"Feature","id":"osm-node-13995751376","geometry":{"type":"Point","coordinates":[7.1228704,50.8770752]},"properties":{"theme":"water","name":"Trinkwasserstelle · OSM 13995751376","place":"Köln","isDemo":false,"source":"© OpenStreetMap-Mitwirkende","sourceUrl":"https://www.openstreetmap.org/node/13995751376","license":"ODbL 1.0","licenseUrl":"https://opendatacommons.org/licenses/odbl/1-0/","dataAsOf":"2026-09-18T10:54:21Z","positionNote":"OSM-Punktstandort","kind":"Trinkwasserstelle"}},{"type":"Feature","id":"osm-node-14125091509","geometry":{"type":"Point","coordinates":[7.0317866,50.8731548]},"properties":{"theme":"water","name":"Brunnen · OSM 14125091509","place":"Köln","isDemo":false,"source":"© OpenStreetMap-Mitwirkende","sourceUrl":"https://www.openstreetmap.org/node/14125091509","license":"ODbL 1.0","licenseUrl":"https://opendatacommons.org/licenses/odbl/1-0/","dataAsOf":"2026-09-18T10:54:21Z","positionNote":"OSM-Punktstandort","kind":"Brunnen"}},{"type":"Feature","id":"osm-node-1605554273","geometry":{"type":"Point","coordinates":[7.0156045,50.900045]},"properties":{"theme":"water","name":"Brunnen · OSM 1605554273","place":"Köln","isDemo":false,"source":"© OpenStreetMap-Mitwirkende","sourceUrl":"https://www.openstreetmap.org/node/1605554273","license":"ODbL 1.0","licenseUrl":"https://opendatacommons.org/licenses/odbl/1-0/","dataAsOf":"2026-09-18T10:54:21Z","positionNote":"OSM-Punktstandort","kind":"Brunnen"}},{"type":"Feature","id":"osm-node-1641128609","geometry":{"type":"Point","coordinates":[6.9437149,50.9388252]},"properties":{"theme":"water","name":"Brunnen · OSM 1641128609","place":"Köln","isDemo":false,"source":"© OpenStreetMap-Mitwirkende","sourceUrl":"https://www.openstreetmap.org/node/1641128609","license":"ODbL 1.0","licenseUrl":"https://opendatacommons.org/licenses/odbl/1-0/","dataAsOf":"2026-09-18T10:54:21Z","positionNote":"OSM-Punktstandort","kind":"Brunnen"}},{"type":"Feature","id":"osm-node-1649393198","geometry":{"type":"Point","coordinates":[7.0285806,50.9058991]},"properties":{"theme":"water","name":"Brunnen · OSM 1649393198","place":"Köln","isDemo":false,"source":"© OpenStreetMap-Mitwirkende","sourceUrl":"https://www.openstreetmap.org/node/1649393198","license":"ODbL 1.0","licenseUrl":"https://opendatacommons.org/licenses/odbl/1-0/","dataAsOf":"2026-09-18T10:54:21Z","positionNote":"OSM-Punktstandort","kind":"Brunnen"}},{"type":"Feature","id":"osm-node-1677732788","geometry":{"type":"Point","coordinates":[7.0743862,50.9748428]},"properties":{"theme":"water","name":"Brunnen · OSM 1677732788","place":"Köln","isDemo":false,"source":"© OpenStreetMap-Mitwirkende","sourceUrl":"https://www.openstreetmap.org/node/1677732788","license":"ODbL 1.0","licenseUrl":"https://opendatacommons.org/licenses/odbl/1-0/","dataAsOf":"2026-09-18T10:54:21Z","positionNote":"OSM-Punktstandort","kind":"Brunnen"}},{"type":"Feature","id":"osm-node-1774922600","geometry":{"type":"Point","coordinates":[7.0863547,50.9778625]},"properties":{"theme":"water","name":"Brunnen · OSM 1774922600","place":"Köln","isDemo":false,"source":"© OpenStreetMap-Mitwirkende","sourceUrl":"https://www.openstreetmap.org/node/1774922600","license":"ODbL 1.0","licenseUrl":"https://opendatacommons.org/licenses/odbl/1-0/","dataAsOf":"2026-09-18T10:54:21Z","positionNote":"OSM-Punktstandort","kind":"Brunnen"}},{"type":"Feature","id":"osm-node-1837005102","geometry":{"type":"Point","coordinates":[6.9291065,50.9611936]},"properties":{"theme":"water","name":"Brunnen · OSM 1837005102","place":"Köln","isDemo":false,"source":"© OpenStreetMap-Mitwirkende","sourceUrl":"https://www.openstreetmap.org/node/1837005102","license":"ODbL 1.0","licenseUrl":"https://opendatacommons.org/licenses/odbl/1-0/","dataAsOf":"2026-09-18T10:54:21Z","positionNote":"OSM-Punktstandort","kind":"Brunnen"}},{"type":"Feature","id":"osm-node-1837005443","geometry":{"type":"Point","coordinates":[6.9271242,50.9629459]},"properties":{"theme":"water","name":"Brunnen · OSM 1837005443","place":"Köln","isDemo":false,"source":"© OpenStreetMap-Mitwirkende","sourceUrl":"https://www.openstreetmap.org/node/1837005443","license":"ODbL 1.0","licenseUrl":"https://opendatacommons.org/licenses/odbl/1-0/","dataAsOf":"2026-09-18T10:54:21Z","positionNote":"OSM-Punktstandort","kind":"Brunnen"}},{"type":"Feature","id":"osm-node-2286933001","geometry":{"type":"Point","coordinates":[6.9588725,50.9402353]},"properties":{"theme":"water","name":"Brunnen · OSM 2286933001","place":"Köln","isDemo":false,"source":"© OpenStreetMap-Mitwirkende","sourceUrl":"https://www.openstreetmap.org/node/2286933001","license":"ODbL 1.0","licenseUrl":"https://opendatacommons.org/licenses/odbl/1-0/","dataAsOf":"2026-09-18T10:54:21Z","positionNote":"OSM-Punktstandort","kind":"Brunnen"}},{"type":"Feature","id":"osm-node-2382276529","geometry":{"type":"Point","coordinates":[6.9509546,50.9391619]},"properties":{"theme":"water","name":"Brunnen · OSM 2382276529","place":"Köln","isDemo":false,"source":"© OpenStreetMap-Mitwirkende","sourceUrl":"https://www.openstreetmap.org/node/2382276529","license":"ODbL 1.0","licenseUrl":"https://opendatacommons.org/licenses/odbl/1-0/","dataAsOf":"2026-09-18T10:54:21Z","positionNote":"OSM-Punktstandort","kind":"Brunnen"}},{"type":"Feature","id":"osm-node-2406185039","geometry":{"type":"Point","coordinates":[6.8701848,51.0279437]},"properties":{"theme":"water","name":"Trinkwasserstelle · OSM 2406185039","place":"Köln","isDemo":false,"source":"© OpenStreetMap-Mitwirkende","sourceUrl":"https://www.openstreetmap.org/node/2406185039","license":"ODbL 1.0","licenseUrl":"https://opendatacommons.org/licenses/odbl/1-0/","dataAsOf":"2026-09-18T10:54:21Z","positionNote":"OSM-Punktstandort","kind":"Trinkwasserstelle"}},{"type":"Feature","id":"osm-node-2686990339","geometry":{"type":"Point","coordinates":[6.9723906,50.9067381]},"properties":{"theme":"water","name":"Brunnen · OSM 2686990339","place":"Köln","isDemo":false,"source":"© OpenStreetMap-Mitwirkende","sourceUrl":"https://www.openstreetmap.org/node/2686990339","license":"ODbL 1.0","licenseUrl":"https://opendatacommons.org/licenses/odbl/1-0/","dataAsOf":"2026-09-18T10:54:21Z","positionNote":"OSM-Punktstandort","kind":"Brunnen"}},{"type":"Feature","id":"osm-node-2691520051","geometry":{"type":"Point","coordinates":[7.0510739,50.9622848]},"properties":{"theme":"water","name":"Brunnen · OSM 2691520051","place":"Köln","isDemo":false,"source":"© OpenStreetMap-Mitwirkende","sourceUrl":"https://www.openstreetmap.org/node/2691520051","license":"ODbL 1.0","licenseUrl":"https://opendatacommons.org/licenses/odbl/1-0/","dataAsOf":"2026-09-18T10:54:21Z","positionNote":"OSM-Punktstandort","kind":"Brunnen"}},{"type":"Feature","id":"osm-node-2754751389","geometry":{"type":"Point","coordinates":[6.9740306,50.9483838]},"properties":{"theme":"water","name":"Brunnen · OSM 2754751389","place":"Köln","isDemo":false,"source":"© OpenStreetMap-Mitwirkende","sourceUrl":"https://www.openstreetmap.org/node/2754751389","license":"ODbL 1.0","licenseUrl":"https://opendatacommons.org/licenses/odbl/1-0/","dataAsOf":"2026-09-18T10:54:21Z","positionNote":"OSM-Punktstandort","kind":"Brunnen"}},{"type":"Feature","id":"osm-node-2754751404","geometry":{"type":"Point","coordinates":[6.9749858,50.9484981]},"properties":{"theme":"water","name":"Brunnen · OSM 2754751404","place":"Köln","isDemo":false,"source":"© OpenStreetMap-Mitwirkende","sourceUrl":"https://www.openstreetmap.org/node/2754751404","license":"ODbL 1.0","licenseUrl":"https://opendatacommons.org/licenses/odbl/1-0/","dataAsOf":"2026-09-18T10:54:21Z","positionNote":"OSM-Punktstandort","kind":"Brunnen"}},{"type":"Feature","id":"osm-node-2867634326","geometry":{"type":"Point","coordinates":[6.9032127,50.9285102]},"properties":{"theme":"water","name":"Brunnen · OSM 2867634326","place":"Köln","isDemo":false,"source":"© OpenStreetMap-Mitwirkende","sourceUrl":"https://www.openstreetmap.org/node/2867634326","license":"ODbL 1.0","licenseUrl":"https://opendatacommons.org/licenses/odbl/1-0/","dataAsOf":"2026-09-18T10:54:21Z","positionNote":"OSM-Punktstandort","kind":"Brunnen"}},{"type":"Feature","id":"osm-node-320922475","geometry":{"type":"Point","coordinates":[6.9426218,50.944914]},"properties":{"theme":"water","name":"Brunnen · OSM 320922475","place":"Köln","isDemo":false,"source":"© OpenStreetMap-Mitwirkende","sourceUrl":"https://www.openstreetmap.org/node/320922475","license":"ODbL 1.0","licenseUrl":"https://opendatacommons.org/licenses/odbl/1-0/","dataAsOf":"2026-09-18T10:54:21Z","positionNote":"OSM-Punktstandort","kind":"Brunnen"}},{"type":"Feature","id":"osm-node-3734990725","geometry":{"type":"Point","coordinates":[6.9612775,50.9745389]},"properties":{"theme":"water","name":"Brunnen · OSM 3734990725","place":"Köln","isDemo":false,"source":"© OpenStreetMap-Mitwirkende","sourceUrl":"https://www.openstreetmap.org/node/3734990725","license":"ODbL 1.0","licenseUrl":"https://opendatacommons.org/licenses/odbl/1-0/","dataAsOf":"2026-09-18T10:54:21Z","positionNote":"OSM-Punktstandort","kind":"Brunnen"}},{"type":"Feature","id":"osm-node-3746112543","geometry":{"type":"Point","coordinates":[7.0105478,50.9086559]},"properties":{"theme":"water","name":"Trinkwasserstelle · OSM 3746112543","place":"Köln","isDemo":false,"source":"© OpenStreetMap-Mitwirkende","sourceUrl":"https://www.openstreetmap.org/node/3746112543","license":"ODbL 1.0","licenseUrl":"https://opendatacommons.org/licenses/odbl/1-0/","dataAsOf":"2026-09-18T10:54:21Z","positionNote":"OSM-Punktstandort","kind":"Trinkwasserstelle"}},{"type":"Feature","id":"osm-node-3746112547","geometry":{"type":"Point","coordinates":[7.010629,50.9091288]},"properties":{"theme":"water","name":"Trinkwasserstelle · OSM 3746112547","place":"Köln","isDemo":false,"source":"© OpenStreetMap-Mitwirkende","sourceUrl":"https://www.openstreetmap.org/node/3746112547","license":"ODbL 1.0","licenseUrl":"https://opendatacommons.org/licenses/odbl/1-0/","dataAsOf":"2026-09-18T10:54:21Z","positionNote":"OSM-Punktstandort","kind":"Trinkwasserstelle"}},{"type":"Feature","id":"osm-node-4426838112","geometry":{"type":"Point","coordinates":[6.8792586,50.9400095]},"properties":{"theme":"water","name":"Trinkwasserstelle · OSM 4426838112","place":"Köln","isDemo":false,"source":"© OpenStreetMap-Mitwirkende","sourceUrl":"https://www.openstreetmap.org/node/4426838112","license":"ODbL 1.0","licenseUrl":"https://opendatacommons.org/licenses/odbl/1-0/","dataAsOf":"2026-09-18T10:54:21Z","positionNote":"OSM-Punktstandort","kind":"Trinkwasserstelle"}},{"type":"Feature","id":"osm-node-4483472193","geometry":{"type":"Point","coordinates":[7.0043611,50.9617077]},"properties":{"theme":"water","name":"Brunnen · OSM 4483472193","place":"Köln","isDemo":false,"source":"© OpenStreetMap-Mitwirkende","sourceUrl":"https://www.openstreetmap.org/node/4483472193","license":"ODbL 1.0","licenseUrl":"https://opendatacommons.org/licenses/odbl/1-0/","dataAsOf":"2026-09-18T10:54:21Z","positionNote":"OSM-Punktstandort","kind":"Brunnen"}},{"type":"Feature","id":"osm-node-457091993","geometry":{"type":"Point","coordinates":[7.0435373,50.870649]},"properties":{"theme":"water","name":"Brunnen · OSM 457091993","place":"Köln","isDemo":false,"source":"© OpenStreetMap-Mitwirkende","sourceUrl":"https://www.openstreetmap.org/node/457091993","license":"ODbL 1.0","licenseUrl":"https://opendatacommons.org/licenses/odbl/1-0/","dataAsOf":"2026-09-18T10:54:21Z","positionNote":"OSM-Punktstandort","kind":"Brunnen"}},{"type":"Feature","id":"osm-node-4929067425","geometry":{"type":"Point","coordinates":[6.9698508,50.9181557]},"properties":{"theme":"water","name":"Trinkwasserstelle · OSM 4929067425","place":"Köln","isDemo":false,"source":"© OpenStreetMap-Mitwirkende","sourceUrl":"https://www.openstreetmap.org/node/4929067425","license":"ODbL 1.0","licenseUrl":"https://opendatacommons.org/licenses/odbl/1-0/","dataAsOf":"2026-09-18T10:54:21Z","positionNote":"OSM-Punktstandort","kind":"Trinkwasserstelle"}},{"type":"Feature","id":"osm-node-4968271859","geometry":{"type":"Point","coordinates":[6.9680181,50.9524898]},"properties":{"theme":"water","name":"Brunnen · OSM 4968271859","place":"Köln","isDemo":false,"source":"© OpenStreetMap-Mitwirkende","sourceUrl":"https://www.openstreetmap.org/node/4968271859","license":"ODbL 1.0","licenseUrl":"https://opendatacommons.org/licenses/odbl/1-0/","dataAsOf":"2026-09-18T10:54:21Z","positionNote":"OSM-Punktstandort","kind":"Brunnen"}},{"type":"Feature","id":"osm-node-497859111","geometry":{"type":"Point","coordinates":[6.9194349,50.959402]},"properties":{"theme":"water","name":"Brunnen · OSM 497859111","place":"Köln","isDemo":false,"source":"© OpenStreetMap-Mitwirkende","sourceUrl":"https://www.openstreetmap.org/node/497859111","license":"ODbL 1.0","licenseUrl":"https://opendatacommons.org/licenses/odbl/1-0/","dataAsOf":"2026-09-18T10:54:21Z","positionNote":"OSM-Punktstandort","kind":"Brunnen"}},{"type":"Feature","id":"osm-node-508427181","geometry":{"type":"Point","coordinates":[6.9807514,50.8853893]},"properties":{"theme":"water","name":"Brunnen · OSM 508427181","place":"Köln","isDemo":false,"source":"© OpenStreetMap-Mitwirkende","sourceUrl":"https://www.openstreetmap.org/node/508427181","license":"ODbL 1.0","licenseUrl":"https://opendatacommons.org/licenses/odbl/1-0/","dataAsOf":"2026-09-18T10:54:21Z","positionNote":"OSM-Punktstandort","kind":"Brunnen"}},{"type":"Feature","id":"osm-node-5200300193","geometry":{"type":"Point","coordinates":[6.950525,50.9438846]},"properties":{"theme":"water","name":"Brunnen · OSM 5200300193","place":"Köln","isDemo":false,"source":"© OpenStreetMap-Mitwirkende","sourceUrl":"https://www.openstreetmap.org/node/5200300193","license":"ODbL 1.0","licenseUrl":"https://opendatacommons.org/licenses/odbl/1-0/","dataAsOf":"2026-09-18T10:54:21Z","positionNote":"OSM-Punktstandort","kind":"Brunnen"}},{"type":"Feature","id":"osm-node-5726430178","geometry":{"type":"Point","coordinates":[6.8680081,50.9798866]},"properties":{"theme":"water","name":"Brunnen · OSM 5726430178","place":"Köln","isDemo":false,"source":"© OpenStreetMap-Mitwirkende","sourceUrl":"https://www.openstreetmap.org/node/5726430178","license":"ODbL 1.0","licenseUrl":"https://opendatacommons.org/licenses/odbl/1-0/","dataAsOf":"2026-09-18T10:54:21Z","positionNote":"OSM-Punktstandort","kind":"Brunnen"}},{"type":"Feature","id":"osm-node-5914145785","geometry":{"type":"Point","coordinates":[6.9771105,50.950847]},"properties":{"theme":"water","name":"Brunnen · OSM 5914145785","place":"Köln","isDemo":false,"source":"© OpenStreetMap-Mitwirkende","sourceUrl":"https://www.openstreetmap.org/node/5914145785","license":"ODbL 1.0","licenseUrl":"https://opendatacommons.org/licenses/odbl/1-0/","dataAsOf":"2026-09-18T10:54:21Z","positionNote":"OSM-Punktstandort","kind":"Brunnen"}},{"type":"Feature","id":"osm-node-5962471394","geometry":{"type":"Point","coordinates":[6.8408205,50.9679216]},"properties":{"theme":"water","name":"Brunnen · OSM 5962471394","place":"Köln","isDemo":false,"source":"© OpenStreetMap-Mitwirkende","sourceUrl":"https://www.openstreetmap.org/node/5962471394","license":"ODbL 1.0","licenseUrl":"https://opendatacommons.org/licenses/odbl/1-0/","dataAsOf":"2026-09-18T10:54:21Z","positionNote":"OSM-Punktstandort","kind":"Brunnen"}},{"type":"Feature","id":"osm-node-5973971016","geometry":{"type":"Point","coordinates":[6.9661547,50.9544644]},"properties":{"theme":"water","name":"Brunnen · OSM 5973971016","place":"Köln","isDemo":false,"source":"© OpenStreetMap-Mitwirkende","sourceUrl":"https://www.openstreetmap.org/node/5973971016","license":"ODbL 1.0","licenseUrl":"https://opendatacommons.org/licenses/odbl/1-0/","dataAsOf":"2026-09-18T10:54:21Z","positionNote":"OSM-Punktstandort","kind":"Brunnen"}},{"type":"Feature","id":"osm-node-615945746","geometry":{"type":"Point","coordinates":[6.9408223,50.9441262]},"properties":{"theme":"water","name":"Brunnen · OSM 615945746","place":"Köln","isDemo":false,"source":"© OpenStreetMap-Mitwirkende","sourceUrl":"https://www.openstreetmap.org/node/615945746","license":"ODbL 1.0","licenseUrl":"https://opendatacommons.org/licenses/odbl/1-0/","dataAsOf":"2026-09-18T10:54:21Z","positionNote":"OSM-Punktstandort","kind":"Brunnen"}},{"type":"Feature","id":"osm-node-6447903722","geometry":{"type":"Point","coordinates":[6.9701309,50.9021137]},"properties":{"theme":"water","name":"Brunnen · OSM 6447903722","place":"Köln","isDemo":false,"source":"© OpenStreetMap-Mitwirkende","sourceUrl":"https://www.openstreetmap.org/node/6447903722","license":"ODbL 1.0","licenseUrl":"https://opendatacommons.org/licenses/odbl/1-0/","dataAsOf":"2026-09-18T10:54:21Z","positionNote":"OSM-Punktstandort","kind":"Brunnen"}},{"type":"Feature","id":"osm-node-6556122853","geometry":{"type":"Point","coordinates":[6.9738457,50.9081595]},"properties":{"theme":"water","name":"Brunnen · OSM 6556122853","place":"Köln","isDemo":false,"source":"© OpenStreetMap-Mitwirkende","sourceUrl":"https://www.openstreetmap.org/node/6556122853","license":"ODbL 1.0","licenseUrl":"https://opendatacommons.org/licenses/odbl/1-0/","dataAsOf":"2026-09-18T10:54:21Z","positionNote":"OSM-Punktstandort","kind":"Brunnen"}},{"type":"Feature","id":"osm-node-6631897554","geometry":{"type":"Point","coordinates":[6.8998839,50.9409437]},"properties":{"theme":"water","name":"Brunnen · OSM 6631897554","place":"Köln","isDemo":false,"source":"© OpenStreetMap-Mitwirkende","sourceUrl":"https://www.openstreetmap.org/node/6631897554","license":"ODbL 1.0","licenseUrl":"https://opendatacommons.org/licenses/odbl/1-0/","dataAsOf":"2026-09-18T10:54:21Z","positionNote":"OSM-Punktstandort","kind":"Brunnen"}},{"type":"Feature","id":"osm-node-663713068","geometry":{"type":"Point","coordinates":[6.9726855,50.9399868]},"properties":{"theme":"water","name":"Brunnen · OSM 663713068","place":"Köln","isDemo":false,"source":"© OpenStreetMap-Mitwirkende","sourceUrl":"https://www.openstreetmap.org/node/663713068","license":"ODbL 1.0","licenseUrl":"https://opendatacommons.org/licenses/odbl/1-0/","dataAsOf":"2026-09-18T10:54:21Z","positionNote":"OSM-Punktstandort","kind":"Brunnen"}},{"type":"Feature","id":"osm-node-6727688238","geometry":{"type":"Point","coordinates":[6.9606476,50.9505258]},"properties":{"theme":"water","name":"Brunnen · OSM 6727688238","place":"Köln","isDemo":false,"source":"© OpenStreetMap-Mitwirkende","sourceUrl":"https://www.openstreetmap.org/node/6727688238","license":"ODbL 1.0","licenseUrl":"https://opendatacommons.org/licenses/odbl/1-0/","dataAsOf":"2026-09-18T10:54:21Z","positionNote":"OSM-Punktstandort","kind":"Brunnen"}},{"type":"Feature","id":"osm-node-6814613771","geometry":{"type":"Point","coordinates":[6.9782129,50.8856419]},"properties":{"theme":"water","name":"Trinkwasserstelle · OSM 6814613771","place":"Köln","isDemo":false,"source":"© OpenStreetMap-Mitwirkende","sourceUrl":"https://www.openstreetmap.org/node/6814613771","license":"ODbL 1.0","licenseUrl":"https://opendatacommons.org/licenses/odbl/1-0/","dataAsOf":"2026-09-18T10:54:21Z","positionNote":"OSM-Punktstandort","kind":"Trinkwasserstelle"}},{"type":"Feature","id":"osm-node-7018230858","geometry":{"type":"Point","coordinates":[6.9807684,50.9505389]},"properties":{"theme":"water","name":"Trinkwasserstelle · OSM 7018230858","place":"Köln","isDemo":false,"source":"© OpenStreetMap-Mitwirkende","sourceUrl":"https://www.openstreetmap.org/node/7018230858","license":"ODbL 1.0","licenseUrl":"https://opendatacommons.org/licenses/odbl/1-0/","dataAsOf":"2026-09-18T10:54:21Z","positionNote":"OSM-Punktstandort","kind":"Trinkwasserstelle"}},{"type":"Feature","id":"osm-node-771654332","geometry":{"type":"Point","coordinates":[6.9459962,50.9223133]},"properties":{"theme":"water","name":"Brunnen · OSM 771654332","place":"Köln","isDemo":false,"source":"© OpenStreetMap-Mitwirkende","sourceUrl":"https://www.openstreetmap.org/node/771654332","license":"ODbL 1.0","licenseUrl":"https://opendatacommons.org/licenses/odbl/1-0/","dataAsOf":"2026-09-18T10:54:21Z","positionNote":"OSM-Punktstandort","kind":"Brunnen"}},{"type":"Feature","id":"osm-node-7736353664","geometry":{"type":"Point","coordinates":[7.0058634,50.9577522]},"properties":{"theme":"water","name":"Trinkwasserstelle · OSM 7736353664","place":"Köln","isDemo":false,"source":"© OpenStreetMap-Mitwirkende","sourceUrl":"https://www.openstreetmap.org/node/7736353664","license":"ODbL 1.0","licenseUrl":"https://opendatacommons.org/licenses/odbl/1-0/","dataAsOf":"2026-09-18T10:54:21Z","positionNote":"OSM-Punktstandort","kind":"Trinkwasserstelle"}},{"type":"Feature","id":"osm-node-7872930589","geometry":{"type":"Point","coordinates":[6.9488457,50.9368012]},"properties":{"theme":"water","name":"Trinkwasserstelle · OSM 7872930589","place":"Köln","isDemo":false,"source":"© OpenStreetMap-Mitwirkende","sourceUrl":"https://www.openstreetmap.org/node/7872930589","license":"ODbL 1.0","licenseUrl":"https://opendatacommons.org/licenses/odbl/1-0/","dataAsOf":"2026-09-18T10:54:21Z","positionNote":"OSM-Punktstandort","kind":"Trinkwasserstelle"}},{"type":"Feature","id":"osm-node-8044267944","geometry":{"type":"Point","coordinates":[6.9947295,50.892625]},"properties":{"theme":"water","name":"Trinkwasserstelle · OSM 8044267944","place":"Köln","isDemo":false,"source":"© OpenStreetMap-Mitwirkende","sourceUrl":"https://www.openstreetmap.org/node/8044267944","license":"ODbL 1.0","licenseUrl":"https://opendatacommons.org/licenses/odbl/1-0/","dataAsOf":"2026-09-18T10:54:21Z","positionNote":"OSM-Punktstandort","kind":"Trinkwasserstelle"}},{"type":"Feature","id":"osm-node-8791527722","geometry":{"type":"Point","coordinates":[6.8954577,50.9322737]},"properties":{"theme":"water","name":"Brunnen · OSM 8791527722","place":"Köln","isDemo":false,"source":"© OpenStreetMap-Mitwirkende","sourceUrl":"https://www.openstreetmap.org/node/8791527722","license":"ODbL 1.0","licenseUrl":"https://opendatacommons.org/licenses/odbl/1-0/","dataAsOf":"2026-09-18T10:54:21Z","positionNote":"OSM-Punktstandort","kind":"Brunnen"}},{"type":"Feature","id":"osm-node-8817998557","geometry":{"type":"Point","coordinates":[6.9508758,50.9568921]},"properties":{"theme":"water","name":"Trinkwasserstelle · OSM 8817998557","place":"Köln","isDemo":false,"source":"© OpenStreetMap-Mitwirkende","sourceUrl":"https://www.openstreetmap.org/node/8817998557","license":"ODbL 1.0","licenseUrl":"https://opendatacommons.org/licenses/odbl/1-0/","dataAsOf":"2026-09-18T10:54:21Z","positionNote":"OSM-Punktstandort","kind":"Trinkwasserstelle"}},{"type":"Feature","id":"osm-node-8818007268","geometry":{"type":"Point","coordinates":[6.9098512,50.9580042]},"properties":{"theme":"water","name":"Trinkwasserstelle · OSM 8818007268","place":"Köln","isDemo":false,"source":"© OpenStreetMap-Mitwirkende","sourceUrl":"https://www.openstreetmap.org/node/8818007268","license":"ODbL 1.0","licenseUrl":"https://opendatacommons.org/licenses/odbl/1-0/","dataAsOf":"2026-09-18T10:54:21Z","positionNote":"OSM-Punktstandort","kind":"Trinkwasserstelle"}},{"type":"Feature","id":"osm-node-8883850705","geometry":{"type":"Point","coordinates":[6.8763585,50.9299144]},"properties":{"theme":"water","name":"Trinkwasserstelle · OSM 8883850705","place":"Köln","isDemo":false,"source":"© OpenStreetMap-Mitwirkende","sourceUrl":"https://www.openstreetmap.org/node/8883850705","license":"ODbL 1.0","licenseUrl":"https://opendatacommons.org/licenses/odbl/1-0/","dataAsOf":"2026-09-18T10:54:21Z","positionNote":"OSM-Punktstandort","kind":"Trinkwasserstelle"}},{"type":"Feature","id":"osm-node-8936464846","geometry":{"type":"Point","coordinates":[6.8876889,51.0333737]},"properties":{"theme":"water","name":"Trinkwasserstelle · OSM 8936464846","place":"Köln","isDemo":false,"source":"© OpenStreetMap-Mitwirkende","sourceUrl":"https://www.openstreetmap.org/node/8936464846","license":"ODbL 1.0","licenseUrl":"https://opendatacommons.org/licenses/odbl/1-0/","dataAsOf":"2026-09-18T10:54:21Z","positionNote":"OSM-Punktstandort","kind":"Trinkwasserstelle"}},{"type":"Feature","id":"osm-node-8936510741","geometry":{"type":"Point","coordinates":[6.9283587,50.9617074]},"properties":{"theme":"water","name":"Trinkwasserstelle · OSM 8936510741","place":"Köln","isDemo":false,"source":"© OpenStreetMap-Mitwirkende","sourceUrl":"https://www.openstreetmap.org/node/8936510741","license":"ODbL 1.0","licenseUrl":"https://opendatacommons.org/licenses/odbl/1-0/","dataAsOf":"2026-09-18T10:54:21Z","positionNote":"OSM-Punktstandort","kind":"Trinkwasserstelle"}},{"type":"Feature","id":"osm-node-943957987","geometry":{"type":"Point","coordinates":[6.9699055,50.9695962]},"properties":{"theme":"water","name":"Brunnen · OSM 943957987","place":"Köln","isDemo":false,"source":"© OpenStreetMap-Mitwirkende","sourceUrl":"https://www.openstreetmap.org/node/943957987","license":"ODbL 1.0","licenseUrl":"https://opendatacommons.org/licenses/odbl/1-0/","dataAsOf":"2026-09-18T10:54:21Z","positionNote":"OSM-Punktstandort","kind":"Brunnen"}},{"type":"Feature","id":"osm-node-9689733527","geometry":{"type":"Point","coordinates":[6.9567611,50.9496363]},"properties":{"theme":"water","name":"Trinkwasserstelle · OSM 9689733527","place":"Köln","isDemo":false,"source":"© OpenStreetMap-Mitwirkende","sourceUrl":"https://www.openstreetmap.org/node/9689733527","license":"ODbL 1.0","licenseUrl":"https://opendatacommons.org/licenses/odbl/1-0/","dataAsOf":"2026-09-18T10:54:21Z","positionNote":"OSM-Punktstandort","kind":"Trinkwasserstelle"}},{"type":"Feature","id":"osm-node-9833446608","geometry":{"type":"Point","coordinates":[7.0573445,50.8837963]},"properties":{"theme":"water","name":"Trinkwasserstelle · OSM 9833446608","place":"Köln","isDemo":false,"source":"© OpenStreetMap-Mitwirkende","sourceUrl":"https://www.openstreetmap.org/node/9833446608","license":"ODbL 1.0","licenseUrl":"https://opendatacommons.org/licenses/odbl/1-0/","dataAsOf":"2026-09-18T10:54:21Z","positionNote":"OSM-Punktstandort","kind":"Trinkwasserstelle"}},{"type":"Feature","id":"osm-node-9879084205","geometry":{"type":"Point","coordinates":[6.8941512,51.0248655]},"properties":{"theme":"water","name":"Brunnen · OSM 9879084205","place":"Köln","isDemo":false,"source":"© OpenStreetMap-Mitwirkende","sourceUrl":"https://www.openstreetmap.org/node/9879084205","license":"ODbL 1.0","licenseUrl":"https://opendatacommons.org/licenses/odbl/1-0/","dataAsOf":"2026-09-18T10:54:21Z","positionNote":"OSM-Punktstandort","kind":"Brunnen"}},{"type":"Feature","id":"osm-node-9879084206","geometry":{"type":"Point","coordinates":[6.8950186,51.0246271]},"properties":{"theme":"water","name":"Brunnen · OSM 9879084206","place":"Köln","isDemo":false,"source":"© OpenStreetMap-Mitwirkende","sourceUrl":"https://www.openstreetmap.org/node/9879084206","license":"ODbL 1.0","licenseUrl":"https://opendatacommons.org/licenses/odbl/1-0/","dataAsOf":"2026-09-18T10:54:21Z","positionNote":"OSM-Punktstandort","kind":"Brunnen"}},{"type":"Feature","id":"osm-way-1099316104","geometry":{"type":"Point","coordinates":[7.0930536,50.9092077]},"properties":{"theme":"water","name":"Brunnen · OSM 1099316104","place":"Köln","isDemo":false,"source":"© OpenStreetMap-Mitwirkende","sourceUrl":"https://www.openstreetmap.org/way/1099316104","license":"ODbL 1.0","licenseUrl":"https://opendatacommons.org/licenses/odbl/1-0/","dataAsOf":"2026-09-18T10:54:21Z","positionNote":"Mittelpunkt des OSM-Umgrenzungsrechtecks; kein Eingang","kind":"Brunnen"}},{"type":"Feature","id":"osm-way-1102682937","geometry":{"type":"Point","coordinates":[6.9470298,50.9360845]},"properties":{"theme":"water","name":"Brunnen · OSM 1102682937","place":"Köln","isDemo":false,"source":"© OpenStreetMap-Mitwirkende","sourceUrl":"https://www.openstreetmap.org/way/1102682937","license":"ODbL 1.0","licenseUrl":"https://opendatacommons.org/licenses/odbl/1-0/","dataAsOf":"2026-09-18T10:54:21Z","positionNote":"Mittelpunkt des OSM-Umgrenzungsrechtecks; kein Eingang","kind":"Brunnen"}},{"type":"Feature","id":"osm-way-1149964458","geometry":{"type":"Point","coordinates":[6.9434695,50.9418826]},"properties":{"theme":"water","name":"Brunnen · OSM 1149964458","place":"Köln","isDemo":false,"source":"© OpenStreetMap-Mitwirkende","sourceUrl":"https://www.openstreetmap.org/way/1149964458","license":"ODbL 1.0","licenseUrl":"https://opendatacommons.org/licenses/odbl/1-0/","dataAsOf":"2026-09-18T10:54:21Z","positionNote":"Mittelpunkt des OSM-Umgrenzungsrechtecks; kein Eingang","kind":"Brunnen"}},{"type":"Feature","id":"osm-way-1149964459","geometry":{"type":"Point","coordinates":[6.9432293,50.9418725]},"properties":{"theme":"water","name":"Brunnen · OSM 1149964459","place":"Köln","isDemo":false,"source":"© OpenStreetMap-Mitwirkende","sourceUrl":"https://www.openstreetmap.org/way/1149964459","license":"ODbL 1.0","licenseUrl":"https://opendatacommons.org/licenses/odbl/1-0/","dataAsOf":"2026-09-18T10:54:21Z","positionNote":"Mittelpunkt des OSM-Umgrenzungsrechtecks; kein Eingang","kind":"Brunnen"}},{"type":"Feature","id":"osm-way-1157666970","geometry":{"type":"Point","coordinates":[6.9501949,50.9400646]},"properties":{"theme":"water","name":"Brunnen · OSM 1157666970","place":"Köln","isDemo":false,"source":"© OpenStreetMap-Mitwirkende","sourceUrl":"https://www.openstreetmap.org/way/1157666970","license":"ODbL 1.0","licenseUrl":"https://opendatacommons.org/licenses/odbl/1-0/","dataAsOf":"2026-09-18T10:54:21Z","positionNote":"Mittelpunkt des OSM-Umgrenzungsrechtecks; kein Eingang","kind":"Brunnen"}},{"type":"Feature","id":"osm-way-1192928292","geometry":{"type":"Point","coordinates":[6.9237858,50.9080361]},"properties":{"theme":"water","name":"Brunnen · OSM 1192928292","place":"Köln","isDemo":false,"source":"© OpenStreetMap-Mitwirkende","sourceUrl":"https://www.openstreetmap.org/way/1192928292","license":"ODbL 1.0","licenseUrl":"https://opendatacommons.org/licenses/odbl/1-0/","dataAsOf":"2026-09-18T10:54:21Z","positionNote":"Mittelpunkt des OSM-Umgrenzungsrechtecks; kein Eingang","kind":"Brunnen"}},{"type":"Feature","id":"osm-way-1353719027","geometry":{"type":"Point","coordinates":[6.9686784,50.959289]},"properties":{"theme":"water","name":"Brunnen · OSM 1353719027","place":"Köln","isDemo":false,"source":"© OpenStreetMap-Mitwirkende","sourceUrl":"https://www.openstreetmap.org/way/1353719027","license":"ODbL 1.0","licenseUrl":"https://opendatacommons.org/licenses/odbl/1-0/","dataAsOf":"2026-09-18T10:54:21Z","positionNote":"Mittelpunkt des OSM-Umgrenzungsrechtecks; kein Eingang","kind":"Brunnen"}},{"type":"Feature","id":"osm-way-1374473334","geometry":{"type":"Point","coordinates":[6.971035,50.9600868]},"properties":{"theme":"water","name":"Brunnen · OSM 1374473334","place":"Köln","isDemo":false,"source":"© OpenStreetMap-Mitwirkende","sourceUrl":"https://www.openstreetmap.org/way/1374473334","license":"ODbL 1.0","licenseUrl":"https://opendatacommons.org/licenses/odbl/1-0/","dataAsOf":"2026-09-18T10:54:21Z","positionNote":"Mittelpunkt des OSM-Umgrenzungsrechtecks; kein Eingang","kind":"Brunnen"}},{"type":"Feature","id":"osm-way-1374473335","geometry":{"type":"Point","coordinates":[6.9707166,50.9598734]},"properties":{"theme":"water","name":"Brunnen · OSM 1374473335","place":"Köln","isDemo":false,"source":"© OpenStreetMap-Mitwirkende","sourceUrl":"https://www.openstreetmap.org/way/1374473335","license":"ODbL 1.0","licenseUrl":"https://opendatacommons.org/licenses/odbl/1-0/","dataAsOf":"2026-09-18T10:54:21Z","positionNote":"Mittelpunkt des OSM-Umgrenzungsrechtecks; kein Eingang","kind":"Brunnen"}},{"type":"Feature","id":"osm-way-1424800427","geometry":{"type":"Point","coordinates":[6.9700698,50.9370156]},"properties":{"theme":"water","name":"Brunnen · OSM 1424800427","place":"Köln","isDemo":false,"source":"© OpenStreetMap-Mitwirkende","sourceUrl":"https://www.openstreetmap.org/way/1424800427","license":"ODbL 1.0","licenseUrl":"https://opendatacommons.org/licenses/odbl/1-0/","dataAsOf":"2026-09-18T10:54:21Z","positionNote":"Mittelpunkt des OSM-Umgrenzungsrechtecks; kein Eingang","kind":"Brunnen"}},{"type":"Feature","id":"osm-way-201924731","geometry":{"type":"Point","coordinates":[6.9680431,50.9524843]},"properties":{"theme":"water","name":"Brunnen · OSM 201924731","place":"Köln","isDemo":false,"source":"© OpenStreetMap-Mitwirkende","sourceUrl":"https://www.openstreetmap.org/way/201924731","license":"ODbL 1.0","licenseUrl":"https://opendatacommons.org/licenses/odbl/1-0/","dataAsOf":"2026-09-18T10:54:21Z","positionNote":"Mittelpunkt des OSM-Umgrenzungsrechtecks; kein Eingang","kind":"Brunnen"}},{"type":"Feature","id":"osm-way-218227372","geometry":{"type":"Point","coordinates":[6.9308,50.9218823]},"properties":{"theme":"water","name":"Brunnen · OSM 218227372","place":"Köln","isDemo":false,"source":"© OpenStreetMap-Mitwirkende","sourceUrl":"https://www.openstreetmap.org/way/218227372","license":"ODbL 1.0","licenseUrl":"https://opendatacommons.org/licenses/odbl/1-0/","dataAsOf":"2026-09-18T10:54:21Z","positionNote":"Mittelpunkt des OSM-Umgrenzungsrechtecks; kein Eingang","kind":"Brunnen"}},{"type":"Feature","id":"osm-way-287234790","geometry":{"type":"Point","coordinates":[6.9442337,50.9479587]},"properties":{"theme":"water","name":"Brunnen · OSM 287234790","place":"Köln","isDemo":false,"source":"© OpenStreetMap-Mitwirkende","sourceUrl":"https://www.openstreetmap.org/way/287234790","license":"ODbL 1.0","licenseUrl":"https://opendatacommons.org/licenses/odbl/1-0/","dataAsOf":"2026-09-18T10:54:21Z","positionNote":"Mittelpunkt des OSM-Umgrenzungsrechtecks; kein Eingang","kind":"Brunnen"}},{"type":"Feature","id":"osm-way-287234791","geometry":{"type":"Point","coordinates":[6.9443487,50.9479052]},"properties":{"theme":"water","name":"Brunnen · OSM 287234791","place":"Köln","isDemo":false,"source":"© OpenStreetMap-Mitwirkende","sourceUrl":"https://www.openstreetmap.org/way/287234791","license":"ODbL 1.0","licenseUrl":"https://opendatacommons.org/licenses/odbl/1-0/","dataAsOf":"2026-09-18T10:54:21Z","positionNote":"Mittelpunkt des OSM-Umgrenzungsrechtecks; kein Eingang","kind":"Brunnen"}},{"type":"Feature","id":"osm-way-287234792","geometry":{"type":"Point","coordinates":[6.9442829,50.9480916]},"properties":{"theme":"water","name":"Brunnen · OSM 287234792","place":"Köln","isDemo":false,"source":"© OpenStreetMap-Mitwirkende","sourceUrl":"https://www.openstreetmap.org/way/287234792","license":"ODbL 1.0","licenseUrl":"https://opendatacommons.org/licenses/odbl/1-0/","dataAsOf":"2026-09-18T10:54:21Z","positionNote":"Mittelpunkt des OSM-Umgrenzungsrechtecks; kein Eingang","kind":"Brunnen"}},{"type":"Feature","id":"osm-way-287234793","geometry":{"type":"Point","coordinates":[6.94417,50.9480431]},"properties":{"theme":"water","name":"Brunnen · OSM 287234793","place":"Köln","isDemo":false,"source":"© OpenStreetMap-Mitwirkende","sourceUrl":"https://www.openstreetmap.org/way/287234793","license":"ODbL 1.0","licenseUrl":"https://opendatacommons.org/licenses/odbl/1-0/","dataAsOf":"2026-09-18T10:54:21Z","positionNote":"Mittelpunkt des OSM-Umgrenzungsrechtecks; kein Eingang","kind":"Brunnen"}},{"type":"Feature","id":"osm-way-287234794","geometry":{"type":"Point","coordinates":[6.9441382,50.9479915]},"properties":{"theme":"water","name":"Brunnen · OSM 287234794","place":"Köln","isDemo":false,"source":"© OpenStreetMap-Mitwirkende","sourceUrl":"https://www.openstreetmap.org/way/287234794","license":"ODbL 1.0","licenseUrl":"https://opendatacommons.org/licenses/odbl/1-0/","dataAsOf":"2026-09-18T10:54:21Z","positionNote":"Mittelpunkt des OSM-Umgrenzungsrechtecks; kein Eingang","kind":"Brunnen"}},{"type":"Feature","id":"osm-way-287234795","geometry":{"type":"Point","coordinates":[6.9442166,50.9480758]},"properties":{"theme":"water","name":"Brunnen · OSM 287234795","place":"Köln","isDemo":false,"source":"© OpenStreetMap-Mitwirkende","sourceUrl":"https://www.openstreetmap.org/way/287234795","license":"ODbL 1.0","licenseUrl":"https://opendatacommons.org/licenses/odbl/1-0/","dataAsOf":"2026-09-18T10:54:21Z","positionNote":"Mittelpunkt des OSM-Umgrenzungsrechtecks; kein Eingang","kind":"Brunnen"}},{"type":"Feature","id":"osm-way-287234796","geometry":{"type":"Point","coordinates":[6.94447,50.9480391]},"properties":{"theme":"water","name":"Brunnen · OSM 287234796","place":"Köln","isDemo":false,"source":"© OpenStreetMap-Mitwirkende","sourceUrl":"https://www.openstreetmap.org/way/287234796","license":"ODbL 1.0","licenseUrl":"https://opendatacommons.org/licenses/odbl/1-0/","dataAsOf":"2026-09-18T10:54:21Z","positionNote":"Mittelpunkt des OSM-Umgrenzungsrechtecks; kein Eingang","kind":"Brunnen"}},{"type":"Feature","id":"osm-way-287234797","geometry":{"type":"Point","coordinates":[6.9444964,50.9480087]},"properties":{"theme":"water","name":"Brunnen · OSM 287234797","place":"Köln","isDemo":false,"source":"© OpenStreetMap-Mitwirkende","sourceUrl":"https://www.openstreetmap.org/way/287234797","license":"ODbL 1.0","licenseUrl":"https://opendatacommons.org/licenses/odbl/1-0/","dataAsOf":"2026-09-18T10:54:21Z","positionNote":"Mittelpunkt des OSM-Umgrenzungsrechtecks; kein Eingang","kind":"Brunnen"}},{"type":"Feature","id":"osm-way-287234798","geometry":{"type":"Point","coordinates":[6.9444234,50.9480649]},"properties":{"theme":"water","name":"Brunnen · OSM 287234798","place":"Köln","isDemo":false,"source":"© OpenStreetMap-Mitwirkende","sourceUrl":"https://www.openstreetmap.org/way/287234798","license":"ODbL 1.0","licenseUrl":"https://opendatacommons.org/licenses/odbl/1-0/","dataAsOf":"2026-09-18T10:54:21Z","positionNote":"Mittelpunkt des OSM-Umgrenzungsrechtecks; kein Eingang","kind":"Brunnen"}},{"type":"Feature","id":"osm-way-287234799","geometry":{"type":"Point","coordinates":[6.9443598,50.9480886]},"properties":{"theme":"water","name":"Brunnen · OSM 287234799","place":"Köln","isDemo":false,"source":"© OpenStreetMap-Mitwirkende","sourceUrl":"https://www.openstreetmap.org/way/287234799","license":"ODbL 1.0","licenseUrl":"https://opendatacommons.org/licenses/odbl/1-0/","dataAsOf":"2026-09-18T10:54:21Z","positionNote":"Mittelpunkt des OSM-Umgrenzungsrechtecks; kein Eingang","kind":"Brunnen"}},{"type":"Feature","id":"osm-way-33697271","geometry":{"type":"Point","coordinates":[6.9715549,50.959572]},"properties":{"theme":"water","name":"Brunnen · OSM 33697271","place":"Köln","isDemo":false,"source":"© OpenStreetMap-Mitwirkende","sourceUrl":"https://www.openstreetmap.org/way/33697271","license":"ODbL 1.0","licenseUrl":"https://opendatacommons.org/licenses/odbl/1-0/","dataAsOf":"2026-09-18T10:54:21Z","positionNote":"Mittelpunkt des OSM-Umgrenzungsrechtecks; kein Eingang","kind":"Brunnen"}},{"type":"Feature","id":"osm-way-373429850","geometry":{"type":"Point","coordinates":[6.9437346,50.9426383]},"properties":{"theme":"water","name":"Brunnen · OSM 373429850","place":"Köln","isDemo":false,"source":"© OpenStreetMap-Mitwirkende","sourceUrl":"https://www.openstreetmap.org/way/373429850","license":"ODbL 1.0","licenseUrl":"https://opendatacommons.org/licenses/odbl/1-0/","dataAsOf":"2026-09-18T10:54:21Z","positionNote":"Mittelpunkt des OSM-Umgrenzungsrechtecks; kein Eingang","kind":"Brunnen"}},{"type":"Feature","id":"osm-way-373429851","geometry":{"type":"Point","coordinates":[6.9429811,50.9426607]},"properties":{"theme":"water","name":"Brunnen · OSM 373429851","place":"Köln","isDemo":false,"source":"© OpenStreetMap-Mitwirkende","sourceUrl":"https://www.openstreetmap.org/way/373429851","license":"ODbL 1.0","licenseUrl":"https://opendatacommons.org/licenses/odbl/1-0/","dataAsOf":"2026-09-18T10:54:21Z","positionNote":"Mittelpunkt des OSM-Umgrenzungsrechtecks; kein Eingang","kind":"Brunnen"}},{"type":"Feature","id":"osm-way-373429852","geometry":{"type":"Point","coordinates":[6.9433583,50.9426502]},"properties":{"theme":"water","name":"Brunnen · OSM 373429852","place":"Köln","isDemo":false,"source":"© OpenStreetMap-Mitwirkende","sourceUrl":"https://www.openstreetmap.org/way/373429852","license":"ODbL 1.0","licenseUrl":"https://opendatacommons.org/licenses/odbl/1-0/","dataAsOf":"2026-09-18T10:54:21Z","positionNote":"Mittelpunkt des OSM-Umgrenzungsrechtecks; kein Eingang","kind":"Brunnen"}},{"type":"Feature","id":"osm-way-48472133","geometry":{"type":"Point","coordinates":[6.9415293,50.943788]},"properties":{"theme":"water","name":"Brunnen · OSM 48472133","place":"Köln","isDemo":false,"source":"© OpenStreetMap-Mitwirkende","sourceUrl":"https://www.openstreetmap.org/way/48472133","license":"ODbL 1.0","licenseUrl":"https://opendatacommons.org/licenses/odbl/1-0/","dataAsOf":"2026-09-18T10:54:21Z","positionNote":"Mittelpunkt des OSM-Umgrenzungsrechtecks; kein Eingang","kind":"Brunnen"}},{"type":"Feature","id":"osm-way-512673480","geometry":{"type":"Point","coordinates":[6.9670659,50.9629435]},"properties":{"theme":"water","name":"Brunnen · OSM 512673480","place":"Köln","isDemo":false,"source":"© OpenStreetMap-Mitwirkende","sourceUrl":"https://www.openstreetmap.org/way/512673480","license":"ODbL 1.0","licenseUrl":"https://opendatacommons.org/licenses/odbl/1-0/","dataAsOf":"2026-09-18T10:54:21Z","positionNote":"Mittelpunkt des OSM-Umgrenzungsrechtecks; kein Eingang","kind":"Brunnen"}},{"type":"Feature","id":"osm-way-544963765","geometry":{"type":"Point","coordinates":[6.9596782,50.9435895]},"properties":{"theme":"water","name":"Brunnen · OSM 544963765","place":"Köln","isDemo":false,"source":"© OpenStreetMap-Mitwirkende","sourceUrl":"https://www.openstreetmap.org/way/544963765","license":"ODbL 1.0","licenseUrl":"https://opendatacommons.org/licenses/odbl/1-0/","dataAsOf":"2026-09-18T10:54:21Z","positionNote":"Mittelpunkt des OSM-Umgrenzungsrechtecks; kein Eingang","kind":"Brunnen"}},{"type":"Feature","id":"osm-way-54739168","geometry":{"type":"Point","coordinates":[6.9439721,50.9133496]},"properties":{"theme":"water","name":"Brunnen · OSM 54739168","place":"Köln","isDemo":false,"source":"© OpenStreetMap-Mitwirkende","sourceUrl":"https://www.openstreetmap.org/way/54739168","license":"ODbL 1.0","licenseUrl":"https://opendatacommons.org/licenses/odbl/1-0/","dataAsOf":"2026-09-18T10:54:21Z","positionNote":"Mittelpunkt des OSM-Umgrenzungsrechtecks; kein Eingang","kind":"Brunnen"}},{"type":"Feature","id":"osm-way-663232436","geometry":{"type":"Point","coordinates":[6.9717646,50.9370016]},"properties":{"theme":"water","name":"Brunnen · OSM 663232436","place":"Köln","isDemo":false,"source":"© OpenStreetMap-Mitwirkende","sourceUrl":"https://www.openstreetmap.org/way/663232436","license":"ODbL 1.0","licenseUrl":"https://opendatacommons.org/licenses/odbl/1-0/","dataAsOf":"2026-09-18T10:54:21Z","positionNote":"Mittelpunkt des OSM-Umgrenzungsrechtecks; kein Eingang","kind":"Brunnen"}},{"type":"Feature","id":"osm-way-690560215","geometry":{"type":"Point","coordinates":[6.952948,50.9267851]},"properties":{"theme":"water","name":"Brunnen · OSM 690560215","place":"Köln","isDemo":false,"source":"© OpenStreetMap-Mitwirkende","sourceUrl":"https://www.openstreetmap.org/way/690560215","license":"ODbL 1.0","licenseUrl":"https://opendatacommons.org/licenses/odbl/1-0/","dataAsOf":"2026-09-18T10:54:21Z","positionNote":"Mittelpunkt des OSM-Umgrenzungsrechtecks; kein Eingang","kind":"Brunnen"}},{"type":"Feature","id":"osm-way-709707913","geometry":{"type":"Point","coordinates":[6.8883409,50.9395304]},"properties":{"theme":"water","name":"Brunnen · OSM 709707913","place":"Köln","isDemo":false,"source":"© OpenStreetMap-Mitwirkende","sourceUrl":"https://www.openstreetmap.org/way/709707913","license":"ODbL 1.0","licenseUrl":"https://opendatacommons.org/licenses/odbl/1-0/","dataAsOf":"2026-09-18T10:54:21Z","positionNote":"Mittelpunkt des OSM-Umgrenzungsrechtecks; kein Eingang","kind":"Brunnen"}}]}